unique_id|competitor_name|extraction_date|product_name|brand|regular_price|selling_price|promotion_price|promotion_valid_from|promotion_valid_upto|promotion_type|promotion_description|currency|breadcrumb|producthierarchy_level1|producthierarchy_level2|producthierarchy_level3|producthierarchy_level4|producthierarchy_level5|pdp_url|variants|product_description|country_of_origin|color|model_number|size|rating|review|competitor_product_key|upc|Gender|clothing_type|variant_color|material|material_composition|Clothing_Length|Fastener_Closure_Type|Rise_Pants_capris_leg_wear|clothing_fit|Body_fit|features|clothing_weight|stretch|care_instructions|image_url_1|image_url_2|image_url_3
90534178|target|2025-06-03|Wrangler Men's ATG Straight Cargo Pants|Wrangler|34.99|34.99||||||dollar|target > Clothing, Shoes & Accessories > Men’s Clothing > Bottoms|target|Clothing, Shoes & Accessories|Men’s Clothing|Bottoms||https://www.target.com/p/wrangler-men-39-s-atg-straight-cargo-pants/-/A-90534178||The Wrangler® Outdoor ATG Range Cargo Pant combines the best of Wrangler style with rugged functionality. This regular fit pant features flap cargo pockets, a zippered back pocket, and a reinforced kick plate for enhanced durability, with a gusseted crotch and articulated knees for maximum mobility. With added moisture-wicking properties and UPF 40+ protection, this pant will make sure you stay comfortable and protected in even the toughest environments.|US||90534178|https://digitalcontent.target.com/itemcontent/sizecharts/htmlfragments/men-bottoms/wrangler/bottoms.html|4.32|64|90534178|90534178|Mens|Pants|None|74% Cotton, 24% Nylon, 2% Elastane|74% Cotton, 24% Nylon, 2% Elastane|Full|None|None|Straight Leg with a Regular Fit|None|Cargo Pocket|Heavyweight Fabric|Stretch|Machine Wash, Tumble Dry|https://target.scene7.com/is/image/Target/GUEST_71617d2c-53e5-4abf-a4ce-17c48d724d2e|https://target.scene7.com/is/image/Target/GUEST_e96bdf09-144c-43aa-b69c-6adc0f411d5d|https://target.scene7.com/is/image/Target/GUEST_edce8dc0-2fa5-4142-8924-017a938fde6b
90534181|target|2025-06-03|Wrangler Men's ATG Relaxed Cargo Pants|Wrangler|29.99|29.99||||||dollar|target > Clothing, Shoes & Accessories > Men’s Clothing > Bottoms|target|Clothing, Shoes & Accessories|Men’s Clothing|Bottoms||https://www.target.com/p/wrangler-men-39-s-atg-relaxed-cargo-pants/-/A-90534181||With the Wrangler® Outdoor ATG Aspen Cargo Pant, you can enjoy comfort and versatility no matter where your journey takes you. This relaxed-fit cargo pant features an elastic waistband and comes equipped with a drop-in cell phone pocket and secure cargo pockets to keep your essentials safe. They’re crafted from quality cotton with our two-way stretch technology to let them move with you anywhere you take them, from hiking trails to backyard cookouts.|US||90534181|https://digitalcontent.target.com/itemcontent/sizecharts/htmlfragments/men-bottoms/wrangler/bottoms.html|4.55|180|90534181|90534181|Mens|Pants|None|98% Cotton, 2% Spandex|98% Cotton, 2% Spandex|Full|None|None|Relaxed Leg with a Relaxed Fit|None|Cargo Pocket|Heavyweight Fabric|Stretch|Machine Wash, Tumble Dry|https://target.scene7.com/is/image/Target/GUEST_c1e07c96-6cfe-4058-b284-b80c78206547|https://target.scene7.com/is/image/Target/GUEST_0bfe65aa-6d84-47fa-97e3-2da3121b75e3|https://target.scene7.com/is/image/Target/GUEST_32a594f1-19d4-4117-9adc-ef7e6690c42e
93299350|target|2025-06-03|Men's Vintage Relaxed Straight Fit Utility Pants - Goodfellow & Co™|Goodfellow & Co|40.00|40.00||||||dollar|target > Clothing, Shoes & Accessories > Men’s Clothing > Bottoms|target|Clothing, Shoes & Accessories|Men’s Clothing|Bottoms||https://www.target.com/p/men-s-vintage-relaxed-straight-fit-utility-pants-goodfellow-co/-/A-93299350||Enhance your outerwear collection with these Vintage Relaxed Straight Fit Utility Pants from Goodfellow & Co™. Made from 100% cotton, these mid-rise utility pants provide all-day comfort. Featuring a fly button and zipper for a secure fit, these full-length pants are designed with relaxed legs for breathability. Plus, they have two front and back pockets that offer ample space to stash your everyday essentials. Goodfellow & Co™: Feel good in what you wear, anywhere.|US||93299350|https://digitalcontent.target.com/itemcontent/sizecharts/htmlfragments/men-clothing/all-in-motion-goodfellow-original-use/mens-clothing.html|4.5|4|93299350|93299350|Mens|Pants|None|100% Cotton|100% Cotton|Full|None|None|Relaxed Leg with a Relaxed Fit|None|Coin Pocket, Back Pocket, Front Pocket|Midweight Fabric|No Stretch|Machine Wash, Tumble Dry|https://target.scene7.com/is/image/Target/GUEST_bc128a9d-8eac-457b-be04-90e4c77e9310|https://target.scene7.com/is/image/Target/GUEST_0d83ef47-c7d1-41d1-b4a1-33d4aba6d891|https://target.scene7.com/is/image/Target/GUEST_52ff61a7-ace1-4784-a701-7d7154b0d313
88761468|target|2025-06-03|Men's Hooded Zip-Up Sweatshirt - Goodfellow & Co™|Goodfellow & Co|23.00|23.00||||||dollar|target > Clothing, Shoes & Accessories > Men’s Clothing > Tops > Sweatshirts & Hoodies|target|Clothing, Shoes & Accessories|Men’s Clothing|Tops|Sweatshirts & Hoodies|https://www.target.com/p/men-39-s-hooded-sweatshirt-goodfellow-38-co-8482/-/A-88761468||Update your clothing for coolers days with this Hooded Collared Sweatshirt from Goodfellow & Co™. This long-sleeve sweatshirt fashioned in a regular fit features a hood with drawstring and a zip-up front for easy layering. The midweight cotton-blend material offers comfy wear, and the front kangaroo pocket comes in handy for keeping your hands warm or stashing small essentials. Layer this sweatshirt over a tee with joggers, jeans or shorts for effortless laid-back styling. Goodfellow & Co™: Where style & fit are always in good company..|US||88761468|https://digitalcontent.target.com/itemcontent/sizecharts/htmlfragments/men-clothing/all-in-motion-goodfellow-original-use/mens-clothing.html|4.35|306|88761468|88761468|Mens|Sweatshirts|None|55% Cotton, 45% Recycled Polyester|55% Cotton, 45% Recycled Polyester|None|None|None|Regular Fit|None|Drawstring Hood|Midweight Fabric|None|Machine Wash, Tumble Dry|https://target.scene7.com/is/image/Target/GUEST_f7aeda99-1f1c-42d9-9783-e9fdeced0a1b|https://target.scene7.com/is/image/Target/GUEST_8cd9df82-b3f8-418f-a1c4-2b9a0ac91e6f|https://target.scene7.com/is/image/Target/GUEST_f7d28830-0ffb-4d98-971b-a937bfa2ea84
88552432|target|2025-06-03|Men's Hooded Sweatshirt - Goodfellow & Co™|Goodfellow & Co|23.00|23.00||||||dollar|target > Clothing, Shoes & Accessories > Men’s Clothing > Tops > Sweatshirts & Hoodies|target|Clothing, Shoes & Accessories|Men’s Clothing|Tops|Sweatshirts & Hoodies|https://www.target.com/p/men-39-s-regular-fit-hooded-sweatshirt-goodfellow-38-co-8482/-/A-88552432||Upgrade your cool-weather closet with this Regular Fit Hooded Collared Sweatshirt from Goodfellow & Co™. The long-sleeve hoodie is made from midweight cotton-blend fabric to keep you in cozy comfort, and it's designed with ribbed cuffs and a ribbed hem for a snug fit. It features an adjustable drawstring neckline, along with a kangaroo pocket for functional flair. Just slip it on with pants of your choice for effortless styling.Goodfellow & Co™: Where style & fit are always in good company.|US||88552432|https://digitalcontent.target.com/itemcontent/sizecharts/htmlfragments/men-clothing/all-in-motion-goodfellow-original-use/mens-clothing.html|4.7|275|88552432|88552432|Mens|Sweatshirts|None|55% Cotton, 45% Recycled Polyester|55% Cotton, 45% Recycled Polyester|None|None|None|Standard Fit|None|Drawstring Hood|Midweight Fabric|None|Machine Wash, Tumble Dry|https://target.scene7.com/is/image/Target/GUEST_96812976-144a-4af9-b8d3-65714f9b8305|https://target.scene7.com/is/image/Target/GUEST_7dc60bac-4c21-484f-ae40-f8e3e0a958a0|https://target.scene7.com/is/image/Target/GUEST_a06adf05-7b72-4a8c-9904-98dc55aa0a31
54264873|target|2025-06-03|Men's Short Sleeve 4pk Crewneck T-Shirt - Goodfellow & Co™|Goodfellow & Co|20.00|20.00||||||dollar|target > Clothing, Shoes & Accessories > Men’s Clothing > Tops|target|Clothing, Shoes & Accessories|Men’s Clothing|Tops||https://www.target.com/p/men-s-short-sleeve-4pk-crewneck-t-shirt-goodfellow-co/-/A-54264873||From a relaxed setting at home to a busy day at work, complete your everyday outfit with this Pack of 4 Short-Sleeve Crew-Neck T-Shirts from Goodfellow & Co™. Made from soft and lightweight 100% cotton fabric, each of these short-sleeve white tees makes a great stand-alone option for casual-cool looks, while also making the perfect base layer underneath your button downs or sweaters when it gets cold. No matter how you wear these white crewneck T-shirts, you'll love the versatility they bring to your everyday wardrobe.|US||54264873|https://digitalcontent.target.com/itemcontent/sizecharts/htmlfragments/men-clothing/all-in-motion-goodfellow-original-use/mens-clothing.html|4.69|4228|54264873|54264873|Mens|Shirts|None|100% Cotton|100% Cotton|None|None|None|Regular Fit|None|No Pocket|Lightweight Fabric|None|Machine Wash, Tumble Dry|https://target.scene7.com/is/image/Target/GUEST_150d8a40-703e-49e7-a123-5024d1553179|None|None
90534927|target|2025-06-03|"Wrangler Men's ATG Flex 10"" Cargo Shorts"|Wrangler|29.99|29.99||||||dollar|target > Clothing, Shoes & Accessories > Men’s Clothing > Bottoms|target|Clothing, Shoes & Accessories|Men’s Clothing|Bottoms||https://www.target.com/p/wrangler-men-39-s-atg-flex-10-34-cargo-shorts/-/A-90534927||Conquer the great outdoors in the Wrangler® ATG Flex Cargo Short. This relaxed-fit short features a 10” inseam and are crafted from a comfortable cotton blend with a hint of stretch. The double cargo pockets and slash front pockets bring plenty of storage, while UPF40+ protection and moisture-wicking add all-day comfort. Equipped with a constructed waistband and 2-way stretch, this cargo short is the perfect fit for any outdoorsman.|US||90534927|https://digitalcontent.target.com/itemcontent/sizecharts/htmlfragments/men-bottoms/wrangler/bottoms.html|4.69|60|90534927|90534927|Mens|Shorts|None|74% Cotton, 24% Recycled Nylon, 2% Spandex|74% Cotton, 24% Recycled Nylon, 2% Spandex|At Knee|None|None|Relaxed Fit|None|Cargo Pocket|Heavyweight Fabric|Stretch|Machine Wash, Tumble Dry|https://target.scene7.com/is/image/Target/GUEST_33607e2f-cbe6-4bdb-9cbb-8b06df22a5e6|https://target.scene7.com/is/image/Target/GUEST_0551271a-0e25-47e3-8ecc-10db42098063|https://target.scene7.com/is/image/Target/GUEST_2e6dd03b-93d2-4697-8ce7-1f72cd93e5a3
90534123|target|2025-06-03|Wrangler Men's ATG Synthetic Straight Utility Pants|Wrangler|34.99|34.99||||||dollar|target > Clothing, Shoes & Accessories > Men’s Clothing > Bottoms|target|Clothing, Shoes & Accessories|Men’s Clothing|Bottoms||https://www.target.com/p/wrangler-men-39-s-atg-synthetic-straight-utility-pants/-/A-90534123||With the Wrangler Men's ATG Synthetic Straight Utility Pants you can step out for outdoor adventures in comfort and style. Crafted from a blend of nylon and stretchy spandex, these pants offer flexibility for all your activities. The fly button and zipper closure ensure a secure fit, while the zippered pocket adds functionality for storing essentials like keys or a wallet. Whether you're hiking, camping, or simply enjoying a day out in nature, these midweight pants are up for the challenge.|US||90534123|https://digitalcontent.target.com/itemcontent/sizecharts/htmlfragments/men-bottoms/wrangler/bottoms.html|4.42|117|90534123|90534123|Mens|Pants|None|96% Nylon, 4% Spandex|96% Nylon, 4% Spandex|Full|None|None|Straight Leg with a Regular Fit|None|Zippered Pocket|Midweight Fabric|Stretch|Machine Wash, Tumble Dry|https://target.scene7.com/is/image/Target/GUEST_ad03cb94-f8a7-4513-bb55-5cb245b3e3aa|https://target.scene7.com/is/image/Target/GUEST_b522ebe1-6f35-4a6e-81d1-ec958b6a0812|https://target.scene7.com/is/image/Target/GUEST_7f1a2fda-9b29-4cf2-8581-6541d42eb2be
82983369|target|2025-06-03|Hanes Red Label Men's Crewneck Dyed T-Shirt 6pk - Black/Gray/Blue|Hanes|22.00|22.00||||||dollar|target > Clothing, Shoes & Accessories > Men’s Clothing > Tops|target|Clothing, Shoes & Accessories|Men’s Clothing|Tops||https://www.target.com/p/hanes-red-label-men-s-crewneck-dyed-t-shirt-6pk-black-gray-blue/-/A-82983369||This Hanes® men’s t-shirt multi-pack takes a basic you thought you knew and makes it even better. You'll love the lay-flat crewneck collar, tag-free design, and extra-long length that ensures these essential men’s undershirts stay tucked in. Made with Cool Comfort® moisture-wicking fabric, you’ll stay cool and comfortable no matter how long your day is. Stock up on these cotton tees in a convenient multi-pack and start wearing a better-than-basic undershirt.|US||82983369|https://digitalcontent.target.com/itemcontent/sizecharts/htmlfragments/men-underwear/hanes/hanes-mens-underwear.html|4.29|806|82983369|82983369|Mens|Shirts|None|100% Cotton|100% Cotton|None|None|None|Classic Fit|None|No Pocket, Tagless, Breathable Fabric, Moisture Wicking Fabric|Lightweight Fabric|None|Machine Wash, Tumble Dry|https://target.scene7.com/is/image/Target/GUEST_e6b7da64-014e-4bfd-8e7a-b706f531b06a|https://target.scene7.com/is/image/Target/GUEST_e3517e5e-f1a1-4f9f-ab40-8ffbd89437e9|https://target.scene7.com/is/image/Target/GUEST_f25f4d21-fe29-4b12-92e6-66cdf69098fe
94769858|target|2025-06-03|Men's Every Wear Short Sleeve T-Shirt - Goodfellow & Co™|Goodfellow & Co|6.008.00|6.008.00||||||dollar|target > Clothing, Shoes & Accessories > Men’s Clothing > Tops|target|Clothing, Shoes & Accessories|Men’s Clothing|Tops||https://www.target.com/p/men-s-every-wear-short-sleeve-t-shirt-goodfellow-co/-/A-94769858|||US||94769858|https://digitalcontent.target.com/itemcontent/sizecharts/htmlfragments/men-clothing/all-in-motion-goodfellow-original-use/mens-clothing.html|4.73|4618|94769858|94769858|Mens|Shirts|None|60% Cotton, 40% Recycled Polyester|60% Cotton, 40% Recycled Polyester|None|None|None|Standard Fit|None|No Pocket|Midweight Fabric|None|Machine Wash, Tumble Dry|https://target.scene7.com/is/image/Target/GUEST_c552ae27-01ab-4a0d-b7a8-20eb30e459d3|https://target.scene7.com/is/image/Target/GUEST_e29f5a4f-57c0-40d5-9cf1-df06716f24fc|https://target.scene7.com/is/image/Target/GUEST_7f3735e6-8c5d-4f46-a89f-a0dc9e50c48a
53098091|target|2025-06-03|Men's Odor Resistant Socks 6pk - Goodfellow & Co™ - 6-12|Goodfellow & Co|10.00|10.00||||||dollar|target > Clothing, Shoes & Accessories > Activewear > Men’s Activewear|target|Clothing, Shoes & Accessories|Activewear|Men’s Activewear||https://www.target.com/p/men-s-odor-resistant-socks-6pk-goodfellow-co-6-12/-/A-53098091||Practical in design and ultra comfy for everyday wear, these Athletic Socks from Goodfellow & Co™ are a must-have in your sock drawer. These crew socks are comfortable and stretchy, thanks to a soft cotton-blend construction with convenient venting that makes for a breathable fit. Arch support and a reinforced heel and toe add to the comfort.|US||53098091|https://digitalcontent.target.com/itemcontent/sizecharts/htmlfragments/men-accessories/owned-brand-socks/mens-owned-brand-socks.html|4.58|947|53098091|53098091|Mens|Socks|None|66% Cotton, 29% Recycled Polyester, 2% Polyester, 2% Spandex, 1% Nylon|66% Cotton, 29% Recycled Polyester, 2% Polyester, 2% Spandex, 1% Nylon|None|None|None|None|None|Reinforced Toe, Ventilating Mesh, Arch Support, No Cuff, Reinforced Heel|Lightweight Fabric|None|Machine Wash, Tumble Dry|https://target.scene7.com/is/image/Target/GUEST_2144ec1e-a190-4a75-9c89-8a51f9e85c9e|https://target.scene7.com/is/image/Target/GUEST_8c40e151-2dff-4129-9af3-f7640521e813|https://target.scene7.com/is/image/Target/GUEST_baad8060-fc1e-44e6-983d-158935124af5
53098093|target|2025-06-03|Men's Odor Resistant No Show Socks 6pk - Goodfellow & Co™ 6-12|Goodfellow & Co|10.00|10.00||||||dollar|target > Clothing, Shoes & Accessories > Activewear > Men’s Activewear|target|Clothing, Shoes & Accessories|Activewear|Men’s Activewear||https://www.target.com/p/men-s-odor-resistant-no-show-socks-6pk-goodfellow-co-6-12/-/A-53098093||Practical in design and ultra comfy for everyday wear, these No Show Socks from Goodfellow & Co™ are a must-have in your sock drawer. These no-show socks are comfortable and stretchy, thanks to a soft cotton-blend construction with convenient venting that makes for a breathable fit. Arch support and a reinforced heel and toe add to the comfort.|US||53098093|https://digitalcontent.target.com/itemcontent/sizecharts/htmlfragments/men-accessories/owned-brand-socks/mens-owned-brand-socks.html|4.55|727|53098093|53098093|Mens|Socks|None|66% Cotton, 29% Recycled Polyester, 2% Polyester, 2% Spandex, 1% Nylon|66% Cotton, 29% Recycled Polyester, 2% Polyester, 2% Spandex, 1% Nylon|None|None|None|None|None|Reinforced Toe, Ventilating Mesh, Arch Support, No Cuff, Reinforced Heel|Lightweight Fabric|None|Machine Wash, Tumble Dry|https://target.scene7.com/is/image/Target/GUEST_b828fb90-65a8-4436-99eb-d8453db7c051|https://target.scene7.com/is/image/Target/GUEST_e0e5f2ba-2a2c-4b45-8f38-512024ba7671|https://target.scene7.com/is/image/Target/GUEST_e2ad61ef-116c-4a3e-88bd-b5667a72086f
54247271|target|2025-06-03|Men's Every Wear Short Sleeve T-Shirt - Goodfellow & Co™|Goodfellow & Co|6.808.00|6.808.00||||||dollar|target > Clothing, Shoes & Accessories > Men’s Clothing > Tops|target|Clothing, Shoes & Accessories|Men’s Clothing|Tops||https://www.target.com/p/men-s-every-wear-short-sleeve-t-shirt-goodfellow-co/-/A-54247271||You'll be full of style and comfort when you put on this Short Sleeve Perfect T-Shirt from Goodfellow & Co™. This standard fit short-sleeve tee features a solid color along with a classic crew-neck construction, giving you a touch of timeless style that can easily be paired with a variety of bottoms. Made from a soft, cotton-blend fabric, this solid crewneck tee keeps you comfortable throughout your day and works great as a stand-alone or layering option. Pair it with anything from shorts to chinos to jeans for a versatile look that you're sure to appreciate.|US||54247271|https://digitalcontent.target.com/itemcontent/sizecharts/htmlfragments/men-clothing/all-in-motion-goodfellow-original-use/mens-clothing.html|4.68|4149|54247271|54247271|Mens|Shirts|None|60% Cotton, 40% Recycled Polyester|60% Cotton, 40% Recycled Polyester|None|None|None|Standard Fit|None|No Pocket|Lightweight Fabric|None|Machine Wash, Tumble Dry|https://target.scene7.com/is/image/Target/GUEST_fbdc99ff-aa9e-4909-afda-bd63220a2744|https://target.scene7.com/is/image/Target/GUEST_0a535a17-856a-4d99-bf56-116d28701b6c|https://target.scene7.com/is/image/Target/GUEST_e967798e-b941-4f92-9301-fd2f03bf2aa5
53098094|target|2025-06-03|Men's Odor Resistant Quarter Socks 6pk - Goodfellow & Co™ 6-12|Goodfellow & Co|10.00|10.00||||||dollar|target > Clothing, Shoes & Accessories > Activewear > Men’s Activewear|target|Clothing, Shoes & Accessories|Activewear|Men’s Activewear||https://www.target.com/p/men-s-odor-resistant-quarter-socks-6pk-goodfellow-co-6-12/-/A-53098094||Practical in design and ultra comfy for everyday wear, these Athletic Socks from Goodfellow & Co™ are a must-have in your sock drawer. These ankle-length socks are comfortable and stretchy, thanks to a soft cotton-blend construction with convenient venting that makes for a breathable fit. Arch support and a reinforced heel and toe add to the comfort.|US||53098094|https://digitalcontent.target.com/itemcontent/sizecharts/htmlfragments/men-accessories/owned-brand-socks/mens-owned-brand-socks.html|4.64|725|53098094|53098094|Mens|Socks|None|66% Cotton, 29% Recycled Polyester, 2% Polyester, 2% Spandex, 1% Nylon|66% Cotton, 29% Recycled Polyester, 2% Polyester, 2% Spandex, 1% Nylon|None|None|None|None|None|Reinforced Toe, Ventilating Mesh, Arch Support, No Cuff, Reinforced Heel|Lightweight Fabric|None|Machine Wash, Tumble Dry|https://target.scene7.com/is/image/Target/GUEST_c3eab50f-dbc3-4ca0-a278-5fbbbf67b364|https://target.scene7.com/is/image/Target/GUEST_e8edc3f2-bbdf-498a-93cc-b0db300cefec|https://target.scene7.com/is/image/Target/GUEST_f7945e05-1ec1-4061-a3f6-21ab5669d310
53186525|target|2025-06-03|Men's Odor Resistant Crew Socks 10pk - Goodfellow & Co™ 6-12|Goodfellow & Co|15.00|15.00||||||dollar|target > Clothing, Shoes & Accessories > Activewear > Men’s Activewear|target|Clothing, Shoes & Accessories|Activewear|Men’s Activewear||https://www.target.com/p/men-s-odor-resistant-crew-socks-10pk-goodfellow-co-6-12/-/A-53186525||Refresh your sock drawer with this 10-Pack of Athletic Crew Socks from Goodfellow & Co™. These classic crew socks are soft and comfortable, offering a great go-to for the gym, office and home alike.Goodfellow & Co™: Where style & fit are always in good company.If you’re not satisfied with any Target Owned Brand item, return it within one year with a receipt for an exchange or a refund.|US||53186525|https://digitalcontent.target.com/itemcontent/sizecharts/htmlfragments/men-accessories/owned-brand-socks/mens-owned-brand-socks.html|4.58|1508|53186525|53186525|Mens|Socks|None|73% Cotton, 24% Recycled Polyester, 1% Spandex, 1% Nylon, 1% Polyester|73% Cotton, 24% Recycled Polyester, 1% Spandex, 1% Nylon, 1% Polyester|None|None|None|None|None|Reinforced Toe, No Cuff, Reinforced Heel|Lightweight Fabric|None|Machine Wash, Tumble Dry|https://target.scene7.com/is/image/Target/GUEST_e17392ef-602d-43c9-a14b-61cc476fc58b|None|None
54264871|target|2025-06-03|Men's 4pk Ribbed Tank Top - Goodfellow & Co™|Goodfellow & Co|20.00|20.00||||||dollar|target > Clothing, Shoes & Accessories > Men’s Clothing > Tops|target|Clothing, Shoes & Accessories|Men’s Clothing|Tops||https://www.target.com/p/men-s-4pk-ribbed-tank-top-goodfellow-co/-/A-54264871||Feel great throughout any season with this Pack of 4 Ribbed Tank Tops from Goodfellow & Co™ in your wardrobe. Made from a 100% cotton fabric for comfort, this pack of black tank tops features a classic scoop neckline that makes for an easy layering option under your jackets, or T-shirts or button downs, or you can wear it alone during the warmer temps. Perfect for pairing with any bottoms, from shorts to joggers to jeans, this ribbed tank top set makes a great wardrobe essential that keeps you looking sleek while helping you maintain breathable comfort throughout your day.|US||54264871|https://digitalcontent.target.com/itemcontent/sizecharts/htmlfragments/men-clothing/all-in-motion-goodfellow-original-use/mens-clothing.html|4.61|2123|54264871|54264871|Mens|Shirts|None|100% Cotton|100% Cotton|None|None|None|Regular Fit|None|No Pocket|Year Round Fabric Construction|None|Machine Wash, Tumble Dry|https://target.scene7.com/is/image/Target/GUEST_4dd5526f-bdae-476c-abea-fe11e6ee613f|https://target.scene7.com/is/image/Target/GUEST_e04e585c-78dd-4893-a558-27f05eba8d61|https://target.scene7.com/is/image/Target/GUEST_6227d02a-6cc4-4705-8e72-43578b72af9b
78791020|target|2025-06-03|Men's Boxer Briefs 5pk - Goodfellow & Co™|Goodfellow & Co|20.00|20.00||||||dollar|target > Clothing, Shoes & Accessories > Men’s Clothing > Underwear|target|Clothing, Shoes & Accessories|Men’s Clothing|Underwear||https://www.target.com/p/men-s-boxer-briefs-5pk-goodfellow-co/-/A-78791020||These Boxer Briefs from Goodfellow & Co™ are a great option for everyday comfort. Featuring a classic design that falls to the thigh, these black and gray boxer briefs feel great under anything from slacks to shorts, and the cotton construction with added spandex offers breathability and mobility. These mid-rise boxer briefs will help you stay comfortable and relaxed no matter what your day holds — from a day at the office to a night at home.|US||78791020|https://digitalcontent.target.com/itemcontent/sizecharts/htmlfragments/men-clothing/all-in-motion-goodfellow-original-use/mens-clothing.html|4.64|1903|78791020|78791020|Mens|Underwear|None|95% Cotton, 5% Spandex|95% Cotton, 5% Spandex|At Thigh|None|None|None|None|Full Waistband Elastic|Lightweight Fabric|None|Machine Wash, Tumble Dry|https://target.scene7.com/is/image/Target/GUEST_d3544f38-0528-482e-aa99-afda7e32ed9d|None|None
92688600|target|2025-06-03|"Men's 7"" Solid-Color Swim Trunks - Goodfellow & Co™"|Goodfellow & Co|12.7515.00|12.7515.00||||||dollar|target > Clothing, Shoes & Accessories > Men’s Clothing > Swimsuits|target|Clothing, Shoes & Accessories|Men’s Clothing|Swimsuits||https://www.target.com/p/men-s-7-regular-fit-swim-shorts-goodfellow-co/-/A-92688600||Take on sunny days in classic style in these Regular-Fit Swim Shorts from Goodfellow & Co™. Made from nylon fabric with water-repellent treatment and 100% recycled polyester mesh liner, these regular-fit swim shorts offer complete comfort in or out of the water. The UPF 50+ rated material helps keep your skin shielded from the sun, while the full elastic waistband with a front drawstring provides a secure fit. Plus, two side pockets and one back pocket come in handy for stashing small essentials. Designed in a solid hue, these swim shorts make a great pairing with different tees, tanks or rash guards.Goodfellow & Co™: Feel good in what you wear, anywhere.|US||92688600|https://digitalcontent.target.com/itemcontent/sizecharts/htmlfragments/men-clothing/all-in-motion-goodfellow-original-use/mens-clothing.html|4.44|415|92688600|92688600|Mens|Swimsuit Bottoms|None|100% Nylon|100% Nylon|Above Knee|None|None|Regular Fit|None|Adjustable Waistband, Mesh Liner, Full Waistband Elastic, Quick Drying Fabric|None|None|Machine Wash, Tumble Dry|https://target.scene7.com/is/image/Target/GUEST_81ed3a64-2bf4-4380-bfcc-0f0e24b4797e|https://target.scene7.com/is/image/Target/GUEST_d6c82fd5-5970-479d-a008-e1fc7326958c|https://target.scene7.com/is/image/Target/GUEST_8f92c3f3-0011-4019-9da8-f2ee2d698142
81410349|target|2025-06-03|"Men's Unlined Run Shorts 7"" - All In Motion™"|All In Motion|15.0020.00|15.0020.00||||||dollar|target > Clothing, Shoes & Accessories > Men’s Clothing > Bottoms|target|Clothing, Shoes & Accessories|Men’s Clothing|Bottoms||https://www.target.com/p/men-s-unlined-run-shorts-7-all-in-motion/-/A-81410349||Why we're ALL IN:Run, walk and go about your day in a pair of comfy running shorts designed to keep you cool and dry, thanks to a moisture-wicking, quick-dry fabric. Four-way stretch and side slits offer greater range of motion. The secure drawstring waistband makes sure you get a perfect fit every time, while side pockets and a back zipper pocket lend hands-free convenience.When families come together to discover the joy of staying active, All in Motion is there to make it easy and comfortable to embrace a bustling lifestyle. From running errands to running intervals, the collection AIMs to propel you forward with thoughtfully designed pieces that fit and feel great — movement is the core of this performance line, with a 100% satisfaction guarantee.|US||81410349|https://digitalcontent.target.com/itemcontent/sizecharts/htmlfragments/men-clothing/all-in-motion-goodfellow-original-use/mens-clothing.html|4.58|415|81410349|81410349|Mens|Athletic Bottoms|None|86% Recycled Polyester, 14% Spandex|86% Recycled Polyester, 14% Spandex|Above Knee|None|None|Athletic Fit|None|Zippered Pocket, Full Waistband Elastic, Drawstring Waistband|Lightweight Fabric|None|Machine Wash, Tumble Dry|https://target.scene7.com/is/image/Target/GUEST_d97c42f1-786a-4688-aa16-801ad5901ccc|https://target.scene7.com/is/image/Target/GUEST_e74b1514-aeba-4d3a-b1bb-457b7c59fc96|https://target.scene7.com/is/image/Target/GUEST_d6614aa5-370c-4a46-adf7-55ba41c16110
53186529|target|2025-06-03|Men's Quarter Socks 10pk - Goodfellow & Co™ 6-12|Goodfellow & Co|15.00|15.00||||||dollar|target > Clothing, Shoes & Accessories > Activewear > Men’s Activewear|target|Clothing, Shoes & Accessories|Activewear|Men’s Activewear||https://www.target.com/p/men-s-quarter-socks-10pk-goodfellow-co-153-6-12/-/A-53186529||Simple in design yet ultra practical for everyday wear, this Men's 10-Pack Quarter Athletic Socks from Goodfellow & Co™ is a must-have in your sock drawer. These men’s ankle socks are comfortable thanks to a soft cotton-blend material. 74% Cotton, 20% Polyester, 4% Nylon, 2% SpandexGoodfellow & Co™: Where style & fit are always in good company.|US||53186529|https://digitalcontent.target.com/itemcontent/sizecharts/htmlfragments/men-accessories/owned-brand-socks/mens-owned-brand-socks.html|4.5|839|53186529|53186529|Mens|Socks|None|75% Cotton, 21% Recycled Polyester, 2% Spandex, 1% Nylon, 1% Polyester|75% Cotton, 21% Recycled Polyester, 2% Spandex, 1% Nylon, 1% Polyester|None|None|None|None|None|Reinforced Toe, No Cuff, Reinforced Heel|Lightweight Fabric|None|Machine Wash, Tumble Dry|https://target.scene7.com/is/image/Target/GUEST_6b503243-29a0-444a-bd55-fe1b0695ffa5|None|None
89725737|target|2025-06-03|"Men's Stretch Woven Shorts 7"" - All In Motion™"|All In Motion|20.00|20.00||||||dollar|target > Clothing, Shoes & Accessories > Men’s Clothing > Bottoms|target|Clothing, Shoes & Accessories|Men’s Clothing|Bottoms||https://www.target.com/p/men-s-stretch-woven-shorts-7-all-in-motion/-/A-89725737||Why we're ALL IN:Solid-color woven shorts made from lightweight fabric with spandex for stretchy comfort and ease of movement. Tailored in a regular-rise cut, these loose-fit shorts feature side vents and a ventilating design for breezy comfort during different activities. The full elastic waistband offers a secure fit, while side zipper pockets complete the design with functional flair.All in Motion™: Made for every move, priced for every day.|US||89725737|https://digitalcontent.target.com/itemcontent/sizecharts/htmlfragments/men-clothing/all-in-motion-goodfellow-original-use/mens-clothing.html|4.82|321|89725737|89725737|Mens|Athletic Bottoms|None|86% Nylon, 14% Spandex|86% Nylon, 14% Spandex|Above Knee|None|None|Loose Fit|None|Adjustable Waistband, Side Vent, Drawstring Waistband, Side Pocket, Full Waistband Elastic|Lightweight Fabric|None|Machine Wash, Tumble Dry|https://target.scene7.com/is/image/Target/GUEST_87f8595d-2f22-44a1-b59c-d33ff4284da1|https://target.scene7.com/is/image/Target/GUEST_6672e809-8833-4c0d-bd2f-f130c95726a5|https://target.scene7.com/is/image/Target/GUEST_495710a6-9ff2-4064-8df7-5a9ef53ea022
89030671|target|2025-06-03|Men's Boxer Briefs 5pk - Goodfellow & Co™ Plum Purple/Burgundy/Teal Blue|Goodfellow & Co|20.00|20.00||||||dollar|target > Clothing, Shoes & Accessories > Men’s Clothing > Underwear|target|Clothing, Shoes & Accessories|Men’s Clothing|Underwear||https://www.target.com/p/men-s-boxer-briefs-5pk-goodfellow-co-plum-purple-burgundy-teal-blue/-/A-89030671||Stock up your underwear collection with this 5-Pack Boxer Briefs from Goodfellow & Co™. This handy pack of classic boxer briefs includes five pairs in solid plum purple, burgundy, navy, charcoal gray and teal blue hues to add variety to your underwear drawer. Designed in a comfort fit with added support, these soft and stretchy tagless briefs offer comfortable all-day wear. The full elastic waistband provides you a flexible secure fit, while the functional fly adds a practical touch.Goodfellow & Co™: Where style & fit are always in good company.|US||89030671|https://digitalcontent.target.com/itemcontent/sizecharts/htmlfragments/men-clothing/all-in-motion-goodfellow-original-use/mens-clothing.html|4.7|342|89030671|89030671|Mens|Underwear|None|95% Cotton, 5% Elastane|95% Cotton, 5% Elastane|None|None|None|None|None|Full Waistband Elastic|Lightweight Fabric|None|Machine Wash, Tumble Dry|https://target.scene7.com/is/image/Target/GUEST_0c523d29-5054-4ebf-9b4e-307157b72957|https://target.scene7.com/is/image/Target/GUEST_6e92cdaf-280e-47bd-b47d-152870f241b6|https://target.scene7.com/is/image/Target/GUEST_bb90741a-2a0a-4350-b431-0a8f79b114f5
94128382|target|2025-06-03|"Men's 7"" Pull-On Shorts - Goodfellow & Co™"|Goodfellow & Co|15.00|15.00||||||dollar|target > Clothing, Shoes & Accessories > Men’s Clothing > Bottoms|target|Clothing, Shoes & Accessories|Men’s Clothing|Bottoms||https://www.target.com/p/men-39-s-7-34-pull-on-shorts-goodfellow-38-co-8482/-/A-94128382||Refresh your warm-weather wardrobe with these 7-Inch Pull-On Shorts from Goodfellow & Co™. Boasting a 100% cotton construction for year-round comfort and breathability, these twill shorts are fashioned in a solid shade with functional side pockets and a patch pocket at the back. They have an elasticized waistband with a drawcord so that you can get the right, customizable fit every time.Goodfellow & Co™: Feel good in what you wear, anywhere.|US||94128382|https://digitalcontent.target.com/itemcontent/sizecharts/htmlfragments/men-clothing/all-in-motion-goodfellow-original-use/mens-clothing.html|4.27|57|94128382|94128382|Mens|Shorts|None|100% Cotton|100% Cotton|Above Knee|None|None|Regular Fit|None|Drawstring Waistband, Back Pocket, Side Pocket|Year Round Fabric Construction|No Stretch|Machine Wash, Tumble Dry|https://target.scene7.com/is/image/Target/GUEST_446dbdfe-cb44-4b19-a8b2-bedb644e3b48|https://target.scene7.com/is/image/Target/GUEST_3c8d3469-eb7d-480e-95d5-13e4a29dbc01|https://target.scene7.com/is/image/Target/GUEST_9724720c-c455-490f-b953-f88d5dfe8bb3
85645500|target|2025-06-03|Men's Every Wear Polo Shirt - Goodfellow & Co™|Goodfellow & Co|10.2012.00|10.2012.00||||||dollar|target > Clothing, Shoes & Accessories > Men’s Clothing > Tops|target|Clothing, Shoes & Accessories|Men’s Clothing|Tops||https://www.target.com/p/men-s-every-wear-polo-shirt-goodfellow-co/-/A-85645500||Be ready to take on your days in cool, comfy style with this Loring Polo Shirt from Goodfellow & Co™. This short-sleeve polo shirt features a no-roll collared neckline with button-down closure for classic style, plus a lightweight fabric construction to keep you moving in absolute comfort throughout the day. The fade-resistant treatment helps keep the polo shirt looking great wear after wear, and it features a turnback hem for added flair. Pair it with anything from shorts to chinos to jeans for a versatile look you're sure to appreciate.Goodfellow & Co™: Where style & fit are always in good company.|US||85645500|https://digitalcontent.target.com/itemcontent/sizecharts/htmlfragments/men-clothing/all-in-motion-goodfellow-original-use/mens-clothing.html|4.65|2604|85645500|85645500|Mens|Shirts|None|60% Cotton, 40% Recycled Polyester|60% Cotton, 40% Recycled Polyester|None|None|None|Standard Fit|None|No Pocket, Fade-Resistant Treatment|Midweight Fabric|None|Machine Wash, Tumble Dry|https://target.scene7.com/is/image/Target/GUEST_e90d210e-7b9f-48a4-8b90-933b4e60c6c4|https://target.scene7.com/is/image/Target/GUEST_1d5fe337-56b2-4b95-81aa-12c4e7e978f5|https://target.scene7.com/is/image/Target/GUEST_7fea42ed-914d-4621-8cbc-84593ebcc065
54264878|target|2025-06-03|Men's 4pk V-Neck T-Shirt - Goodfellow & Co™|Goodfellow & Co|20.00|20.00||||||dollar|target > Clothing, Shoes & Accessories > Men’s Clothing > Tops|target|Clothing, Shoes & Accessories|Men’s Clothing|Tops||https://www.target.com/p/men-s-4pk-v-neck-t-shirt-goodfellow-co/-/A-54264878||Upgrade your everyday style with this 4-Pack of Black V-Neck T-Shirts from Goodfellow & Co™. This pack of solid black T-shirts makes a versatile choice for any day. Made from 100% cotton for breathable comfort, these black short-sleeve tees will become an easy staple in any wardrobe in no time. Styled with a simple V-neck for a classic and casual appeal, they're easy to pair with jeans, chinos or any other bottoms for a cool and comfortable look wherever your day takes you.|US||54264878|https://digitalcontent.target.com/itemcontent/sizecharts/htmlfragments/men-clothing/all-in-motion-goodfellow-original-use/mens-clothing.html|4.6|1435|54264878|54264878|Mens|Shirts|None|100% Cotton|100% Cotton|None|None|None|Regular Fit|None|No Pocket|Year Round Fabric Construction|None|Machine Wash, Tumble Dry|https://target.scene7.com/is/image/Target/GUEST_3cd2589a-24ae-4eab-97f5-4af710d86144|None|None
53186527|target|2025-06-03|Men's No Show Socks 10pk - Goodfellow & Co™ 6-12|Goodfellow & Co|15.00|15.00||||||dollar|target > Clothing, Shoes & Accessories > Activewear > Men’s Activewear|target|Clothing, Shoes & Accessories|Activewear|Men’s Activewear||https://www.target.com/p/men-s-no-show-socks-10pk-goodfellow-co-6-12/-/A-53186527||Refresh your sock drawer with this 10-Pack of Athletic No-Show Socks from Goodfellow & Co™. These classic socks are soft and comfortable, offering a great go-to for the gym, office and home alike.Goodfellow & Co™: Where style & fit are always in good company.If you’re not satisfied with any Target Owned Brand item, return it within one year with a receipt for an exchange or a refund.|US||53186527|https://digitalcontent.target.com/itemcontent/sizecharts/htmlfragments/men-accessories/owned-brand-socks/mens-owned-brand-socks.html|4.42|963|53186527|53186527|Mens|Socks|None|76% Cotton, 19% Recycled Polyester, 3% Spandex, 1% Nylon, 1% Polyester|76% Cotton, 19% Recycled Polyester, 3% Spandex, 1% Nylon, 1% Polyester|None|None|None|None|None|Reinforced Toe, No Cuff, Reinforced Heel|Lightweight Fabric|None|Machine Wash, Tumble Dry|https://target.scene7.com/is/image/Target/GUEST_d42f8b38-2c32-4b6b-8b29-146b35728b00|None|None
92160554|target|2025-06-03|"Men's 7"" Ultra Soft Fleece Shorts - Goodfellow & Co™"|Goodfellow & Co|14.9915.00|14.9915.00||||||dollar|target > Clothing, Shoes & Accessories > Men’s Clothing > Bottoms|target|Clothing, Shoes & Accessories|Men’s Clothing|Bottoms||https://www.target.com/p/men-s-every-wear-7-ultra-soft-fleece-pull-on-shorts-goodfellow-co/-/A-92160554||Flaunt your cool side by slipping into these Every Wear 7-Inch Ultra-Soft Fleece Pull-On Shorts from Goodfellow & Co™. These regular-fit shorts are made from cotton-recycled polyester fleece fabric for ultra-soft comfort. A front drawstring helps you customize the fit, while two side pockets and one back pocket offer space to stash small everyday essentials. Designed in a solid hue, you can easily coordinate them with different tees, tanks or sweatshirts.Goodfellow & Co™: Feel good in what you wear, anywhere.|US||92160554|https://digitalcontent.target.com/itemcontent/sizecharts/htmlfragments/men-clothing/all-in-motion-goodfellow-original-use/mens-clothing.html|4.65|62|92160554|92160554|Mens|Shorts|None|55% Cotton, 45% Recycled Polyester|55% Cotton, 45% Recycled Polyester|Above Knee|None|None|Regular Fit|None|Drawstring Waistband|Midweight Fabric|Stretch|Machine Wash, Tumble Dry|https://target.scene7.com/is/image/Target/GUEST_40327d8a-c088-4043-b348-5a31161aedcf|https://target.scene7.com/is/image/Target/GUEST_9f92e096-e1be-485b-b0b1-333b07117397|https://target.scene7.com/is/image/Target/GUEST_07d58270-63b5-4a2c-bf62-a3b6b9950f85
93514337|target|2025-06-03|Men's Comfort Wear Polo Shirt - Goodfellow & Co™|Goodfellow & Co|20.00|20.00||||||dollar|target > Clothing, Shoes & Accessories > Men’s Clothing > Tops|target|Clothing, Shoes & Accessories|Men’s Clothing|Tops||https://www.target.com/p/men-s-comfort-wear-polo-shirt-goodfellow-co/-/A-93514337||Keep your looks classic and comfortable with the timeless styling of this Comfort Wear Polo Shirt from Goodfellow & Co™. This jersey shirt is made of a midweight blend of cotton, modal and spandex in a versatile solid shade. Featuring a collared neck with a three-button placket front, this short-sleeve shirt is tailored in a regular fit with below-waist length and side vents. Pair with shorts and sneakers for smart-casual vibes, or dress things up a bit with jeans or chinos and loafers.Goodfellow & Co™: Feel good in what you wear, anywhere.|US||93514337|https://digitalcontent.target.com/itemcontent/sizecharts/htmlfragments/men-clothing/all-in-motion-goodfellow-original-use/mens-clothing.html|4.72|70|93514337|93514337|Mens|Shirts|None|46% Cotton, 46% Modal, 8% Spandex|46% Cotton, 46% Modal, 8% Spandex|None|None|None|Regular Fit|None|Single Layered Construction|Midweight Fabric|None|Machine Wash, Tumble Dry|https://target.scene7.com/is/image/Target/GUEST_994b02be-b262-441a-9b2a-02924f258131|https://target.scene7.com/is/image/Target/GUEST_46d3924b-d064-43ee-a513-6d51bc3353c3|https://target.scene7.com/is/image/Target/GUEST_aeae55a0-9acb-41d4-9a80-bca45e0e94bb
92684632|target|2025-06-03|"Men's 7"" Elevated Linen Blend Pull-On Shorts - Goodfellow & Co™"|Goodfellow & Co|20.00|20.00||||||dollar|target > Clothing, Shoes & Accessories > Men’s Clothing > Bottoms|target|Clothing, Shoes & Accessories|Men’s Clothing|Bottoms||https://www.target.com/p/men-39-s-7-34-elevated-linen-pull-on-shorts-goodfellow-38-co-8482/-/A-92684632||These 7-Inch Elevated Linen Pull-On Shorts from Goodfellow & Co™ are a go-to pick for laid-back days, combining comfort and style. Crafted from a midweight blend of linen and rayon, these solid-color shorts are designed with a mid-rise, regular-fit silhouette and an above-the-knee length. The full elastic waistband with a drawstring stretches to provide a customizable, flexible fit, while side and back pockets offer space for on-the-go essentials.Goodfellow & Co™: Feel good in what you wear, anywhere.|US||92684632|https://digitalcontent.target.com/itemcontent/sizecharts/htmlfragments/men-clothing/all-in-motion-goodfellow-original-use/mens-clothing.html|4.15|27|92684632|92684632|Mens|Shorts|None|55% Linen, 45% Rayon|55% Linen, 45% Rayon|Above Knee|None|None|Regular Fit|None|Hidden Pocket, Side Pocket, 4-Way Stretch|Midweight Fabric|No Stretch|Machine Wash, Tumble Dry|https://target.scene7.com/is/image/Target/GUEST_84e3f0bb-6996-4c98-9ee4-7e72483cb493|https://target.scene7.com/is/image/Target/GUEST_46478048-90d5-4223-a9ba-15b79a07cd5e|https://target.scene7.com/is/image/Target/GUEST_c1a5d52e-378e-4928-8199-98a2a6d9094f
90563748|target|2025-06-03|#followme Men's Microfleece Pajamas - Plaid Pajama Pants for Men - Lounge & Sleep PJ Bottoms|#followme|14.9919.99|14.9919.99||||||dollar|target > Clothing, Shoes & Accessories > Men’s Clothing > Bottoms|target|Clothing, Shoes & Accessories|Men’s Clothing|Bottoms||https://www.target.com/p/followme-men-s-microfleece-pajamas-plaid-pajama-pants-for-men-lounge-sleep-pj-bottoms/-/A-90563748||THE PAIR OF PLAID PJ PANTS YOUVE ALWAYS WANTED Take it Easy You've been working so hard, and now you deserve a break from it all! Slip into these cozy PJ pants made from micro fleece fabric that will keep you warm during those cold nights. You will love how soft these pants are, which combines with the loose-fitting design to create the most comfortable pajama pants around. Whether youre snoozing away, watching the game, getting chores done around the house, or a cracking open a cold one with the boys out in the yard, these PJ bottoms treat you to a taste of unmatched comfort. Kick Back in Plaid Comfort is not just everything. We all know that looks matters, too, and these pants should be right up your alley. Featuring multiple colors with plaid design, you can be sure that these PJ pants fare well in the aesthetics department. And weve designed the pajama bottoms with 2 deep pockets and a button fly to add some functionality to the mix. Put aside those old sweats and slip into lounging pants you wont want to take off! Heres why youll love these PJ pants: - Warm and comfortable pants for lounging or bedtime. - Made from microfleece fabric that's cozy and soft. - Available in varied sizes from small to triple XL. - Plaid design and multiple colors with a masculine appeal. - Twill drawstring allows you to achieve a snug and secure fit. Whether youre catching some Zs or lounging away, count on #followme plaid PJ pants for a great blend of comfort and style!|US||90563748|https://digitalcontent.target.com/itemcontent/sizecharts/htmlfragments/mens-clothing/just-love-fashion/mens-general-size-chart.html|3.83|28|90563748|90563748|Men|Pajama Bottoms|None|None|None|Full|None|None|Regular Fit|None|Side Pocket|Year Round Fabric Construction|None|Machine Wash, Tumble Dry|https://target.scene7.com/is/image/Target/GUEST_d127d0c1-6981-4e49-b0f2-085163608779|https://target.scene7.com/is/image/Target/GUEST_81f709a3-0e44-42df-80c4-2b469ac9cf46|https://target.scene7.com/is/image/Target/GUEST_b60cf80f-0a6d-444a-95d6-aef79cd5ab4e
89677184|target|2025-06-03|Pair of Thieves Men's Quick Dry Boxer Briefs 3pk|Pair of Thieves|24.99|24.99||||||dollar|target > Clothing, Shoes & Accessories > Men’s Clothing > Underwear|target|Clothing, Shoes & Accessories|Men’s Clothing|Underwear||https://www.target.com/p/pair-of-thieves-men-39-s-quick-dry-boxer-briefs-3pk/-/A-89677184||Don’t sweat it: Pair of Thieves Quick Dry Action Blend underwear is your trusted ally against swampy discomfort down below. Expertly designed with moisture control tech that wicks away sweat and stops ick quick. Made with action blend fabrication for greater mobility. This pair is so lightweight, it feels like wearing nothing. Enjoy a secure, no-ride up fit, because unlike you know who’s attitude: this underwear doesn’t need adjusting.Try one pair and get ready to replace your entire drawer.|US||89677184|https://digitalcontent.target.com/itemcontent/sizecharts/htmlfragments/men-underwear/pair-of-thieves/underwear.html|4.68|628|89677184|89677184|Mens|Underwear|None|90% Polyester, 10% Spandex|90% Polyester, 10% Spandex|At Thigh|None|None|None|None|Full Waistband Elastic|Midweight Fabric|None|Machine Wash, Tumble Dry|https://target.scene7.com/is/image/Target/GUEST_564b4c40-7725-4456-b562-13d38d9f8428|https://target.scene7.com/is/image/Target/GUEST_f34b0ddb-cc0e-47b8-9257-286e71d21178|https://target.scene7.com/is/image/Target/GUEST_d0b1aeb1-27e1-4281-83a3-e4685602a198
93782850|target|2025-06-03|Men's Vintage Short Sleeve Pocket T-Shirt - Goodfellow & Co™|Goodfellow & Co|15.00|15.00||||||dollar|target > Clothing, Shoes & Accessories > Men’s Clothing > Tops|target|Clothing, Shoes & Accessories|Men’s Clothing|Tops||https://www.target.com/p/men-s-vintage-short-sleeve-pocket-t-shirt-goodfellow-co/-/A-93782850||Take on casual days in comfort and style in this Vintage Short-Sleeve Pocket T-Shirt from Goodfellow & Co™. Made from 1x1 rib 100% jersey cotton fabric, this short-sleeve T-shirt offers all-day comfort. Designed in a solid hue with a chest patch pocket and a length that hits below the waist for wearing tucked in or untucked, this crewneck tee makes a great pairing with a variety of jeans, shorts or jogger pants.Goodfellow & Co™: Feel good in what you wear, anywhere.|US||93782850|https://digitalcontent.target.com/itemcontent/sizecharts/htmlfragments/men-clothing/all-in-motion-goodfellow-original-use/mens-clothing.html|4.49|43|93782850|93782850|Mens|Shirts|None|100% Cotton|100% Cotton|None|None|None|Regular Fit|None|Front Pocket|Heavyweight Fabric|None|Machine Wash, Tumble Dry|https://target.scene7.com/is/image/Target/GUEST_fac82005-8720-4343-9323-5733e56d31e7|https://target.scene7.com/is/image/Target/GUEST_6211e2e6-b148-4ad5-824d-9aeec9ff38a8|https://target.scene7.com/is/image/Target/GUEST_6e170360-b381-45bc-89b8-2dc501498588
87418571|target|2025-06-03|Men's Performance Long Sleeve Button-Down Dress Shirt - Goodfellow & Co™|Goodfellow & Co|33.00|33.00||||||dollar|target > Clothing, Shoes & Accessories > Men’s Clothing > Tops|target|Clothing, Shoes & Accessories|Men’s Clothing|Tops||https://www.target.com/p/men-s-performance-dress-standard-fit-long-sleeve-button-down-shirt-goodfellow-co/-/A-87418571||From work meetings to evening outings, stay cool, comfy and stylish in this Performance Dress Long-Sleeve Button-Down Shirt from Goodfellow & Co™. Tailored in a standard fit, this button-down shirt is crafted from a soft fabric blend with a hint of spandex for stretchy comfort. Designed with a collared neckline for classic style, you can wear it tucked in with dress pants or chinos with loafers or dress shoes for a special event, or sport it untucked with jean shorts or chambray pants for a more easygoing, casual style.Goodfellow & Co™: Where style & fit are always in good company.|US||87418571|https://digitalcontent.target.com/itemcontent/sizecharts/htmlfragments/men-clothing/all-in-motion-goodfellow-original-use/mens-clothing.html|4.6|769|87418571|87418571|Mens|Shirts|None|60% Cotton, 36% Recycled Polyester, 4% Spandex|60% Cotton, 36% Recycled Polyester, 4% Spandex|None|None|None|Standard Fit|None|No Pocket|Lightweight Fabric|None|Machine Wash, Tumble Dry|https://target.scene7.com/is/image/Target/GUEST_01f641da-f295-475f-8412-2f192ea27a65|https://target.scene7.com/is/image/Target/GUEST_7b6bb1ac-3cd7-4e0b-9846-02cdb417bd7e|https://target.scene7.com/is/image/Target/GUEST_3b36eda1-8a07-4ab9-bea3-e8bd11b6d2af
78803632|target|2025-06-03|Men's Knit Boxers 5pk - Goodfellow & Co™|Goodfellow & Co|20.00|20.00||||||dollar|target > Clothing, Shoes & Accessories > Men’s Clothing > Underwear|target|Clothing, Shoes & Accessories|Men’s Clothing|Underwear||https://www.target.com/p/men-s-knit-boxers-5pk-goodfellow-co/-/A-78803632||These Knit Boxers from Goodfellow & Co bring cool comfort and versatile style to your everyday essentials. The underwear set includes five boxers and they're made from 100% cotton fabric to help you stay comfortable throughout your day. If you’re not satisfied with any Target Owned Brand item, return it within one year with a receipt for an exchange or a refund.|US||78803632|https://digitalcontent.target.com/itemcontent/sizecharts/htmlfragments/men-clothing/all-in-motion-goodfellow-original-use/mens-clothing.html|4.66|1367|78803632|78803632|Mens|Underwear|None|100% Cotton|100% Cotton|Above Knee|None|None|None|None|Full Waistband Elastic|Year Round Fabric Construction|None|Machine Wash, Tumble Dry|https://target.scene7.com/is/image/Target/GUEST_cde26a4f-9f62-4f65-a674-084b986ea5eb|None|None
81307545|target|2025-06-03|Men's Short Sleeve Soft Stretch T-Shirt - All In Motion™|All In Motion|15.0018.00|15.0018.00||||||dollar|target > Clothing, Shoes & Accessories > Men’s Clothing > Tops|target|Clothing, Shoes & Accessories|Men’s Clothing|Tops||https://www.target.com/p/men-s-short-sleeve-soft-stretch-t-shirt-all-in-motion/-/A-81307545||Why we're ALL IN:Making your way from destination A to B comes easy with a short-sleeve tee made from a soft fabric with four-way stretch for comfortable wear and great range of motion. A quick-dry finish with odor-resistant technology lends a fresh feel, and UPF 50+ rated material makes for convenient outdoor wear. Falling below the waist with a longer, curved hem for coverage, this tee functions as the perfect transitional activewear piece.When families come together to discover the joy of staying active, All in Motion is there to make it easy and comfortable to embrace a bustling lifestyle. From running errands to running intervals, the collection AIMs to propel you forward with thoughtfully designed pieces that fit and feel great — movement is the core of this performance line, with a 100% satisfaction guarantee.|US||81307545|https://digitalcontent.target.com/itemcontent/sizecharts/htmlfragments/men-clothing/all-in-motion-goodfellow-original-use/mens-clothing.html|4.38|600|81307545|81307545|Mens|Athletic Tops|None|86% Recycled Polyester, 14% Spandex|86% Recycled Polyester, 14% Spandex|None|None|None|Regular Fit|None|No Pocket, Locker Loop, Moisture Wicking Fabric, 4-Way Stretch, Quick Drying Fabric|Extra Lightweight|None|Machine Wash, Tumble Dry|https://target.scene7.com/is/image/Target/GUEST_c1acd0e8-8b81-4270-8bd6-02abfee61a3e|https://target.scene7.com/is/image/Target/GUEST_6148f6f3-0750-4768-aed6-02a19c7ad3c0|https://target.scene7.com/is/image/Target/GUEST_1f0019dd-b3aa-48fa-a08d-c18b348d17f0
1000007032|target|2025-06-03|Mens Ride Or Die T Shirt Funny Sarcastic Riding Lawn Mower Joke Graphic Tee For Guys - Crazy Dog Men's T Shirt|Crazy Dog T-Shirts, Inc.|10.7917.99|10.7917.99||||||dollar|target > Clothing, Shoes & Accessories > Men’s Clothing > Tops|target|Clothing, Shoes & Accessories|Men’s Clothing|Tops||https://www.target.com/p/mens-ride-or-die-t-shirt-funny-sarcastic-riding-lawn-mower-joke-graphic-tee-for-guys-crazy-dog-men-s-t-shirt/-/A-1000007032||Ride till I Die. You push mowers know nothing about the rider life. When you’re spending this Father’s Day backyard grilling, golfing, or fishing with pop, show papa you think he’s the Best Dad ever with our pun shirts. Check out our other Happy Fathers Day shirts, socks, glasses and grilling aprons for the perfect gift to let your dad in on the ultimate dad jokes! Unique and hilarious, Crazy Dog funny shirts for men and shirts with sayings make great gifts for family, friends and coworkers. Our men's novelty t-shirts are perfect for the witty and sarcastic nerd, geek, or ultra cool guy who's looking to strut his stuff in comfort and style. Our shirts with funny sayings are made with a soft spun poly cotton blend. Comfortable and charming, our funny t shirts for men will quickly become his new favorite shirt. Available in a wide range of colors, sizes and styles, our mens funny t shirts pair well with his favorite pair of jeans, shorts or sweatpants. Find the eye catching funny shirt your dad, brother, husband or boyfriend will love. Our funny dad shirt, sarcastic tshirts for men and funny gifts for brother are great for birthdays, holidays and just because. Perfect for the one who appreciates funny sarcastic shirts and gag gifts. We have sayings perfect for the parent, gamer, camper, golfer, dog and cat lover in your life. Crazy Dog funny graphic tees for men are made in the USA. Our men's funny t-shirts are printed with high grade ink and state-of-the-art equipment. These funny mens shirts are designed to last and won't fade over time. Crazy Dog men's novelty shirts are comfy, stretchy and crafted with super soft material. If you're looking for funny adult shirts, our graphic tees we have a wide selection to choose from. If you're between sizes or enjoy a looser fit, these funny tee shirts for men fit slim, so size up for your ideal fit. Charming, cute, nerdy and corny, our funny sarcastic shirts are perfect for casual wear, camping and work|US||1000007032|https://digitalcontent.target.com/itemcontent/sizecharts/htmlfragments/mens-clothing/crazy-dog-t-shirts,-inc./mens-t-shirt-2.html|0.0|0|1000007032|1000007032|Men|Shirts|None|None|None|None|None|None|Casual Fit|None|No Pocket, Pre Shrunk|Midweight Fabric|None|Machine Wash, Tumble Dry|https://target.scene7.com/is/image/Target/GUEST_dfb63830-5928-4089-b8b6-e01b0c1a1ad9|https://target.scene7.com/is/image/Target/GUEST_522219ea-5440-4600-865b-2fd982d5aae7|https://target.scene7.com/is/image/Target/GUEST_aaa78a1a-5e37-465e-adbf-a813f2a0793e
93979539|target|2025-06-03|Funny Dad T Shirts Sarcastic Husband Tees Joke Humor for Father - Crazy Dog Men's T Shirt|Crazy Dog T-Shirts, Inc.|10.7917.99|10.7917.99||||||dollar|target > Clothing, Shoes & Accessories > Men’s Clothing > Tops|target|Clothing, Shoes & Accessories|Men’s Clothing|Tops||https://www.target.com/p/mens-car-guy-t-shirt-funny-mechanic-engine-gift-for-dad-cool-graphic-tee-for-guys-crazy-dog-men-s-t-shirt/-/A-93979539||These are guy shirts for that manly man who knows how to men. Happy Fathers Day! Woodworkers unite! Fresh cut, clean lines, green as could be. Find the perfect fishing hole and don't tell a soul! Wanna see my back yard? I'm skilled in the art of getting wasted. Nobody does it like grandpa! Papasaurus is old but he's not prehistoric! Please spare me, for I have an expecting wife! I'll just be down here tinkering around. Who's got two thumbs and likes cars? This Guy! Embarrassing my Wife is honestly my favorite pastime... When you’re spending this Father’s Day backyard grilling, golfing, or fishing with pop, show papa you think he’s the Best Dad ever with our pun shirts. Check out our other Happy Fathers Day shirts, socks, glasses and grilling aprons for the perfect gift to let your dad in on the ultimate dad jokes! From car buffs to mechanics, Crazy Dog T Shirts harvested the finest jokes, sarcastic quotes, and movie references to bring you the best and funniest in a car humor tee. Wrenches and bolts are our friends in our auto focused hats, witty pun mugs, truck themed graphic shirts, clever joke car hoodies. Unique and hilarious, Crazy Dog funny shirts for men and shirts with sayings make great gifts for family, friends and coworkers. Our men's novelty t-shirts are perfect for the witty and sarcastic nerd, geek, or ultra cool guy who's looking to strut his stuff in comfort and style. Our shirts with funny sayings are made with a soft spun poly cotton blend. Comfortable and charming, our funny t shirts for men will quickly become his new favorite shirt. Available in a wide range of colors, sizes and styles, our mens funny t shirts pair well with his favorite pair of jeans, shorts or sweatpants. Find the eye catching funny shirt your dad, brother, husband or boyfriend will love. Our funny dad shirt, sarcastic tshirts for men and funny gifts for brother are great for birthdays, holidays and just because|US||93979539|https://digitalcontent.target.com/itemcontent/sizecharts/htmlfragments/mens-clothing/crazy-dog-t-shirts,-inc./mens-t-shirt-2.html|0.0|0|93979539|93979539|Men|Shirts|None|None|None|None|None|None|Casual Fit|None|No Pocket, Pre Shrunk|Midweight Fabric|None|Machine Wash, Tumble Dry|https://target.scene7.com/is/image/Target/GUEST_3777f64b-1e3f-40f4-833a-81400852d236|https://target.scene7.com/is/image/Target/GUEST_b182fc8a-d564-469c-881d-f7bfc8b3b0a1|https://target.scene7.com/is/image/Target/GUEST_aaa78a1a-5e37-465e-adbf-a813f2a0793e
94031858|target|2025-06-03|Mens Dad Mode Engaged T Shirt Funny Fathers Day Gift Settings Menu Joke Tee For Guys - Crazy Dog Men's T Shirt|Crazy Dog T-Shirts, Inc.|10.7917.99|10.7917.99||||||dollar|target > Clothing, Shoes & Accessories > Men’s Clothing > Tops|target|Clothing, Shoes & Accessories|Men’s Clothing|Tops||https://www.target.com/p/mens-dad-mode-engaged-t-shirt-funny-fathers-day-gift-settings-menu-joke-tee-for-guys-crazy-dog-men-s-t-shirt/-/A-94031858||Not sure how to turn it off… When you’re spending this Father’s Day backyard grilling, golfing, or fishing with pop, show papa you think he’s the Best Dad ever with our pun shirts. Check out our other Happy Fathers Day shirts, socks, glasses and grilling aprons for the perfect gift to let your dad in on the ultimate dad jokes! At Crazy Dog T Shirt, sarcasm is our first language so we made all of our funny tees, cozy hoodies, fun socks printed with the finest jokes, sarcastic quotes, and movie references. Our witty, sarcastic humor t-shirts are the perfect combination of high-quality and awesome! Unique and hilarious, Crazy Dog funny shirts for men and shirts with sayings make great gifts for family, friends and coworkers. Our men's novelty t-shirts are perfect for the witty and sarcastic nerd, geek, or ultra cool guy who's looking to strut his stuff in comfort and style. Our shirts with funny sayings are made with a soft spun poly cotton blend. Comfortable and charming, our funny t shirts for men will quickly become his new favorite shirt. Available in a wide range of colors, sizes and styles, our mens funny t shirts pair well with his favorite pair of jeans, shorts or sweatpants. Find the eye catching funny shirt your dad, brother, husband or boyfriend will love. Our funny dad shirt, sarcastic tshirts for men and funny gifts for brother are great for birthdays, holidays and just because. Perfect for the one who appreciates funny sarcastic shirts and gag gifts. We have sayings perfect for the parent, gamer, camper, golfer, dog and cat lover in your life. Crazy Dog funny graphic tees for men are made in the USA. Our men's funny t-shirts are printed with high grade ink and state-of-the-art equipment. These funny mens shirts are designed to last and won't fade over time. Crazy Dog men's novelty shirts are comfy, stretchy and crafted with super soft material. If you're looking for funny adult shirts, our graphic tees we have a wide selection to choose from|US||94031858|https://digitalcontent.target.com/itemcontent/sizecharts/htmlfragments/mens-clothing/crazy-dog-t-shirts,-inc./mens-t-shirt-2.html|5.0|1|94031858|94031858|Men|Shirts|None|None|None|None|None|None|Casual Fit|None|No Pocket, Pre Shrunk|Midweight Fabric|None|Machine Wash, Tumble Dry|https://target.scene7.com/is/image/Target/GUEST_7d4b074b-3501-4c92-bf43-4a352557256e|https://target.scene7.com/is/image/Target/GUEST_54892160-73c8-4de9-8f07-23a44972ad3a|https://target.scene7.com/is/image/Target/GUEST_aaa78a1a-5e37-465e-adbf-a813f2a0793e
94128378|target|2025-06-03|Men's Short Sleeve Crewneck T-Shirt - Goodfellow & Co™ Heathered Gray|Goodfellow & Co|20.00|20.00||||||dollar|target > Clothing, Shoes & Accessories > Men’s Clothing > Tops|target|Clothing, Shoes & Accessories|Men’s Clothing|Tops||https://www.target.com/p/men-39-s-short-sleeve-crewneck-t-shirt-goodfellow-38-co-8482-heathered-gray/-/A-94128378||This 4-Pack of Classic Crewneck T-Shirts from Goodfellow & Co™ brings effortless style to your casualwear wardrobe. Made of cotton-recycled polyester jersey fabric, these solid-hued tees provide you all-day comfort. Tailored in a regular fit, these short-sleeve tees feature a crewneck design for a classic look. You can pair them with a variety of jeans or shorts to complete the laid-back look.Goodfellow & Co™: Feel good in what you wear, anywhere.|US||94128378|https://digitalcontent.target.com/itemcontent/sizecharts/htmlfragments/men-clothing/all-in-motion-goodfellow-original-use/mens-clothing.html|4.59|17|94128378|94128378|Mens|Shirts|None|90% Cotton, 10% Recycled Polyester|90% Cotton, 10% Recycled Polyester|None|None|None|Regular Fit|None|No Pocket|Lightweight Fabric|None|Machine Wash, Tumble Dry|https://target.scene7.com/is/image/Target/GUEST_d71bc281-1abd-492b-98fc-4bfd260ab2f5|https://target.scene7.com/is/image/Target/GUEST_1b70581a-59fd-44a4-8346-b5258a633200|https://target.scene7.com/is/image/Target/GUEST_069a7a6e-4d20-4b0c-b4cd-25a2642f7a3e
93280514|target|2025-06-03|Men's 3pk Quarter Crew Socks - All In Motion™ Black 6-12: Recycled Polyester, Cushioned Heel & Toe|All In Motion|10.00|10.00||||||dollar|target > Clothing, Shoes & Accessories > Activewear > Men’s Activewear|target|Clothing, Shoes & Accessories|Activewear|Men’s Activewear||https://www.target.com/p/men-39-s-3pk-quarter-crew-socks-all-in-motion-8482-black-6-12/-/A-93280514||Why we're ALL IN:Three-pair pack of black, quarter crew socks. Crafted from soft fabric with spandex, flat seams, and cushioned heel and toe to help keep your feet comfortable. Mid crew socks with arch support make a basic addition to your wardrobe.All in Motion™: Inspiring the potential in every body.|US||93280514|https://digitalcontent.target.com/itemcontent/sizecharts/htmlfragments/men-accessories/owned-brand-socks/mens-owned-brand-socks.html|5.0|4|93280514|93280514|Mens|Socks|None|84% Recycled Polyester, 7% Nylon, 7% Polyester, 2% Spandex|84% Recycled Polyester, 7% Nylon, 7% Polyester, 2% Spandex|None|None|None|None|None|Flat Seams, Cushioned Heel and Toe|Midweight Fabric|None|Machine Wash, Tumble Dry|https://target.scene7.com/is/image/Target/GUEST_4784f8ed-42e4-4c64-b239-4792f26e30ef|https://target.scene7.com/is/image/Target/GUEST_244cd7c2-73c3-4f9b-9e38-765a70cf26b0|https://target.scene7.com/is/image/Target/GUEST_fca7b0b0-ce11-4398-b69c-9f3c11d34ada
93783965|target|2025-06-03|Men's Comfort Wear T-Shirt - Goodfellow & Co™|Goodfellow & Co|15.00|15.00||||||dollar|target > Clothing, Shoes & Accessories > Men’s Clothing > Tops|target|Clothing, Shoes & Accessories|Men’s Clothing|Tops||https://www.target.com/p/men-s-comfort-wear-t-shirt-goodfellow-co/-/A-93783965||Refresh your casual essentials with this Comfort Wear T-Shirt from Goodfellow & Co™. This jersey shirt is made of a midweight blend of cotton, modal and spandex in a versatile solid shade. Tailored in a regular fit with below-waist length, this short-sleeve shirt is easy to wear tucked in or untucked. Pair it with joggers, shorts or jeans, or layer it under a flannel shirt or hoodie for added style and enhanced warmth.Goodfellow & Co™: Feel good in what you wear, anywhere.|US||93783965|https://digitalcontent.target.com/itemcontent/sizecharts/htmlfragments/men-clothing/all-in-motion-goodfellow-original-use/mens-clothing.html|4.52|62|93783965|93783965|Mens|Shirts|None|46% Cotton, 46% Modal, 8% Spandex|46% Cotton, 46% Modal, 8% Spandex|None|None|None|Regular Fit|None|Single Layered Construction|Midweight Fabric|None|Machine Wash, Tumble Dry|https://target.scene7.com/is/image/Target/GUEST_c64254bc-bc5b-4a4d-bd59-7666ff4a3842|https://target.scene7.com/is/image/Target/GUEST_99413e19-8900-42f7-9cbe-1732559b5648|https://target.scene7.com/is/image/Target/GUEST_0dd7bb4d-9d9b-4148-bb89-eab87fd36658
92160550|target|2025-06-03|"Men's Every Wear 9"" Flat Front Chino Shorts - Goodfellow & Co™"|Goodfellow & Co|20.00|20.00||||||dollar|target > Clothing, Shoes & Accessories > Men’s Clothing > Bottoms|target|Clothing, Shoes & Accessories|Men’s Clothing|Bottoms||https://www.target.com/p/men-s-every-wear-9-flat-front-chino-shorts-goodfellow-co/-/A-92160550||These Flat Front Chino Shorts from Goodfellow & Co™ makes the perfect pick for warm-weather outings. Crafted from soft, stretchy fabric and breathable poplin lining, the chino shorts offer you all-day comfort. Tailored in a regular-fit, these mid-rise shorts are designed with a fly button and zipper closure for a secure fit, while side and back pocket add functional flair. Pair them with crewneck tees, tanks, polos or sweatshirts to create an array of casualwear options.Goodfellow & Co™: Feel good in what you wear, anywhere.|US||92160550|https://digitalcontent.target.com/itemcontent/sizecharts/htmlfragments/men-clothing/all-in-motion-goodfellow-original-use/mens-clothing.html|4.68|40|92160550|92160550|Mens|Shorts|None|98% Cotton, 2% Spandex|98% Cotton, 2% Spandex|Above Knee|None|None|Regular Fit|None|Front Pocket, Back Pocket|Midweight Fabric|Stretch|Machine Wash, Tumble Dry|https://target.scene7.com/is/image/Target/GUEST_519d9c2d-07d2-4103-848d-b000ebd4010f|https://target.scene7.com/is/image/Target/GUEST_63d8aea9-647a-4f61-8293-f18cad4823bb|https://target.scene7.com/is/image/Target/GUEST_05b167d2-f230-4e02-819d-b561041c831d
93300189|target|2025-06-03|"Men's Vintage 7"" Elevated Washed Pull-On Shorts - Goodfellow & Co™"|Goodfellow & Co|20.00|20.00||||||dollar|target > Clothing, Shoes & Accessories > Men’s Clothing > Bottoms|target|Clothing, Shoes & Accessories|Men’s Clothing|Bottoms||https://www.target.com/p/men-s-vintage-7-elevated-pull-on-shorts-goodfellow-co/-/A-93300189||Expand your warm-weather wardrobe with these Vintage 7-Inch Elevated Pull-On Shorts from Goodfellow & Co™. Boasting a midweight construction with a lyocell-cotton blend for comfortable wear, these twill shorts are fashioned in a solid shade with functional side slash pockets and back welt pockets. They have a full elasticized waistband with a drawcord so that you can get the right, customizable fit every time.Goodfellow & Co™: Feel good in what you wear, anywhere.|US||93300189|https://digitalcontent.target.com/itemcontent/sizecharts/htmlfragments/men-clothing/all-in-motion-goodfellow-original-use/mens-clothing.html|4.6|37|93300189|93300189|Mens|Shorts|None|58% Lyocell, 42% Cotton|58% Lyocell, 42% Cotton|Above Knee|None|None|Regular Fit|None|Slash Pocket, Back Pocket|Midweight Fabric|No Stretch|Machine Wash, Tumble Dry|https://target.scene7.com/is/image/Target/GUEST_776d5608-aeba-4f21-ae05-83a18cdbfb92|https://target.scene7.com/is/image/Target/GUEST_d0b85478-6e73-4b31-a07c-d36abab55f4f|https://target.scene7.com/is/image/Target/GUEST_b40a5ca6-fcb3-47db-96e6-97c205970540
93280512|target|2025-06-03|Men's 3pk Quarter Crew Socks - All In Motion™ White 6-12: Cushioned Heel, Flat Seams, Midweight Knit|All In Motion|10.00|10.00||||||dollar|target > Clothing, Shoes & Accessories > Activewear > Men’s Activewear|target|Clothing, Shoes & Accessories|Activewear|Men’s Activewear||https://www.target.com/p/men-39-s-3pk-quarter-crew-socks-all-in-motion-8482-white-6-12/-/A-93280512||Why we're ALL IN:Three-pair pack of quarter crew socks in white. Made from a moisture-wicking, midweight fabric blend to help keep your feet cool, comfy and dry. Flat seams, arch support, reinforced heel and toe, and zone cushioning round out the comfortable fit. All in Motion™: Inspiring the potential in every body.|US||93280512|https://digitalcontent.target.com/itemcontent/sizecharts/htmlfragments/men-accessories/owned-brand-socks/mens-owned-brand-socks.html|5.0|4|93280512|93280512|Mens|Socks|None|84% Recycled Polyester, 7% Nylon, 7% Polyester, 2% Spandex|84% Recycled Polyester, 7% Nylon, 7% Polyester, 2% Spandex|None|None|None|None|None|Flat Seams, Cushioned Heel and Toe|Midweight Fabric|None|Machine Wash, Tumble Dry|https://target.scene7.com/is/image/Target/GUEST_e40ce7e5-83b3-4434-84ad-ef8f2ca97df8|https://target.scene7.com/is/image/Target/GUEST_11dcf285-f9be-4664-8486-86af675512c8|https://target.scene7.com/is/image/Target/GUEST_aeeaf593-adb0-4ff7-aab6-d4fa0bb629bd
93514557|target|2025-06-03|Men's 5'' E-Waist Swim Trunks - Goodfellow & Co™|Goodfellow & Co|25.00|25.00||||||dollar|target > Clothing, Shoes & Accessories > Men’s Clothing > Swimsuits|target|Clothing, Shoes & Accessories|Men’s Clothing|Swimsuits||https://www.target.com/p/men-s-5-swim-shorts-goodfellow-co-neon-green/-/A-93514557||Be ready for beach days or pool trips in cool comfort with these Swim Shorts from Goodfellow & Co™. Made from recycled polyester knit fabric for comfy movement in and out of the water, these swim shorts boast a UPF 50+ rated material to help keep your skin shielded from the sun. A drawstring-closure elastic waistband provides an adjustable fit, while side and back flap pockets come in handy for stashing small essentials. Simply pair them with a swim tank and flip flops for beach-ready style.Goodfellow & Co™: Feel good in what you wear, anywhere.|US||93514557|https://digitalcontent.target.com/itemcontent/sizecharts/htmlfragments/men-clothing/all-in-motion-goodfellow-original-use/mens-clothing.html|4.32|16|93514557|93514557|Mens|Swimsuit Bottoms|None|92% Recycled Polyester|92% Recycled Polyester|At Thigh|None|None|None|None|No Pocket|None|None|Machine Wash, Tumble Dry|https://target.scene7.com/is/image/Target/GUEST_f1c95932-bf0e-4979-a944-f81ef69f090f|https://target.scene7.com/is/image/Target/GUEST_cc76652e-bf03-418f-b790-0fe22106bdc3|https://target.scene7.com/is/image/Target/GUEST_c585f929-2734-4742-bc16-edef169076e2
94418482|target|2025-06-03|Men's Tank Top - Goodfellow & Co™|Goodfellow & Co|10.00|10.00||||||dollar|target > Clothing, Shoes & Accessories > Men’s Clothing > Tops|target|Clothing, Shoes & Accessories|Men’s Clothing|Tops||https://www.target.com/p/men-s-tank-top-goodfellow-co/-/A-94418482||Refresh your everyday style with this Tank Top from Goodfellow & Co™. Crafted from a lightweight jersey fabric blend of cotton and recycled polyester for comfortable wear, this pullover top is finished with a crew neckline and sleeveless style. Easy to wear and easy to mix and match, this top is a staple you’ll reach for again and again.Goodfellow & Co™: Feel good in what you wear, anywhere.|US||94418482|https://digitalcontent.target.com/itemcontent/sizecharts/htmlfragments/men-clothing/all-in-motion-goodfellow-original-use/mens-clothing.html|4.75|8|94418482|94418482|Mens|Shirts|None|60% Cotton, 40% Recycled Polyester|60% Cotton, 40% Recycled Polyester|None|None|None|Standard Fit|None|No Pocket|Lightweight Fabric|None|Machine Wash, Tumble Dry|https://target.scene7.com/is/image/Target/GUEST_8b0c5faa-fe23-41a3-874f-f8e7b7b42d10|https://target.scene7.com/is/image/Target/GUEST_e9c3fee2-e37f-4658-8c23-ad2a63c48f6a|https://target.scene7.com/is/image/Target/GUEST_bf42f541-3db6-400c-b8d1-a45a47e3af2d
89923386|target|2025-06-03|Men's Striped Cushioned Ankle Socks 8pk - All In Motion™ 6-12|All In Motion|18.00|18.00||||||dollar|target > Clothing, Shoes & Accessories > Activewear > Men’s Activewear|target|Clothing, Shoes & Accessories|Activewear|Men’s Activewear||https://www.target.com/p/men-39-s-striped-cushioned-ankle-socks-8pk-all-in-motion-8482-6-12/-/A-89923386||Why we're ALL IN:Pack of cushioned ankle socks with a strategically-placed striped design and brand logo. Made from a moisture-wicking, midweight recycled polyester blend with spandex and ventilating mesh to help keep your feet cool and comfy. Arch support as well as zone cushioning on areas of the feet that need it together with a reinforced heel and toe round out the comfortable fit. Plus, eight pairs in the pack stock up your sock drawer for any occasion.All in Motion™: Made for every move, priced for every day.|US||89923386|https://digitalcontent.target.com/itemcontent/sizecharts/htmlfragments/men-accessories/owned-brand-socks/mens-owned-brand-socks.html|4.77|34|89923386|89923386|Mens|Socks|None|81% Recycled Polyester, 10% Nylon, 7% Polyester, 2% Spandex|81% Recycled Polyester, 10% Nylon, 7% Polyester, 2% Spandex|None|None|None|None|None|Cushioned Heel and Toe|Midweight Fabric|None|Machine Wash, Tumble Dry|https://target.scene7.com/is/image/Target/GUEST_cbf6f5b7-bf5a-4394-8e6b-e6b2cabf9e62|https://target.scene7.com/is/image/Target/GUEST_588d6aab-fa3e-45d6-bc63-2a8f6e3a219e|https://target.scene7.com/is/image/Target/GUEST_7bd9f560-339c-4753-a618-5ca6c455c07e
88464719|target|2025-06-03|Men's Short Sleeve Graphic T-Shirt - Goodfellow & Co™|Goodfellow & Co|13.00|13.00||||||dollar|target > Clothing, Shoes & Accessories > Men’s Clothing > Tops|target|Clothing, Shoes & Accessories|Men’s Clothing|Tops||https://www.target.com/p/men-s-short-sleeve-crewneck-graphic-t-shirt-goodfellow-co/-/A-88464719||This Standard Fit Crewneck T-Shirt from Goodfellow & Co™ is the ideal choice for everyday wear and chilling at home. The simple solid-color tee with a classic crew neckline and short sleeves gets a fun twist thanks to the cool graphic across the front. Made of a lightweight cotton blend, this pullover T-shirt tailored in a standard fit that hits at the hip will help you stay comfortable throughout the day.Goodfellow & Co™: Where style & fit are always in good company.|US||88464719|https://digitalcontent.target.com/itemcontent/sizecharts/htmlfragments/men-clothing/all-in-motion-goodfellow-original-use/mens-clothing.html|4.66|248|88464719|88464719|Mens|Shirts|None|60% Cotton, 40% Recycled Polyester|60% Cotton, 40% Recycled Polyester|None|None|None|Relaxed Fit|None|Flat Seams|Lightweight Fabric|None|Machine Wash, Tumble Dry|https://target.scene7.com/is/image/Target/GUEST_c535e03a-5033-4368-9184-6b5f64c87867|https://target.scene7.com/is/image/Target/GUEST_1911d577-c9d4-41c6-a344-98139ca0d2a1|https://target.scene7.com/is/image/Target/GUEST_3937d66a-7e87-4e89-85d3-b4b14510c9c2
92183826|target|2025-06-03|"Men's Mesh Shorts 6"" - All In Motion™"|All In Motion|12.00|12.00||||||dollar|target > Clothing, Shoes & Accessories > Men’s Clothing > Bottoms|target|Clothing, Shoes & Accessories|Men’s Clothing|Bottoms||https://www.target.com/p/men-s-6-mesh-shorts-all-in-motion/-/A-92183826||Why we're ALL IN:Solid-color 6-inch mesh shorts are specially designed to keep you feeling cool and fresh, thanks to the moisture-wicking fabric with a quick-dry finish. Elasticized waistband with a drawstring helps them stay firmly in place during a range of workouts, while side pockets offer a place to stash essentials for hands-free convenience and full attention to your fitness.All in Motion™: Made for every move, priced for every day.|US||92183826|https://digitalcontent.target.com/itemcontent/sizecharts/htmlfragments/men-clothing/all-in-motion-goodfellow-original-use/mens-clothing.html|4.54|97|92183826|92183826|Mens|Athletic Bottoms|None|100% Recycled Polyester|100% Recycled Polyester|Above Knee|None|None|Regular Fit|None|Side Pocket, Drawstring Waistband, Full Waistband Elastic, Double-Layered Construction, Moisture Wicking Fabric, Quick Drying Fabric|Extra Lightweight|None|Machine Wash, Tumble Dry|https://target.scene7.com/is/image/Target/GUEST_d574e90e-ded3-4af9-8a75-a01a6dd415d9|https://target.scene7.com/is/image/Target/GUEST_8813fd08-a064-4ff2-bf14-f58cd088a9d0|https://target.scene7.com/is/image/Target/GUEST_bb3800eb-315a-414e-83b6-25f61cced40d
93781953|target|2025-06-03|Men's Vintage Short Sleeve Camp Shirt - Goodfellow & Co™|Goodfellow & Co|25.00|25.00||||||dollar|target > Clothing, Shoes & Accessories > Men’s Clothing > Tops|target|Clothing, Shoes & Accessories|Men’s Clothing|Tops||https://www.target.com/p/men-s-vintage-short-sleeve-camp-shirt-goodfellow-co/-/A-93781953||Add cool style to your casual wardrobe with this Vintage Short-Sleeve Camp Shirt from Goodfellow & Co™. This short-sleeve shirt features a camp collared neckline with a full button-down front, a chest patch pocket and back yoke to add touches of classic style to your summer looks. Tailored in a standard fit, the button-down shirt is made from midweight linen-blend fabric for comfortable wear. Pair it with your choice of pants and footwear to complete the look.Goodfellow & Co™: Feel good in what you wear, anywhere.|US||93781953|https://digitalcontent.target.com/itemcontent/sizecharts/htmlfragments/men-clothing/all-in-motion-goodfellow-original-use/mens-clothing.html|4.29|21|93781953|93781953|Mens|Shirts|None|55% Linen, 45% Rayon|55% Linen, 45% Rayon|None|None|None|Standard Fit|None|Back Yoke, Front Pocket|Midweight Fabric|None|Machine Wash, Tumble Dry|https://target.scene7.com/is/image/Target/GUEST_cf1738dd-7d01-4d4a-9efd-5a47ed0472e5|https://target.scene7.com/is/image/Target/GUEST_22d48154-b4ba-48b4-83b6-ec7af2c2057b|https://target.scene7.com/is/image/Target/GUEST_31a59910-4413-4895-80d4-83bf9658b716
89712999|target|2025-06-03|Men's Soft Stretch Shorts - All In Motion™|All In Motion|20.00|20.00||||||dollar|target > Clothing, Shoes & Accessories > Men’s Clothing > Bottoms|target|Clothing, Shoes & Accessories|Men’s Clothing|Bottoms||https://www.target.com/p/men-s-soft-stretch-shorts-7-all-in-motion/-/A-89712999||Why we're ALL IN:Solid-hue above-the-knee shorts made from moisture-wicking fabric with four-way stretch for a fresh feel and ease of movement. Tailored in an athletic fit, these regular-rise shorts feature a drawstring waistband to offer a secure and customizable fit. The UPF 50+ rated material offer sun protection, and the shorts are designed with side pockets that complete the design with functional flair.All in Motion™: Made for every move, priced for every day.|US||89712999|https://digitalcontent.target.com/itemcontent/sizecharts/htmlfragments/men-clothing/all-in-motion-goodfellow-original-use/mens-clothing.html|4.76|237|89712999|89712999|Mens|Athletic Bottoms|None|86% Recycled Polyester, 14% Spandex|86% Recycled Polyester, 14% Spandex|Above Knee|None|None|Athletic Fit|None|Drawstring Waistband, Side Pocket, Zippered Pocket, 4-Way Stretch|Lightweight Fabric|None|Machine Wash, Tumble Dry|https://target.scene7.com/is/image/Target/GUEST_f38d6620-850c-4969-963b-7b89777082fe|https://target.scene7.com/is/image/Target/GUEST_675cbedc-4799-4c65-899a-e9e25bee0498|https://target.scene7.com/is/image/Target/GUEST_b766658e-b2f5-4950-b813-d376c7800d67
92160543|target|2025-06-03|"Men's Every Wear 7"" Flat Front Chino Shorts - Goodfellow & Co™"|Goodfellow & Co|20.00|20.00||||||dollar|target > Clothing, Shoes & Accessories > Men’s Clothing > Bottoms|target|Clothing, Shoes & Accessories|Men’s Clothing|Bottoms||https://www.target.com/p/men-s-every-wear-7-flat-front-chino-shorts-goodfellow-co/-/A-92160543||Equip yourself for the warmer months in cool style with these Every Wear 7-Inch Flat-Front Chino Shorts from Goodfellow & Co™. Made from cotton-spandex blend fabric with recycled polyester-cotton blend lining, these mid-rise shorts offer all-day comfort. Falling above the knee, these slim-fit shorts are designed with a fly button and zipper closure for a secure fit, while two side and two back pockets provide space for small essentials. Designed in a solid hue, you can pair them with anything from crewneck tees or polos to tanks or sweatshirts for versatile casualwear options.Goodfellow & Co™: Feel good in what you wear, anywhere.|US||92160543|https://digitalcontent.target.com/itemcontent/sizecharts/htmlfragments/men-clothing/all-in-motion-goodfellow-original-use/mens-clothing.html|4.49|33|92160543|92160543|Mens|Shorts|None|98% Cotton, 2% Spandex|98% Cotton, 2% Spandex|Above Knee|None|None|Slim Fit|None|Front Pocket, Back Pocket|Midweight Fabric|Stretch|Machine Wash, Tumble Dry|https://target.scene7.com/is/image/Target/GUEST_cdcc5b22-9f8d-489c-a35e-b5c9c0d96e65|https://target.scene7.com/is/image/Target/GUEST_45f1d3a5-c8ba-42d4-88b5-8a6d2ba8cde4|https://target.scene7.com/is/image/Target/GUEST_fd0a631e-95b5-4e4e-a18c-687bb57c3b4e
93783731|target|2025-06-03|Men's Short Sleeve Poplin Shirt - Goodfellow & Co™ Heathered White|Goodfellow & Co|20.00|20.00||||||dollar|target > Clothing, Shoes & Accessories > Men’s Clothing > Tops|target|Clothing, Shoes & Accessories|Men’s Clothing|Tops||https://www.target.com/p/men-s-short-sleeve-poplin-shirt-goodfellow-co-heathered-white/-/A-93783731||Upgrade your casual wardrobe with this Short-Sleeve Poplin Shirt from Goodfellow & Co™. Tailored in a standard fit, the short-sleeve shirt is made from cotton-blend poplin fabric with added spandex for comfortable wear that moves with you. It features a collared neckline with a button-front design and a chest patch pocket, lending a polished look perfect for dressing up or down with chinos, jeans or trousers.Goodfellow & Co™: Feel good in what you wear, anywhere.|US||93783731|https://digitalcontent.target.com/itemcontent/sizecharts/htmlfragments/men-clothing/all-in-motion-goodfellow-original-use/mens-clothing.html|5.0|6|93783731|93783731|Mens|Shirts|None|97% Cotton, 3% Spandex|97% Cotton, 3% Spandex|None|None|None|Standard Fit|None|Front Pocket|Midweight Fabric|None|Machine Wash, Tumble Dry|https://target.scene7.com/is/image/Target/GUEST_6181ea18-bc7d-4bf8-84c3-696c9bec772c|https://target.scene7.com/is/image/Target/GUEST_72117d22-ec54-4846-b867-11211a662033|https://target.scene7.com/is/image/Target/GUEST_1dcb250d-0b08-492b-a865-ade1b2999f5d
92676422|target|2025-06-03|"Men's 7"" Striped Seersucker Swim Trunks - Goodfellow & Co™"|Goodfellow & Co|25.00|25.00||||||dollar|target > Clothing, Shoes & Accessories > Men’s Clothing > Swimsuits|target|Clothing, Shoes & Accessories|Men’s Clothing|Swimsuits||https://www.target.com/p/men-39-s-7-34-regular-fit-swim-shorts-goodfellow-38-co-8482-red/-/A-92676422||Bring cool flair to your sunny day activities with these Striped Regular-Fit Swim Shorts from Goodfellow & Co™. Made from quick-drying elasterell-recycled polyester blend seersucker fabric, these regular-fit swim shorts offer complete comfort in or out of the water. The UPF 50+ rated material helps keep your skin shielded from the sun, while the full elastic waistband with a front drawstring provides a secure fit. Plus, two side pockets and one back flap pocket come in handy for stashing small essentials. Featuring red and white stripes, these shorts offer a classic look.Goodfellow & Co™: Feel good in what you wear, anywhere.|US||92676422|https://digitalcontent.target.com/itemcontent/sizecharts/htmlfragments/men-clothing/all-in-motion-goodfellow-original-use/mens-clothing.html|4.19|11|92676422|92676422|Mens|Swimsuit Bottoms|None|70% Elasterell-P, 30% Recycled Polyester|70% Elasterell-P, 30% Recycled Polyester|Above Knee|None|None|Regular Fit|None|Mesh Liner, Full Waistband Elastic, Elastic at Leg Opening, Flexible Drawstring, Quick Drying Fabric|None|None|Machine Wash, Tumble Dry|https://target.scene7.com/is/image/Target/GUEST_3f31074a-4279-43e2-86ea-bda81782b7ed|https://target.scene7.com/is/image/Target/GUEST_e442c512-2305-43f5-841a-056626d6d7d1|https://target.scene7.com/is/image/Target/GUEST_505b177b-972c-4f2a-bf59-fbac380ea503
94147071|target|2025-06-03|Men's Short Sleeve Performance T-Shirt - All In Motion™|All In Motion|12.00|12.00||||||dollar|target > Clothing, Shoes & Accessories > Men’s Clothing > Tops|target|Clothing, Shoes & Accessories|Men’s Clothing|Tops||https://www.target.com/p/men-39-s-short-sleeve-performance-t-shirt-all-in-motion-8482/-/A-94147071||Why we're ALL IN:Performance T-shirt in a solid hue with a pullover design, crew neckline, below-waist length and short sleeves. Made from midweight recycled polyester-spandex blend jersey fabric with flat seams, side slits and a regular fit for flexible wear that moves and stretches with you. Boasts moisture-wicking, quick-drying and odor-resistant properties to keep you feeling fresh, cool and dry during any activity.All in Motion™: Inspiring the potential in every body.|US||94147071|https://digitalcontent.target.com/itemcontent/sizecharts/htmlfragments/men-clothing/all-in-motion-goodfellow-original-use/mens-clothing.html|3.57|55|94147071|94147071|Mens|Athletic Tops|None|92% Recycled Polyester, 8% Spandex|92% Recycled Polyester, 8% Spandex|None|None|None|Regular Fit|None|No Pocket, Flat Seams, Quick Drying Fabric, Moisture Wicking Fabric, Odor-Resistant Treatment|Midweight Fabric|None|Machine Wash, Tumble Dry|https://target.scene7.com/is/image/Target/GUEST_b056bc06-e155-4948-b9b1-e91286a55aae|https://target.scene7.com/is/image/Target/GUEST_dcae0fce-8cd2-458f-be7a-ae92da3ee46d|https://target.scene7.com/is/image/Target/GUEST_2b6f4a2c-ca38-40f4-821c-7478384272f0
92922608|target|2025-06-03|"Men's Active Light Run Unlined Shorts 5"" - All In Motion™"|All In Motion|14.0020.00|14.0020.00||||||dollar|target > Clothing, Shoes & Accessories > Men’s Clothing > Bottoms|target|Clothing, Shoes & Accessories|Men’s Clothing|Bottoms||https://www.target.com/p/men-s-5-run-unlined-shorts-all-in-motion/-/A-92922608||Why we're ALL IN:Five-inch run unlined shorts are designed in a solid hue with a mid-rise cut, above-knee length and side vents. Made of a midweight knit fabric blend of recycled polyester and spandex for flexible wear that moves and stretches with you. Boast moisture-wicking and quick-drying properties to help keep you nice and cool during any activity. Zippered side pockets and an elasticized waistband with a flexible drawstring complete the design with functional flair.All in Motion™: Inspiring the potential in every body.|US||92922608|https://digitalcontent.target.com/itemcontent/sizecharts/htmlfragments/men-clothing/all-in-motion-goodfellow-original-use/mens-clothing.html|4.76|33|92922608|92922608|Mens|Shorts|None|86% Recycled Polyester, 14% Spandex|86% Recycled Polyester, 14% Spandex|Above Knee|None|None|Athletic Fit|None|Adjustable Waistband, Full Waistband Elastic, Zippered Pocket, Moisture Wicking Fabric, Quick Drying Fabric, 4-Way Stretch|Midweight Fabric|No Stretch|Machine Wash, Tumble Dry|https://target.scene7.com/is/image/Target/GUEST_d4c4c844-4d0d-4cbd-87a8-83e86ed0874a|https://target.scene7.com/is/image/Target/GUEST_0bddd7b3-494f-4f5f-82f8-ce5221adec59|https://target.scene7.com/is/image/Target/GUEST_0818d6cb-3218-4d4b-a21a-e122594fc261
92892213|target|2025-06-03|Men's Short Sleeve Slub Camp Button-Down Shirt - Goodfellow & Co™|Goodfellow & Co|25.00|25.00||||||dollar|target > Clothing, Shoes & Accessories > Men’s Clothing > Tops|target|Clothing, Shoes & Accessories|Men’s Clothing|Tops||https://www.target.com/p/men-s-short-sleeve-slub-camp-button-down-shirt-goodfellow-co/-/A-92892213||This Short-Sleeve Slub Camp Button-Down Shirt from Goodfellow & Co™ blends timeless style and everyday comfort. Made of 100% cotton, the lightweight shirt is tailored with a below-waist hem and casual fit to offer relaxed, easygoing all-day wear. It features a notch collar neck, full-length button-down front and a back yoke, lending a polished look perfect for dressing up or down with jeans, shorts, joggers and more.Goodfellow & Co™: Feel good in what you wear, anywhere.|US||92892213|https://digitalcontent.target.com/itemcontent/sizecharts/htmlfragments/men-clothing/all-in-motion-goodfellow-original-use/mens-clothing.html|4.4|51|92892213|92892213|Mens|Shirts|None|95% Cotton, 5% Recycled Cotton|95% Cotton, 5% Recycled Cotton|None|None|None|Casual Fit|None|Front Placket|Lightweight Fabric|None|Machine Wash, Tumble Dry|https://target.scene7.com/is/image/Target/GUEST_e19b262a-05a8-4e2c-a303-c006af54c060|https://target.scene7.com/is/image/Target/GUEST_1cb1ca5f-d75b-46f8-af2a-5255c347e22a|https://target.scene7.com/is/image/Target/GUEST_36f22089-5acc-4f00-a2cb-769d374b3a46
92893433|target|2025-06-03|Men's Short Sleeve Knit Button-Down Shirt - Goodfellow & Co™|Goodfellow & Co|25.00|25.00||||||dollar|target > Clothing, Shoes & Accessories > Men’s Clothing > Tops|target|Clothing, Shoes & Accessories|Men’s Clothing|Tops||https://www.target.com/p/men-s-short-sleeve-knit-button-down-shirt-goodfellow-co/-/A-92893433||This Short-Sleeve Knit Button-Down Shirt from Goodfellow & Co™ combines classic charm with everyday comfort. Made of a cotton blend, the midweight shirt is tailored with a below-waist hem, a regular fit and side slits to offer relaxed, easygoing vibes. It boasts a double-knit construction in a solid color and features a notch collar neck, full-length button-down front, chest patch pocket and a back yoke, making it perfect for casual outings and easy to layer.Goodfellow & Co™: Feel good in what you wear, anywhere.|US||92893433|https://digitalcontent.target.com/itemcontent/sizecharts/htmlfragments/men-clothing/all-in-motion-goodfellow-original-use/mens-clothing.html|4.35|35|92893433|92893433|Mens|Shirts|None|97% Cotton, 3% Recycled Polyester|97% Cotton, 3% Recycled Polyester|None|None|None|Regular Fit|None|Front Pocket|Midweight Fabric|None|Machine Wash, Tumble Dry|https://target.scene7.com/is/image/Target/GUEST_13b0a67d-2897-4af8-950b-af1238816fbe|https://target.scene7.com/is/image/Target/GUEST_bebc9ae8-2aa2-4a1a-8a10-05fea22dfc1e|https://target.scene7.com/is/image/Target/GUEST_2909b382-0ddf-45cd-b24e-29df580e4cea
78187580|target|2025-06-03|Hanes Men's Boxer Briefs|Hanes|18.00|18.00||||||dollar|target > Clothing, Shoes & Accessories > Men’s Clothing > Underwear|target|Clothing, Shoes & Accessories|Men’s Clothing|Underwear||https://www.target.com/p/hanes-men-s-boxer-briefs/-/A-78187580||STAY COOL, STAY COMFYThis Hanes Value Pack includes five pairs of men's boxer briefs crafted from soft and breathable cotton for everyday comfort. You'll appreciate the no-ride-up fit, smooth Tagless® interior, and an improved Comfort Flex® waistband that now adjusts to fit you. Moisture-wicking Cool Comfort® fabric helps keep you cool and comfortable - no matter how long your day is. Stock up and save with this multi-pack of men's boxer briefs so you can always keep a clean pair of Hanes underwear on hand.|US||78187580|https://digitalcontent.target.com/itemcontent/sizecharts/htmlfragments/men-underwear/hanes/hanes-mens-underwear.html|4.31|1974|78187580|78187580|Mens|Underwear|None|75% Cotton, 25% Polyester|75% Cotton, 25% Polyester|None|None|None|None|None|Tagless, Breathable Fabric, Moisture Wicking Fabric|Lightweight Fabric|None|Machine Wash, Tumble Dry|https://target.scene7.com/is/image/Target/GUEST_8d3528ea-f6d0-414c-aa29-02f731837285|https://target.scene7.com/is/image/Target/GUEST_0c8ab765-e063-453f-b12a-1987860d1e91|https://target.scene7.com/is/image/Target/GUEST_2c0186b5-29b1-4667-b1f9-10fabb89f074
93769499|target|2025-06-03|Mens Im Not Retired Im A Professional Grandpa T Shirt Funny Papa Fathers Day Tee - Crazy Dog Men's T Shirt|Crazy Dog T-Shirts, Inc.|10.7917.99|10.7917.99||||||dollar|target > Clothing, Shoes & Accessories > Men’s Clothing > Tops|target|Clothing, Shoes & Accessories|Men’s Clothing|Tops||https://www.target.com/p/mens-im-not-retired-im-a-professional-grandpa-t-shirt-funny-papa-fathers-day-tee-crazy-dog-men-s-t-shirt/-/A-93769499||Happy fathers day to our grandfathers! When you’re spending this Father’s Day backyard grilling, golfing, or fishing with pop, show papa you think he’s the Best Dad ever with our pun shirts. Check out our other Happy Fathers Day shirts, socks, glasses and grilling aprons for the perfect gift to let your dad in on the ultimate dad jokes! Calling all fun, cool Grandpas! At Crazy Dog T Shirts, we are Proud of ourselves in making funny, awesome tees every family member will love. Whether you're at the family BBQ cookout or enjoying the holidays with your family, show your Grandads you care with a gift of our hilarious Grandfather themed shirts and hoodies. Add some pizazz to your professional look! Brighten up your time in the office by bringing smiles to your coworkers in a Crazy Dog T Shirt funny necktie. We have a tie for everybody! Geeky gamer ties, witty pun science tie, foodie neckties, Christmas necktie, Halloween ties, and more for anybody on your gift giving list! Unique and hilarious, Crazy Dog funny shirts for men and shirts with sayings make great gifts for family, friends and coworkers. Our men's novelty t-shirts are perfect for the witty and sarcastic nerd, geek, or ultra cool guy who's looking to strut his stuff in comfort and style. Our shirts with funny sayings are made with a soft spun poly cotton blend. Comfortable and charming, our funny t shirts for men will quickly become his new favorite shirt. Available in a wide range of colors, sizes and styles, our mens funny t shirts pair well with his favorite pair of jeans, shorts or sweatpants. Find the eye catching funny shirt your dad, brother, husband or boyfriend will love. Our funny dad shirt, sarcastic tshirts for men and funny gifts for brother are great for birthdays, holidays and just because. Perfect for the one who appreciates funny sarcastic shirts and gag gifts. We have sayings perfect for the parent, gamer, camper, golfer, dog and cat lover in your life|US||93769499|https://digitalcontent.target.com/itemcontent/sizecharts/htmlfragments/mens-clothing/crazy-dog-t-shirts,-inc./mens-t-shirt-2.html|4.5|2|93769499|93769499|Men|Shirts|None|None|None|None|None|None|Casual Fit|None|No Pocket, Pre Shrunk|Midweight Fabric|None|Machine Wash, Tumble Dry|https://target.scene7.com/is/image/Target/GUEST_2c7e6f90-c18c-48f0-a5df-ff1123fac2df|https://target.scene7.com/is/image/Target/GUEST_dd5b2994-6c98-471e-acfc-52f2c01cfed8|https://target.scene7.com/is/image/Target/GUEST_38d23115-e5b7-483f-8537-06ddda04e109
89657786|target|2025-06-03|"Men's 7"" Tech Pull-On Shorts - Goodfellow & Co™ Light Taupe"|Goodfellow & Co|28.00|28.00||||||dollar|target > Clothing, Shoes & Accessories > Men’s Clothing > Bottoms|target|Clothing, Shoes & Accessories|Men’s Clothing|Bottoms||https://www.target.com/p/men-39-s-7-34-regular-fit-tech-pull-on-shorts-goodfellow-38-co-8482-light-taupe/-/A-89657786||Elevate your casual ensembles effortlessly with these 7-Inch Regular-Fit Tech Pull-On Shorts from Goodfellow & Co™. These regular-fit shorts made from midweight woven fabric with four-way stretch make a comfy staple for everyday wear. Hitting above the knee, they're designed in a light taupe shade for easy coordination with a variety of casual looks. The front drawstring fastening offers a secure fit, while the side pockets and a back patch pocket provide space for your everyday essentials.Goodfellow & Co™: Where style & fit are always in good company.|US||89657786|https://digitalcontent.target.com/itemcontent/sizecharts/htmlfragments/men-clothing/all-in-motion-goodfellow-original-use/mens-clothing.html|4.8|86|89657786|89657786|Mens|Shorts|None|91% Recycled Polyester, 9% Spandex|91% Recycled Polyester, 9% Spandex|Above Knee|None|None|Regular Fit|None|Inside Pocket, Zippered Pocket, 4-Way Stretch|Midweight Fabric|Stretch|Machine Wash, Tumble Dry|https://target.scene7.com/is/image/Target/GUEST_ff9db259-600d-4be6-9766-cdabaebe17f1|https://target.scene7.com/is/image/Target/GUEST_b20ba90b-209a-4073-8b82-6fe8ed461f26|https://target.scene7.com/is/image/Target/GUEST_d74b9b4d-8b63-4ada-8118-fae4eedb0949
92160530|target|2025-06-03|"Men's 11"" Cargo Shorts - Goodfellow & Co™"|Goodfellow & Co|28.00|28.00||||||dollar|target > Clothing, Shoes & Accessories > Men’s Clothing > Bottoms|target|Clothing, Shoes & Accessories|Men’s Clothing|Bottoms||https://www.target.com/p/men-39-s-11-34-cargo-shorts-goodfellow-38-co-8482/-/A-92160530||Update your summer closet with these Cargo Shorts from Goodfellow & Co™. Crafted from cotton-blend fabric with added spandex, these mid-rise cargo shorts offer you all-day comfort and easy movement. It's designed with a fly button and zipper closure for a secure fit, while the side inner pockets, back flap pockets and cargo pockets patch space for everyday essentials. In a solid hue, you can pair them with crewneck tees, tanks, polos or sweatshirts to create an array of cool casualwear outfits.Goodfellow & Co™: Feel good in what you wear, anywhere.|US||92160530|https://digitalcontent.target.com/itemcontent/sizecharts/htmlfragments/men-clothing/all-in-motion-goodfellow-original-use/mens-clothing.html|4.57|78|92160530|92160530|Mens|Shorts|None|98% Cotton, 2% Spandex|98% Cotton, 2% Spandex|Below Knee|None|None|Regular Fit|None|Cargo Pocket|Midweight Fabric|Stretch|Machine Wash, Tumble Dry|https://target.scene7.com/is/image/Target/GUEST_6ceb6a1b-5f69-40fc-a068-f95b1e94d14d|https://target.scene7.com/is/image/Target/GUEST_04382e93-5581-4764-8c24-8632f646c298|https://target.scene7.com/is/image/Target/GUEST_5ad65104-23ae-4124-8321-44f4b261538b
93034814|target|2025-06-03|"Men's 7"" Active Light Lined Run Shorts - All In Motion™"|All In Motion|20.00|20.00||||||dollar|target > Clothing, Shoes & Accessories > Men’s Clothing > Bottoms|target|Clothing, Shoes & Accessories|Men’s Clothing|Bottoms||https://www.target.com/p/men-39-s-7-34-lined-run-shorts-all-in-motion-8482/-/A-93034814||Why we're ALL IN:Lined run shorts in a solid hue with an above-knee length, side vents and a mesh liner with a side pocket. Made of a lightweight fabric blend of recycled polyester and spandex with four-way stretch for flexible wear. Boast moisture-wicking, quick-drying and odor-resistant properties to help keep you nice and cool during any activity. The full elastic waistband offers a snug and stay-put fit, while zippered side pockets provide a secure spot for on-the-go essentials.All in Motion™: Inspiring the potential in every body.|US||93034814|https://digitalcontent.target.com/itemcontent/sizecharts/htmlfragments/men-clothing/all-in-motion-goodfellow-original-use/mens-clothing.html|4.64|22|93034814|93034814|Mens|Shorts|None|86% Recycled Polyester, 14% Spandex|86% Recycled Polyester, 14% Spandex|Above Knee|None|None|Classic Fit|None|Zippered Pocket, Full Waistband Elastic, Moisture Wicking Fabric, Quick Drying Fabric, 4-Way Stretch, Odor Control Treatment|Lightweight Fabric|No Stretch|Machine Wash, Tumble Dry|https://target.scene7.com/is/image/Target/GUEST_84ca39e7-2eaf-41c2-8e58-44e1b91a7f96|https://target.scene7.com/is/image/Target/GUEST_d8c03ea6-2c54-4b39-afcf-f92fbb0221ca|https://target.scene7.com/is/image/Target/GUEST_598339c2-0c6f-4fd9-9e14-c04bb41b7644
94128399|target|2025-06-03|Men's Open Stitch Polo Sweater - Goodfellow & Co™ Cream|Goodfellow & Co|25.00|25.00||||||dollar|target > Clothing, Shoes & Accessories > Men’s Clothing > Tops > Sweaters|target|Clothing, Shoes & Accessories|Men’s Clothing|Tops|Sweaters|https://www.target.com/p/men-s-open-stitch-polo-sweater-goodfellow-co-cream/-/A-94128399||Add a stylish touch of flair to your wardrobe with this Open-Stitch Sweater Polo Shirt from Goodfellow & Co™. Crafted from a midweight blend of cotton, viscose and nylon, this pointelle sweater is adorned with an open-stitch pattern in a solid shade. It features a collared neckline with a full-length button placket down the front, short sleeves and ribbed edges for a refined look. Pair with shorts and sneakers for smart-casual vibes or dress it up a bit with jeans or tailored pants and loafers.Goodfellow & Co™: Feel good in what you wear, anywhere.|US||94128399|https://digitalcontent.target.com/itemcontent/sizecharts/htmlfragments/men-clothing/all-in-motion-goodfellow-original-use/mens-clothing.html|4.4|5|94128399|94128399|Mens|Sweaters and Shawls|None|60% Cotton, 20% Viscose, 20% Nylon|60% Cotton, 20% Viscose, 20% Nylon|None|None|None|Casual Fit|None|No Pocket|Midweight Fabric|None|Machine Wash, Line Dry or Lay Flat to Dry|https://target.scene7.com/is/image/Target/GUEST_3d7dd615-9095-4ea3-a9c6-bba5567a9348|https://target.scene7.com/is/image/Target/GUEST_a49b9782-e431-490d-ae68-6cc739c94c69|https://target.scene7.com/is/image/Target/GUEST_cd95fc4b-162f-422a-86fa-fbb944ff7bf1
93547802|target|2025-06-03|Mens My Favorite People Call Me Grandpa T Shirt Funny Fathers Day Tee For Guys - Crazy Dog Men's T Shirt|Crazy Dog T-Shirts, Inc.|11.6917.99|11.6917.99||||||dollar|target > Clothing, Shoes & Accessories > Men’s Clothing > Tops|target|Clothing, Shoes & Accessories|Men’s Clothing|Tops||https://www.target.com/p/mens-my-favorite-people-call-me-grandpa-tshirt-funny-fathers-day-tee-for-guys-crazy-dog-men-s-t-shirt/-/A-93547802||Let them know that you care this Father's Day! When you’re spending this Father’s Day backyard grilling, golfing, or fishing with pop, show papa you think he’s the Best Dad ever with our pun shirts. Check out our other Happy Fathers Day shirts, socks, glasses and grilling aprons for the perfect gift to let your dad in on the ultimate dad jokes! Calling all fun, cool Grandpas! At Crazy Dog T Shirts, we are Proud of ourselves in making funny, awesome tees every family member will love. Whether you're at the family BBQ cookout or enjoying the holidays with your family, show your Grandads you care with a gift of our hilarious Grandfather themed shirts and hoodies. Unique and hilarious, Crazy Dog funny shirts for men and shirts with sayings make great gifts for family, friends and coworkers. Our men's novelty t-shirts are perfect for the witty and sarcastic nerd, geek, or ultra cool guy who's looking to strut his stuff in comfort and style. Our shirts with funny sayings are made with a soft spun poly cotton blend. Comfortable and charming, our funny t shirts for men will quickly become his new favorite shirt. Available in a wide range of colors, sizes and styles, our mens funny t shirts pair well with his favorite pair of jeans, shorts or sweatpants. Find the eye catching funny shirt your dad, brother, husband or boyfriend will love. Our funny dad shirt, sarcastic tshirts for men and funny gifts for brother are great for birthdays, holidays and just because. Perfect for the one who appreciates funny sarcastic shirts and gag gifts. We have sayings perfect for the parent, gamer, camper, golfer, dog and cat lover in your life. Crazy Dog funny graphic tees for men are made in the USA. Our men's funny t-shirts are printed with high grade ink and state-of-the-art equipment. These funny mens shirts are designed to last and won't fade over time. Crazy Dog men's novelty shirts are comfy, stretchy and crafted with super soft material|US||93547802|https://digitalcontent.target.com/itemcontent/sizecharts/htmlfragments/mens-clothing/crazy-dog-t-shirts,-inc./mens-t-shirt-2.html|0.0|0|93547802|93547802|Men|Shirts|None|None|None|None|None|None|Casual Fit|None|No Pocket, Pre Shrunk|Midweight Fabric|None|Machine Wash, Tumble Dry|https://target.scene7.com/is/image/Target/GUEST_aff7fb89-f1d0-4524-bc94-3a3d4b6343ca|https://target.scene7.com/is/image/Target/GUEST_61be49d8-5c74-464b-a109-26c4407abd29|https://target.scene7.com/is/image/Target/GUEST_aaa78a1a-5e37-465e-adbf-a813f2a0793e
93799210|target|2025-06-03|Funny Dad T Shirts Manly Tees for Parents Cool Mens Shirts for Fathers Day - Crazy Dog Men's T Shirt|Crazy Dog T-Shirts, Inc.|11.6917.99|11.6917.99||||||dollar|target > Clothing, Shoes & Accessories > Men’s Clothing > Tops|target|Clothing, Shoes & Accessories|Men’s Clothing|Tops||https://www.target.com/p/mens-funny-t-shirts-the-summer-of-dad-sarcastic-vacation-graphic-tee-for-dads-crazy-dog-men-s-t-shirt/-/A-93799210||These dad tees are the best. When you’re spending this Father’s Day backyard grilling, golfing, or fishing with pop, show papa you think he’s the Best Dad ever with our pun shirts. Check out our other Happy Fathers Day shirts, socks, glasses and grilling aprons for the perfect gift to let your dad in on the ultimate dad jokes! Add some flair and show off your unique sense of humor on your next beach vacation or trip out of town. Vacation is all you ever wanted so make packing easy with our collection of funny tees, tank tops, cozy hoodies, and yoga pants. Commemorate your family vacation with fun matching socks or uniquely cute coffee mugs. Unique and hilarious, Crazy Dog funny shirts for men and shirts with sayings make great gifts for family, friends and coworkers. Our men's novelty t-shirts are perfect for the witty and sarcastic nerd, geek, or ultra cool guy who's looking to strut his stuff in comfort and style. Our shirts with funny sayings are made with a soft spun poly cotton blend. Comfortable and charming, our funny t shirts for men will quickly become his new favorite shirt. Available in a wide range of colors, sizes and styles, our mens funny t shirts pair well with his favorite pair of jeans, shorts or sweatpants. Find the eye catching funny shirt your dad, brother, husband or boyfriend will love. Our funny dad shirt, sarcastic tshirts for men and funny gifts for brother are great for birthdays, holidays and just because. Perfect for the one who appreciates funny sarcastic shirts and gag gifts. We have sayings perfect for the parent, gamer, camper, golfer, dog and cat lover in your life. Crazy Dog funny graphic tees for men are made in the USA. Our men's funny t-shirts are printed with high grade ink and state-of-the-art equipment. These funny mens shirts are designed to last and won't fade over time. Crazy Dog men's novelty shirts are comfy, stretchy and crafted with super soft material|US||93799210|https://digitalcontent.target.com/itemcontent/sizecharts/htmlfragments/mens-clothing/crazy-dog-t-shirts,-inc./mens-t-shirt-2.html|5.0|2|93799210|93799210|Men|Shirts|None|None|None|None|None|None|Casual Fit|None|No Pocket, Pre Shrunk|Midweight Fabric|None|Machine Wash, Tumble Dry|https://target.scene7.com/is/image/Target/GUEST_7a94fdde-7c11-4a4c-bcf8-8e39d614e842|https://target.scene7.com/is/image/Target/GUEST_98063a53-151c-4efb-a6de-402c33fdaa3e|https://target.scene7.com/is/image/Target/GUEST_aaa78a1a-5e37-465e-adbf-a813f2a0793e
82983347|target|2025-06-03|Hanes Men's Ribbed Moisture-Wicking Tank Top Undershirt 6pk - Gray/Black|Hanes|22.00|22.00||||||dollar|target > Clothing, Shoes & Accessories > Men’s Clothing > Tops|target|Clothing, Shoes & Accessories|Men’s Clothing|Tops||https://www.target.com/p/hanes-men-s-ribbed-moisture-wicking-tank-top-undershirt-6pk-gray-black/-/A-82983347||Not all tank undershirts are the same. The experts at Hanes® spend their days making basic ribbed tank undershirts even better. These ComfortSoft® cotton tanks (heathers are a cotton blend) now feature a longer length and all-day flex fabric that moves with you and maintains the fit you expect. Cool Comfort® moisture-wicking fabric works to keep you feeling cool and comfy - no matter what the day brings. Soft and lightweight, these cotton tanks are designed with a banded scoop neckline and armholes for exceptional sturdiness. One more detail you'll appreciate is the Tagless® design for itch-free comfort. Stock up on these Hanes-best cotton tank undershirts for men in a convenient multipack.|US||82983347|https://digitalcontent.target.com/itemcontent/sizecharts/htmlfragments/men-underwear/hanes/hanes-mens-underwear.html|4.34|1104|82983347|82983347|Mens|Shirts|None|100% Cotton|100% Cotton|None|None|None|Classic Fit|None|Tagless, Breathable Fabric, Moisture Wicking Fabric|Lightweight Fabric|None|Machine Wash, Tumble Dry|https://target.scene7.com/is/image/Target/GUEST_99e5377d-73ab-4574-882b-386f57941960|https://target.scene7.com/is/image/Target/GUEST_091b1d3d-6a45-45c8-9aa8-5cfbd03c69f7|https://target.scene7.com/is/image/Target/GUEST_ea46941d-0c40-4bfd-b6ef-6375f943be36
94728134|target|2025-06-03|Men's Short Sleeve Graphic T-Shirt - Goodfellow & Co™ White|Goodfellow & Co|13.00|13.00||||||dollar|target > Clothing, Shoes & Accessories > Men’s Clothing > Tops|target|Clothing, Shoes & Accessories|Men’s Clothing|Tops||https://www.target.com/p/men-s-short-sleeve-graphic-t-shirt-goodfellow-co-white/-/A-94728134||Discover ultimate casual fashion with this Short-Sleeve Graphic T-shirt from Goodfellow & Co™. Made from cotton-recycled polyester blend fabric, this short-sleeve T-shirt features a cool print on the front and a large aquatic graphic on the back for a cool look. It's tailored in a standard fit and is a perfect pick for laid-back days. Pair it with jeans or shorts for casual outings, picnics or BBQs. Goodfellow & Co™: Feel good in what you wear, anywhere.|US||94728134|https://digitalcontent.target.com/itemcontent/sizecharts/htmlfragments/men-clothing/all-in-motion-goodfellow-original-use/mens-clothing.html|3.0|1|94728134|94728134|Mens|Shirts|None|60% Cotton, 40% Recycled Polyester|60% Cotton, 40% Recycled Polyester|None|None|None|Standard Fit|None|No Pocket|Lightweight Fabric|None|Machine Wash, Tumble Dry|https://target.scene7.com/is/image/Target/GUEST_ca875721-e50e-4db5-836c-25346ce82cdf|https://target.scene7.com/is/image/Target/GUEST_ce18f142-782f-4530-925b-0cb7e2f91f5e|https://target.scene7.com/is/image/Target/GUEST_c6dca8e8-649f-483e-95b6-26e413180fa1
88952247|target|2025-06-03|"Men's 7"" Woven Tech E-Waist Pull-On Shorts - Goodfellow & Co™"|Goodfellow & Co|28.00|28.00||||||dollar|target > Clothing, Shoes & Accessories > Men’s Clothing > Bottoms|target|Clothing, Shoes & Accessories|Men’s Clothing|Bottoms||https://www.target.com/p/men-s-7-woven-tech-e-waist-pull-on-shorts-goodfellow-co/-/A-88952247||Greet warm-weather days with comfort and style with these Woven Tech E-Waist Pull-On Shorts from Goodfellow & Co™. Made from wrinkle-resistant, four-way stretch fabric, these mid-rise shorts offer you all-day cool comfort. The UPF 50+ rated material offers protection from the sun, while the quick-dry fabric helps keep you feeling fresh and confident. Designed with a front drawstring for a customizable fit, these regular-fit solid shorts feature two side pockets and one back pocket for functional flair. Goodfellow & Co™: Where style & fit are always in good company.|US||88952247|https://digitalcontent.target.com/itemcontent/sizecharts/htmlfragments/men-clothing/all-in-motion-goodfellow-original-use/mens-clothing.html|4.61|104|88952247|88952247|Mens|Shorts|None|91% Recycled Polyester, 9% Spandex|91% Recycled Polyester, 9% Spandex|Above Knee|None|None|Regular Fit|None|Inside Pocket, Zippered Pocket, 4-Way Stretch|Midweight Fabric|Stretch|Machine Wash, Tumble Dry|https://target.scene7.com/is/image/Target/GUEST_30b67be8-b8f7-4d01-ad63-b352bd453cc6|https://target.scene7.com/is/image/Target/GUEST_f103d757-2b2b-47f2-90c2-e1e778cee447|https://target.scene7.com/is/image/Target/GUEST_b9bfa241-ff76-435f-a662-b4124964f941
94282850|target|2025-06-03|Men's Textured Johnny Collar Sweater - Goodfellow & Co™|Goodfellow & Co|25.00|25.00||||||dollar|target > Clothing, Shoes & Accessories > Men’s Clothing > Tops > Sweaters|target|Clothing, Shoes & Accessories|Men’s Clothing|Tops|Sweaters|https://www.target.com/p/men-s-textured-johnny-collar-sweater-goodfellow-co/-/A-94282850||Add a touch of classic sporty style to your wardrobe with this Textured Johnny Collar Sweater from Goodfellow & Co™. This solid-color shirt is made of a lightweight blend of cotton, viscose and nylon with a textured pattern for a chic look. Featuring a Johnny collar, short sleeves and ribbed edges, this pullover sweater is tailored in a casual fit with below-the-waist length for comfortable wear. Pair with shorts and sneakers for smart, casual vibes, or dress it up a bit with jeans or tailored pants and loafers.Goodfellow & Co™: Feel good in what you wear, anywhere.|US||94282850|https://digitalcontent.target.com/itemcontent/sizecharts/htmlfragments/men-clothing/all-in-motion-goodfellow-original-use/mens-clothing.html|4.0|3|94282850|94282850|Mens|Sweaters and Shawls|None|60% Cotton, 20% Viscose, 20% Nylon|60% Cotton, 20% Viscose, 20% Nylon|None|None|None|Casual Fit|None|No Pocket, Yarn Dye|Lightweight Fabric|None|Machine Wash, Line Dry or Lay Flat to Dry|https://target.scene7.com/is/image/Target/GUEST_948635ba-38ce-458f-85d5-ebfcd8462542|https://target.scene7.com/is/image/Target/GUEST_600169d5-3bf9-4825-b901-e9103a5873d0|https://target.scene7.com/is/image/Target/GUEST_a50a9d47-ade5-4a7b-91ab-f0b0f1f5c4a3
89842718|target|2025-06-03|"Men's 5"" Active Light Run Lined Short - All In Motion™"|All In Motion|20.00|20.00||||||dollar|target > Clothing, Shoes & Accessories > Men’s Clothing > Bottoms|target|Clothing, Shoes & Accessories|Men’s Clothing|Bottoms||https://www.target.com/p/men-s-run-shorts-5-all-in-motion/-/A-89842718||Why we're ALL IN:Solid-hued gym shorts made from lightweight recycled polyester with 4-way stretch for easy movement. Tailored in a mid-rise cut with a regular fit, they feature moisture-wicking, quick-drying properties to help keep you feeling fresh and comfortable. The full elastic waistband offers a secure and customizable fit, while a split hem and zippered side pocket complete the design with functional flair.All in Motion™: Made for every move, priced for every day.|US||89842718|https://digitalcontent.target.com/itemcontent/sizecharts/htmlfragments/men-clothing/all-in-motion-goodfellow-original-use/mens-clothing.html|4.56|222|89842718|89842718|Mens|Athletic Bottoms|None|86% Recycled Polyester, 14% Spandex|86% Recycled Polyester, 14% Spandex|Above Knee|None|None|Classic Fit|None|Full Waistband Elastic, Drawstring Waistband, Zippered Pocket, 4-Way Stretch, Quick Drying Fabric, Moisture Wicking Fabric|Lightweight Fabric|None|Machine Wash, Tumble Dry|https://target.scene7.com/is/image/Target/GUEST_277eaa96-e1a5-491e-92cb-a109c6824d32|https://target.scene7.com/is/image/Target/GUEST_24d68035-021a-4433-893a-3110776620ca|https://target.scene7.com/is/image/Target/GUEST_e86b1680-d7d6-4680-b6d3-18feab4e94f7
92991656|target|2025-06-03|"Men's Everyday Woven Shorts 8"" - All In Motion™"|All In Motion|20.00|20.00||||||dollar|target > Clothing, Shoes & Accessories > Men’s Clothing > Bottoms|target|Clothing, Shoes & Accessories|Men’s Clothing|Bottoms||https://www.target.com/p/men-39-s-8-34-everyday-woven-shorts-all-in-motion-8482/-/A-92991656||Why we're ALL IN:Everyday woven shorts in a solid hue with an at-knee length. Made of lightweight twill fabric blend of recycled polyester and spandex with 100% recycled polyester lining for comfortable wear. Boast moisture-wicking and quick-drying properties to help keep you nice and cool during any activity. The full elastic waistband with a flexible drawstring offers a snug and customizable fit, and zippered side pockets provide a secure spot for on-the-go essentials.All in Motion™: Inspiring the potential in every body.|US||92991656|https://digitalcontent.target.com/itemcontent/sizecharts/htmlfragments/men-clothing/all-in-motion-goodfellow-original-use/mens-clothing.html|4.55|22|92991656|92991656|Mens|Shorts|None|86% Recycled Polyester, 14% Spandex|86% Recycled Polyester, 14% Spandex|At Knee|None|None|Regular Fit|None|Zippered Pocket, Drawstring Waistband, Quick Drying Fabric, Moisture Wicking Fabric, Moisture Management Treatment|Lightweight Fabric|Stretch|Machine Wash, Tumble Dry|https://target.scene7.com/is/image/Target/GUEST_ffc94766-abf3-48d6-8571-a7eee73cc8d5|https://target.scene7.com/is/image/Target/GUEST_54b21ff5-6bd3-4644-94a6-298964d2b5d8|https://target.scene7.com/is/image/Target/GUEST_978bbbc1-161a-4bf7-b601-b3427150d2b2
81854318|target|2025-06-03|Men's Compression Over The Calf Socks 2pk - All In Motion™ Black 6-12: Arch Support, Cushioned Heel & Toe|All In Motion|12.00|12.00||||||dollar|target > Clothing, Shoes & Accessories > Activewear > Men’s Activewear|target|Clothing, Shoes & Accessories|Activewear|Men’s Activewear||https://www.target.com/p/men-39-s-compression-over-the-calf-socks-2pk-all-in-motion-8482-black-6-12/-/A-81854318||Why we're ALL IN:Providing extra support and cushioning on the feet and calves are a pair of knee-high compression socks. Moisture-wicking properties are built for cool wear, complete with odor-resistant technology further enhancing the fresh feel. Zone cushioning and arch support lend extra comfort on areas of the feet that need it most, and reinforcement on the heel and toe helps the socks retain their shape. When families come together to discover the joy of staying active, All in Motion is there to make it easy and comfortable to embrace a bustling lifestyle. From running errands to running intervals, the collection AIMs to propel you forward with thoughtfully designed pieces that fit and feel great — movement is the core of this performance line, with a 100% satisfaction guarantee.|US||81854318|https://digitalcontent.target.com/itemcontent/sizecharts/htmlfragments/men-accessories/owned-brand-socks/mens-owned-brand-socks.html|4.46|205|81854318|81854318|Mens|Socks|None|93% Nylon, 7% Spandex|93% Nylon, 7% Spandex|None|None|None|None|None|Arch Support, Cushioned Heel and Toe|Midweight Fabric|None|Machine Wash, Tumble Dry|https://target.scene7.com/is/image/Target/GUEST_d563cffc-c310-4420-b915-a5686b79fac7|https://target.scene7.com/is/image/Target/GUEST_7bace196-174d-4345-b155-37e9daa61cf5|https://target.scene7.com/is/image/Target/GUEST_45a02963-fbee-4379-9f92-7f07ff95e75c
53081030|target|2025-06-03|Men's Flat Knit Dress Socks 5pk - Goodfellow & Co™ Black 7-12|Goodfellow & Co|14.00|14.00||||||dollar|target > Clothing, Shoes & Accessories > Men’s Clothing > Socks|target|Clothing, Shoes & Accessories|Men’s Clothing|Socks||https://www.target.com/p/men-39-s-flat-knit-dress-socks-5pk-goodfellow-38-co-8482-black-7-12/-/A-53081030||Bring comfort to your everyday essentials with this 5-Pack Rib Dress Socks from Goodfellow & Co™. Available in a pack of five in solid black, these men's dress socks feature a rib-knit construction crafted from a lightweight fabric, along with a crew cut that makes for a timeless design. The timeless style and neutral colors pair easily with a variety of footwear, from Oxfords to chukka boots to boat shoes, making them suitable for many occasions.|US||53081030|https://digitalcontent.target.com/itemcontent/sizecharts/htmlfragments/men-accessories/owned-brand-socks/mens-owned-brand-socks.html|4.55|150|53081030|53081030|Mens|Socks|None|69% Recycled Polyester, 24% Cotton, 5% Polyester, 2% Spandex|69% Recycled Polyester, 24% Cotton, 5% Polyester, 2% Spandex|None|None|None|None|None|Reinforced Toe, Reinforced Heel|Lightweight Fabric|None|Machine Wash, Tumble Dry|https://target.scene7.com/is/image/Target/GUEST_7ef04424-0370-4e97-a87e-4398aa7b3284|https://target.scene7.com/is/image/Target/GUEST_87dcdf19-8765-4bf7-9a58-b87800f072bb|None
92128100|target|2025-06-03|Men's Trunks 5pk - Goodfellow & Co™ Black|Goodfellow & Co|20.00|20.00||||||dollar|target > Clothing, Shoes & Accessories > Men’s Clothing > Underwear|target|Clothing, Shoes & Accessories|Men’s Clothing|Underwear||https://www.target.com/p/men-39-s-trunks-5pk-goodfellow-38-co-8482-black/-/A-92128100||Prepare for any occasion in comfort and style with the 5-Pack of Trunks from Goodfellow & Co™ from Goodfellow & Co™. This underwear set includes five pairs of tag-free, mid-rise trunks in solid black to refresh your essentials drawer with elegant versatility. They're made of lightweight jersey cotton with a hint of elastane and have plush elasticized waistbands to give you a flexible, comfortable fit that moves with you.Goodfellow & Co™: Feel good in what you wear, anywhere.|US||92128100|https://digitalcontent.target.com/itemcontent/sizecharts/htmlfragments/men-clothing/all-in-motion-goodfellow-original-use/mens-clothing.html|3.45|34|92128100|92128100|Mens|Underwear|None|95% Cotton, 5% Elastane|95% Cotton, 5% Elastane|None|None|None|None|None|Full Waistband Elastic|Lightweight Fabric|None|Machine Wash, Tumble Dry|https://target.scene7.com/is/image/Target/GUEST_f62beb4d-675f-4d9e-977d-00ae80b10d10|https://target.scene7.com/is/image/Target/GUEST_db5c6711-984e-4e77-84ef-dfc72990a04b|https://target.scene7.com/is/image/Target/GUEST_765501c9-1f45-4c12-90a8-6562f1929999
87273744|target|2025-06-03|Men's Jersey Polo Shirt - All In Motion™|All In Motion|20.00|20.00||||||dollar|target > Clothing, Shoes & Accessories > Men’s Clothing > Tops|target|Clothing, Shoes & Accessories|Men’s Clothing|Tops||https://www.target.com/p/men-s-jersey-polo-shirt-all-in-motion/-/A-87273744||Why we're ALL IN:This jersey polo tee helps create a cool, sporty look. Designed with soft and stretchy fabric, this lightweight T-shirt offer flexible comfort, and the collared neckline with 3-button closure makes for ease of wear. Plus, the below-waist length and solid hue allows for easy pairing with a variety of bottoms.All in Motion™: Made for every move, priced for every day.|US||87273744|https://digitalcontent.target.com/itemcontent/sizecharts/htmlfragments/men-clothing/all-in-motion-goodfellow-original-use/mens-clothing.html|4.68|259|87273744|87273744|Mens|Athletic Tops|None|90% Recycled Polyester, 10% Spandex|90% Recycled Polyester, 10% Spandex|None|None|None|Regular Fit|None|Side Vent, No Roll Collar, Stretch Fabric, Moisture Wicking Fabric|Midweight Fabric|None|Machine Wash, Tumble Dry|https://target.scene7.com/is/image/Target/GUEST_666edee0-2314-4398-b366-99ae2cda8998|https://target.scene7.com/is/image/Target/GUEST_4a93b6d3-a164-4ad0-9a5e-cd6f5bebf77d|https://target.scene7.com/is/image/Target/GUEST_8baab7a4-41e4-4bea-8e5a-6765c650e242
93300547|target|2025-06-03|Men's Linen Blend Pull-On Pants - Goodfellow & Co™ Cream|Goodfellow & Co|30.00|30.00||||||dollar|target > Clothing, Shoes & Accessories > Men’s Clothing > Bottoms|target|Clothing, Shoes & Accessories|Men’s Clothing|Bottoms||https://www.target.com/p/men-39-s-pull-on-pants-goodfellow-38-co-8482-cream/-/A-93300547||These Pull-On Pants from Goodfellow & Co™ add comfort and style to your everyday wardrobe. Boasting a midweight linen-rayon blend construction, these woven pants are fashioned in a cream color with functional side pockets and a buttoned patch pocket at the back. They have an elasticized waistband with a drawcord so that you can get the right, customizable fit every time.Goodfellow & Co™: Feel good in what you wear, anywhere.|US||93300547|https://digitalcontent.target.com/itemcontent/sizecharts/htmlfragments/men-clothing/all-in-motion-goodfellow-original-use/mens-clothing.html|4.46|11|93300547|93300547|Mens|Pants|None|55% Linen, 45% Rayon|55% Linen, 45% Rayon|Full|None|None|Straight Leg with a Casual Fit|None|Back Pocket, Front Pocket|Midweight Fabric|No Stretch|Machine Wash, Tumble Dry|https://target.scene7.com/is/image/Target/GUEST_72476e6a-b3c4-4c0c-bcc1-2bd918f5cbd7|https://target.scene7.com/is/image/Target/GUEST_8c51693d-deac-4047-bdf2-5cd94d2fc7e6|https://target.scene7.com/is/image/Target/GUEST_907ffc2e-60ea-43a7-a376-dd68baf2a4ba
94282851|target|2025-06-03|Men's Striped Full Button Sweater - Goodfellow & Co™ Navy Blue|Goodfellow & Co|25.00|25.00||||||dollar|target > Clothing, Shoes & Accessories > Men’s Clothing > Tops > Sweaters|target|Clothing, Shoes & Accessories|Men’s Clothing|Tops|Sweaters|https://www.target.com/p/men-39-s-striped-full-button-sweater-goodfellow-38-co-8482-navy-blue/-/A-94282851||Add a touch of timeless style to your wardrobe with this Striped Full-Button Sweater from Goodfellow & Co™. Crafted from midweight cotton for breathable all-day wear, this pointelle sweater is adorned with a navy striped pattern. It features a collared neckline with a full-length button placket down the front, short sleeves, and ribbed edges for a refined look. Pair with shorts and sneakers for smart, casual vibes, or dress it up with jeans or tailored pants and loafers.Goodfellow & Co™: Feel good in what you wear, anywhere.|US||94282851|https://digitalcontent.target.com/itemcontent/sizecharts/htmlfragments/men-clothing/all-in-motion-goodfellow-original-use/mens-clothing.html|4.0|4|94282851|94282851|Mens|Sweaters and Shawls|None|100% Cotton|100% Cotton|None|None|None|Regular Fit|None|Front Placket|Midweight Fabric|None|Machine Wash, Tumble Dry|https://target.scene7.com/is/image/Target/GUEST_734fa252-ae9b-4e33-89a5-ec45ec76a967|https://target.scene7.com/is/image/Target/GUEST_6d6cf787-27e5-4794-b8f0-2b86d83e4ab4|https://target.scene7.com/is/image/Target/GUEST_4b4a0bf1-d12a-42de-8016-ab4f667cb7af
94307364|target|2025-06-03|Men's USA Flag Graphic T-Shirt - Goodfellow & Co™ Navy Blue|Goodfellow & Co|13.00|13.00||||||dollar|target > Clothing, Shoes & Accessories > Men’s Clothing > Tops|target|Clothing, Shoes & Accessories|Men’s Clothing|Tops||https://www.target.com/p/men-s-usa-flag-graphic-t-shirt-goodfellow-co-navy-blue/-/A-94307364||Infuse spirited vibes into your basics with this USA Flag Graphic T-Shirt from Goodfellow & Co™. Crafted from a lightweight jersey fabric blend of cotton and recycled polyester for comfortable wear, this pullover T-shirt is finished with a crew neckline and short sleeves. It's adorned with a USA flag graphic on the front, making it fun to pair with various bottoms for an instant touch of patriotic style.Goodfellow & Co™: Feel good in what you wear, anywhere.|US||94307364|https://digitalcontent.target.com/itemcontent/sizecharts/htmlfragments/men-clothing/all-in-motion-goodfellow-original-use/mens-clothing.html|5.0|5|94307364|94307364|Mens|Shirts|None|60% Cotton, 40% Recycled Polyester|60% Cotton, 40% Recycled Polyester|None|None|None|Standard Fit|None|No Pocket|Lightweight Fabric|None|Machine Wash, Tumble Dry|https://target.scene7.com/is/image/Target/GUEST_e2099e3e-328a-4f16-9430-19028d2c00a1|https://target.scene7.com/is/image/Target/GUEST_4347f817-0df0-4b07-9ef2-6c88584d6a22|https://target.scene7.com/is/image/Target/GUEST_5ba25594-6d26-4c4e-9a59-8ad4494f12a1
92684646|target|2025-06-03|"Men's 7"" Elevated Corduroy Pull-On Shorts - Goodfellow & Co™"|Goodfellow & Co|20.00|20.00||||||dollar|target > Clothing, Shoes & Accessories > Men’s Clothing > Bottoms|target|Clothing, Shoes & Accessories|Men’s Clothing|Bottoms||https://www.target.com/p/men-39-s-7-34-elevated-corduroy-pull-on-shorts-goodfellow-38-co-8482/-/A-92684646||These 7-Inch Elevated Corduroy Pull-On Shorts from Goodfellow & Co™ are a must-have for easygoing days, offering both comfort and style. Crafted from 100% cotton, these midweight corduroy shorts are designed with a mid-rise, regular-fit silhouette and an above-the-knee length. The full elastic waistband with a drawstring stretches to provide a customizable, flexible fit, while side and back pockets offer space for on-the-go essentials.Goodfellow & Co™: Feel good in what you wear, anywhere.|US||92684646|https://digitalcontent.target.com/itemcontent/sizecharts/htmlfragments/men-clothing/all-in-motion-goodfellow-original-use/mens-clothing.html|4.08|26|92684646|92684646|Mens|Shorts|None|100% Cotton|100% Cotton|Above Knee|None|None|Regular Fit|None|Inside Pocket, Side Pocket|Midweight Fabric|No Stretch|Machine Wash, Tumble Dry|https://target.scene7.com/is/image/Target/GUEST_5c60ba69-fc9b-4ae0-bcb9-00df54bff4f8|https://target.scene7.com/is/image/Target/GUEST_ea2bf215-05a8-4aae-8a98-6c18a48f51a1|https://target.scene7.com/is/image/Target/GUEST_5b06325d-2c6f-4ce1-8bf7-d5f0abcad961
93300729|target|2025-06-03|Men's Short Sleeve T-Shirt - Original Use™|Original Use|8.5010.00|8.5010.00||||||dollar|target > Clothing, Shoes & Accessories > Men’s Clothing > Tops|target|Clothing, Shoes & Accessories|Men’s Clothing|Tops||https://www.target.com/p/men-s-short-sleeve-t-shirt-original-use/-/A-93300729||Short-sleeve tee made from 100% jersey cotton fabric for all-day cool comfort. Tailored in a regular fit with an at-hip length. Designed with a crew neckline in a solid hue.If you're not satisfied with any Target Owned Brand item, return it within one year with a receipt for an exchange or a refund.Original Use™: Where you define what’s next.|US||93300729|https://digitalcontent.target.com/itemcontent/sizecharts/htmlfragments/men-clothing/all-in-motion-goodfellow-original-use/mens-clothing.html|4.4|20|93300729|93300729|Mens|Shirts|None|100% Cotton|100% Cotton|None|None|None|Regular Fit|None|No Pocket|Lightweight Fabric|None|Machine Wash, Tumble Dry|https://target.scene7.com/is/image/Target/GUEST_8d9bfd2a-e509-4226-bd5e-e7fafb384086|https://target.scene7.com/is/image/Target/GUEST_95b65711-2808-4dec-ae91-da81d15cb8fd|https://target.scene7.com/is/image/Target/GUEST_c058bbbb-b93f-41e3-a482-623794c02593
94071300|target|2025-06-03|Men's Legendary Dad Baseball Hat - Goodfellow & Co™ Teal Blue|Goodfellow & Co|15.00|15.00||||||dollar|target > Clothing, Shoes & Accessories > Accessories > Hats|target|Clothing, Shoes & Accessories|Accessories|Hats||https://www.target.com/p/men-39-s-legendary-dad-baseball-hat-goodfellow-38-co-8482-teal-blue/-/A-94071300||Show your love and appreciation for the world's best father with this Legendary Dad Baseball Hat from Goodfellow & Co™. Crafted from cotton will fabric with a lining, this baseball hat feels soft and is designed with eyelet holes on the crown for breezy comfort. The back tuck and slide fastener allows for adjustable wear, while a curved brim shields your face from the sun. Featuring the phrase ''Legendary Dad'' on the front, you can pair the hat with various ensembles for a cool look. Goodfellow & Co™: Feel good in what you wear, anywhere.|US||94071300|https://digitalcontent.target.com/itemcontent/sizecharts/htmlfragments/men-accessories/goodfellow/goodfellow-original-use-baseball-hats-and-caps-weihai.html|4.0|1|94071300|94071300|Mens|Hats|None|100% Cotton|100% Cotton|None|None|None|None|None|Adjustable|Midweight Fabric|None|Hand Wash, Line Dry or Lay Flat to Dry|https://target.scene7.com/is/image/Target/GUEST_9d0afc04-e487-45bd-92ea-0ad065a6420f|https://target.scene7.com/is/image/Target/GUEST_c735852d-4ec5-4b66-8785-d531f733d7f8|https://target.scene7.com/is/image/Target/GUEST_2c09b9be-1796-4a86-af6d-a7e9a0d74e50
93306242|target|2025-06-03|Men's Short Sleeve Striped Camp Button-Down Shirt - Goodfellow & Co™|Goodfellow & Co|25.00|25.00||||||dollar|target > Clothing, Shoes & Accessories > Men’s Clothing > Tops|target|Clothing, Shoes & Accessories|Men’s Clothing|Tops||https://www.target.com/p/men-s-short-sleeve-striped-camp-button-down-shirt-goodfellow-co/-/A-93306242||Infuse timeless flair into your casualwear with this Short-Sleeve Striped Camp Button-Down Shirt from Goodfellow & Co™. Crafted from lightweight cotton, this woven short-sleeve shirt features a casual fit, below-waist length and side vents for comfortable wear and easy layering. It’s finished with a dressy notched collar, full-length button-down placket, patch pocket at the chest and back yoke for classic detailing. Plus, the stylish striped pattern further elevates its visual appeal.Goodfellow & Co™: Feel good in what you wear, anywhere.|US||93306242|https://digitalcontent.target.com/itemcontent/sizecharts/htmlfragments/men-clothing/all-in-motion-goodfellow-original-use/mens-clothing.html|4.46|11|93306242|93306242|Mens|Shirts|None|100% Cotton|100% Cotton|None|None|None|Casual Fit|None|Front Pocket|Lightweight Fabric|None|Machine Wash, Tumble Dry|https://target.scene7.com/is/image/Target/GUEST_86cd3eaf-7862-423a-92e6-2d366502ff57|https://target.scene7.com/is/image/Target/GUEST_b932eb29-928c-4984-8bfd-60a8b0bc6ac4|https://target.scene7.com/is/image/Target/GUEST_449d4143-d30e-4cf3-bbc5-20df85010252
86290073|target|2025-06-03|Men's Active Crew Socks 6pk - All in Motion™|All In Motion|15.00|15.00||||||dollar|target > Clothing, Shoes & Accessories > Activewear > Men’s Activewear|target|Clothing, Shoes & Accessories|Activewear|Men’s Activewear||https://www.target.com/p/men-s-active-crew-socks-6pk-all-in-motion/-/A-86290073||Why we're ALL IN:Designed for workouts, long commutes and everyday wear, these active socks are made from a soft cotton and recycled polyester blend with added spandex for all-day comfort and flexible movement. The pack comes with 6 pairs of tagless socks. The crew height and solid color make them easy to pair with a wide variety of shorts and pants.All in Motion™: Made for every move, priced for every day.|US||86290073|https://digitalcontent.target.com/itemcontent/sizecharts/htmlfragments/men-accessories/owned-brand-socks/mens-owned-brand-socks.html|4.58|445|86290073|86290073|Mens|Socks|None|53% Recycled Polyester, 31% Cotton, 8% Nylon, 5% Polyester, 3% Spandex|53% Recycled Polyester, 31% Cotton, 8% Nylon, 5% Polyester, 3% Spandex|None|None|None|None|None|Arch Support, Cushioned Heel and Toe|Midweight Fabric|None|Machine Wash, Tumble Dry|https://target.scene7.com/is/image/Target/GUEST_f81df92e-ebb6-4a12-a366-9c462447ca6f|https://target.scene7.com/is/image/Target/GUEST_17bb9a48-570d-4a38-b1d0-42e215d1389d|https://target.scene7.com/is/image/Target/GUEST_3a0e620d-d540-4dfb-96f2-b5743df5c472
89923385|target|2025-06-03|Men's Striped Cushioned No Show Socks 8pk - All In Motion™ 6-12|All In Motion|18.00|18.00||||||dollar|target > Clothing, Shoes & Accessories > Activewear > Men’s Activewear|target|Clothing, Shoes & Accessories|Activewear|Men’s Activewear||https://www.target.com/p/men-39-s-striped-cushioned-no-show-socks-8pk-all-in-motion-8482-6-12/-/A-89923385||Why we're ALL IN:Pack of cushioned no-show socks with a strategically-placed striped design and brand logo. Made from a moisture-wicking, midweight recycled polyester blend with spandex and ventilating mesh to help keep your feet cool and comfy. Arch support as well as zone cushioning on areas of the feet that need it together with a reinforced heel and toe round out the comfortable fit. Plus, eight pairs in the pack stock up your sock drawer for any occasion.All in Motion™: Made for every move, priced for every day.|US||89923385|https://digitalcontent.target.com/itemcontent/sizecharts/htmlfragments/men-accessories/owned-brand-socks/mens-owned-brand-socks.html|4.66|44|89923385|89923385|Mens|Socks|None|81% Recycled Polyester, 10% Nylon, 7% Polyester, 2% Spandex|81% Recycled Polyester, 10% Nylon, 7% Polyester, 2% Spandex|None|None|None|None|None|Cushioned Heel and Toe|Midweight Fabric|None|Machine Wash, Tumble Dry|https://target.scene7.com/is/image/Target/GUEST_754aba09-e85e-4d2b-ac06-7766f078c349|https://target.scene7.com/is/image/Target/GUEST_2aa9c4e9-d6c0-439d-a375-a2048e11c10e|https://target.scene7.com/is/image/Target/GUEST_a3d85a3e-debd-4212-bcfe-14cfd05c7ff8
94624414|target|2025-06-03|Men's Short Sleeve Camp Shirt - Goodfellow & Co™|Goodfellow & Co|25.00|25.00||||||dollar|target > Clothing, Shoes & Accessories > Men’s Clothing > Tops|target|Clothing, Shoes & Accessories|Men’s Clothing|Tops||https://www.target.com/p/men-s-short-sleeve-camp-shirt-goodfellow-co/-/A-94624414||Amp up your style game with this Short-Sleeve Camp Shirt from Goodfellow & Co™. Made from a fabric blend of cotton, recycled cotton, and rayon, this short-sleeve shirt features a camp collar with a front button-down style for easy wear. Tailored in a regular fit, this below-waist length shirt pairs well with a variety of jeans, shorts and trousers. Pair it with your favorite footwear for an effortlessly on-trend look. Goodfellow & Co™: Feel good in what you wear, anywhere.|US||94624414|https://digitalcontent.target.com/itemcontent/sizecharts/htmlfragments/men-clothing/all-in-motion-goodfellow-original-use/mens-clothing.html|5.0|1|94624414|94624414|Mens|Shirts|None|50% Cotton, 5% Recycled Cotton, 45% Rayon|50% Cotton, 5% Recycled Cotton, 45% Rayon|None|None|None|Standard Fit|None|Front Pocket|Midweight Fabric|None|Machine Wash, Tumble Dry|https://target.scene7.com/is/image/Target/GUEST_09f322b9-c7d1-40e7-88a9-c6d91ef361de|https://target.scene7.com/is/image/Target/GUEST_f57b7aeb-d1d1-4a89-aea0-41e20038d927|https://target.scene7.com/is/image/Target/GUEST_df797e45-49f8-41fe-964b-ca7654f302ad
93784072|target|2025-06-03|Men's Short Sleeve Printed Camp Shirt - Goodfellow & Co™ Blue|Goodfellow & Co|18.7520.00|18.7520.00||||||dollar|target > Clothing, Shoes & Accessories > Men’s Clothing > Tops|target|Clothing, Shoes & Accessories|Men’s Clothing|Tops||https://www.target.com/p/men-39-s-short-sleeve-printed-camp-shirt-goodfellow-38-co-8482-blue/-/A-93784072||Brighten up your everyday wardrobe with this Short-Sleeve Printed Camp Shirt from Goodfellow & Co™. Made from a fabric blend of cotton, recycled cotton, and rayon, this short-sleeve shirt features cool prints for a vibrant look. Fashioned in a standard fit, this printed shirt has a camp collar, front pocket and button-down front for touches of classic style. Goodfellow & Co™: Feel good in what you wear, anywhere.|US||93784072|https://digitalcontent.target.com/itemcontent/sizecharts/htmlfragments/men-clothing/all-in-motion-goodfellow-original-use/mens-clothing.html|5.0|5|93784072|93784072|Mens|Shirts|None|50% Cotton, 5% Recycled Cotton, 45% Rayon|50% Cotton, 5% Recycled Cotton, 45% Rayon|None|None|None|Standard Fit|None|Front Placket|Midweight Fabric|None|Machine Wash, Tumble Dry|https://target.scene7.com/is/image/Target/GUEST_b8ec692e-edb4-4a97-942b-1fe7a1ef463f|https://target.scene7.com/is/image/Target/GUEST_58b5d307-f415-4cea-a6fd-5722fc690d38|https://target.scene7.com/is/image/Target/GUEST_11d07c0e-c9e3-4caf-9f3c-956dbce42112
83036357|target|2025-06-03|Pair of Thieves Men's Crew Socks 3pk - 6-12|Pair of Thieves|13.00|13.00||||||dollar|target > Clothing, Shoes & Accessories > Men’s Clothing > Socks|target|Clothing, Shoes & Accessories|Men’s Clothing|Socks||https://www.target.com/p/pair-of-thieves-men-s-crew-socks-3pk-6-12/-/A-83036357||When we heard that socks were one of the most requested and least donated items on the streets, we had to do something about it. With your purchase, we are able to donate millions of much-needed socks to shelters every year. For when you need a sturdy sock but also want to make sure you can show off those ankles you’ve been working hard to keep toned. Our low-cuts are a comfy, foot-hugging fit with sport cushion and a reinforced toe and heel and will keep your feet comfy on the DL. Plus, with our breathable fabric and moisture wicking, your feet can stay one step ahead of the dreaded Stank Foot.|US||83036357|https://digitalcontent.target.com/itemcontent/sizecharts/htmlfragments/men-accessories/pair-of-thieves/socks.html|4.8|982|83036357|83036357|Mens|Socks|None|69% Cotton, 24% Polyester, 3% Rubber, 1% Spandex, 3% Other Fibers|69% Cotton, 24% Polyester, 3% Rubber, 1% Spandex, 3% Other Fibers|None|None|None|None|None|Tagless|Midweight Fabric|None|Machine Wash, Tumble Dry|https://target.scene7.com/is/image/Target/GUEST_c1fe43bd-d363-4b0d-bab7-ef861451cf6f|https://target.scene7.com/is/image/Target/GUEST_f2b4ea25-6e85-4ed3-922c-b50aa31e00c8|https://target.scene7.com/is/image/Target/GUEST_e05b39db-2fad-43f3-956e-228264a3a6ab
