website|product_url|product_name|brand|original_price|sale_price|category|product_sku|total_number_of_reviews|1_star|2_star|3_star|4_star|5_star|date_of_purchase|place_of_purchase|review_title|review_text
MMLaFleur|https://mmlafleur.com/products/fina-black|Fina Dress - Crochet Knit :: Black|||299|Dresses|8150685384899|1|0|0|0|0|1|2024-08-08|||Really beautiful. Runs small and there is no stretch, so I wish I had sized up. Love the pattern though and flattering placements of the crochet design.
MMLaFleur|https://mmlafleur.com/products/kenna-midnight-wash|Kenna A-Line Dress - Stretch Denim :: Midnight Wash|||349|Dresses|8067011281091|1|0|0|0|1|0|2025-05-22||Beautiful dress. Unfortunately, the fit|Beautiful dress. Unfortunately, the fit did not work for me.
MMLaFleur|https://mmlafleur.com/products/cira-ecru-stone-blue|Cira Shirt Dress - Warped Floral :: Ecru/Stone Blue|||399|Dresses|8067011248323|3|0|0|0|0|3|2025-06-01||Print Perfection|Honestly, I don’t wear prints (stripes excluded), but this dress called my name as soon as I saw her. I have not regretted it. In fact, the compliments come all day long when I wear it. My colleague said I look confident in it. That’s true. It looks great with my Koio Capris in poudre or my Margaux NY Cluny Slingbacks in crinkle silver. I can transition to brown shoes and a wrap for fall. Joy in dress form!
MMLaFleur|https://mmlafleur.com/products/cira-ecru-stone-blue|Cira Shirt Dress - Warped Floral :: Ecru/Stone Blue|||399|Dresses|8067011248323|3|0|0|0|0|3|2025-05-23||MMLF is not joking when|MMLF is not joking when they say THIS is the dress of the summer. Indeed, this needs to be in your closet for this summer and many more to come. Colors are gorgeous muted, fabric is light but substantial enough to not feel too fluttery. I sized down to a M (I’m a M/L in MM tops, and a solid 12 in bottoms).
MMLaFleur|https://mmlafleur.com/products/cira-ecru-stone-blue|Cira Shirt Dress - Warped Floral :: Ecru/Stone Blue|||399|Dresses|8067011248323|3|0|0|0|0|3|2025-05-14||Gorgeous print and drape. Look|Gorgeous print and drape. Look instantly put together, whether going to a business meeting or weekend outing.
MMLaFleur|https://mmlafleur.com/products/lauleh-eggshell|Lauleh Dress - Everyday Crepe with Topstitch :: Eggshell|||379|Dresses|8089254396099|17|0|0|0|2|15|2025-04-18||Love this dress. Easy and|Love this dress. Easy and professional at the same time. I have it in two colors now.
MMLaFleur|https://mmlafleur.com/products/lauleh-eggshell|Lauleh Dress - Everyday Crepe with Topstitch :: Eggshell|||379|Dresses|8089254396099|17|0|0|0|2|15|2024-11-18||Really happy with this purchase!|Really happy with this purchase! Well made. The material has a nice weight to it and hangs beautifully.
MMLaFleur|https://mmlafleur.com/products/lauleh-eggshell|Lauleh Dress - Everyday Crepe with Topstitch :: Eggshell|||379|Dresses|8089254396099|17|0|0|0|2|15|2024-08-21||Nice dress - a little big|I like the dress - quality is high and the style makes it an easy work to night out look. It is different and I know people will take note - in a good way! I can’t see wearing it with flats as it is a bit long so heeled boots will be the look. It is a little big. But I can make it work.
MMLaFleur|https://mmlafleur.com/products/lauleh-eggshell|Lauleh Dress - Everyday Crepe with Topstitch :: Eggshell|||379|Dresses|8089254396099|17|0|0|0|2|15|2024-07-15||GORGEOUS and practical!|Wore this dress for the first time today and I LOVE it! It's comfortable, stylish, flattering, and professional. Keeping an eye out for more colors!
MMLaFleur|https://mmlafleur.com/products/lauleh-eggshell|Lauleh Dress - Everyday Crepe with Topstitch :: Eggshell|||379|Dresses|8089254396099|17|0|0|0|2|15|2024-07-10||Surprisingly Wonderful Dress|The style looks simple but it works wonderfully for business or casual wear. I've paired it with heels for work, worn it without the belt and put on white sneakers for lunch with my friends, and paired it with a cropped jacket for a business meeting. I usually wear a size 10 in MM LaFleur dresses and ordered a size medium instead of a large because this has a loose fit and I wanted it to be more tailored. I'm enjoying the Lauleh dress.
MMLaFleur|https://mmlafleur.com/products/maaza-dress-origamitech-cool-charcoal|Maaza Travel Dress - OrigamiTech :: Cool Charcoal|||249|Dresses|6891088969923|147|4|4|6|15|118|2025-04-25||This is my first Mazaa|This is my first Mazaa in the Origami Tech fabric, and I love how comfortable this dress is. I wish there would be more colors. Please make the Mazaa also in Prussian Blue!
MMLaFleur|https://mmlafleur.com/products/maaza-dress-origamitech-cool-charcoal|Maaza Travel Dress - OrigamiTech :: Cool Charcoal|||249|Dresses|6891088969923|147|4|4|6|15|118|2025-04-09||Professional and comfortable dress. Great|Professional and comfortable dress. Great length just above knee (5’5”). Love the stretch, the pockets and that it is machine washable. I have two of the Maaza dresses and one Lancia dress. I’ve switched my entire work wardrobe to Origami Tech.
MMLaFleur|https://mmlafleur.com/products/maaza-dress-origamitech-cool-charcoal|Maaza Travel Dress - OrigamiTech :: Cool Charcoal|||249|Dresses|6891088969923|147|4|4|6|15|118|2025-03-31||Very elegant and flattering style,|Very elegant and flattering style, quality fabric.
MMLaFleur|https://mmlafleur.com/products/carmela-black-topstitch|Carmela Streamline Dress - Everyday Crepe with Topstitch :: Black|||379|Dresses|8022044246211|3|0|0|0|0|3|2025-05-01||I love this dress. It's|"I love this dress. It's elegant and classy. I am 5'7"" and 145lbs. I ordered the 8 and it fits, but I think I probably could've sized down with no issues. Basically, it runs a little big, but not so big that I am swimming in it."
MMLaFleur|https://mmlafleur.com/products/carmela-black-topstitch|Carmela Streamline Dress - Everyday Crepe with Topstitch :: Black|||379|Dresses|8022044246211|3|0|0|0|0|3|2025-04-06||Love, love, love this dress!|Love, love, love this dress!
MMLaFleur|https://mmlafleur.com/products/carmela-black-topstitch|Carmela Streamline Dress - Everyday Crepe with Topstitch :: Black|||379|Dresses|8022044246211|3|0|0|0|0|3|2025-01-26||The lines, oh my. Simply|The lines, oh my. Simply a stunner of a dress.
MMLaFleur|https://mmlafleur.com/products/cynthia-dark-navy|Cynthia Dress - Washable Wool Twill :: Dark Navy|||339|Dresses|7836106784963|36|1|3|5|4|23|2025-05-31||Stunning dress|Stunning dress
MMLaFleur|https://mmlafleur.com/products/cynthia-dark-navy|Cynthia Dress - Washable Wool Twill :: Dark Navy|||339|Dresses|7836106784963|36|1|3|5|4|23|2025-05-18||Perfect office dress! Makes a|Perfect office dress! Makes a great suit with the Neale or Yiyan Jacket! I love the wool twill fabric!
MMLaFleur|https://mmlafleur.com/products/cynthia-dark-navy|Cynthia Dress - Washable Wool Twill :: Dark Navy|||339|Dresses|7836106784963|36|1|3|5|4|23|2024-08-12||Great Dress!|Looks just as pictured/described and for once required no altering! The measurements the company provided matched the dress perfectly.
MMLaFleur|https://mmlafleur.com/products/cynthia-dark-navy|Cynthia Dress - Washable Wool Twill :: Dark Navy|||339|Dresses|7836106784963|36|1|3|5|4|23|2024-05-31||Fits perfect. No tailoring even|Fits perfect. No tailoring even needed.
MMLaFleur|https://mmlafleur.com/products/cynthia-dark-navy|Cynthia Dress - Washable Wool Twill :: Dark Navy|||339|Dresses|7836106784963|36|1|3|5|4|23|2024-04-17||Special dress|This dress makes me feel special! It fits like it was tailored to my body! This piece will play an important role in my new capsule!
MMLaFleur|https://mmlafleur.com/products/lancia-prussian-blue|Lancia Travel Dress - OrigamiTech :: Prussian Blue|||259|Dresses|8024652677315|27|0|0|0|3|24|2025-05-10||Flattering fit! breathable fabric good|Flattering fit! breathable fabric good for all seasons of professional travel
MMLaFleur|https://mmlafleur.com/products/lancia-prussian-blue|Lancia Travel Dress - OrigamiTech :: Prussian Blue|||259|Dresses|8024652677315|27|0|0|0|3|24|2025-05-09||Love origami tech for travel.|Love origami tech for travel. And it has pockets! Easy yet professional.
MMLaFleur|https://mmlafleur.com/products/lancia-prussian-blue|Lancia Travel Dress - OrigamiTech :: Prussian Blue|||259|Dresses|8024652677315|27|0|0|0|3|24|2025-05-06||Loved this dress and excited|Loved this dress and excited to wear it. Flattering but modest cut. Ordered in size 16 and fit well in the shoulders and chest even on my busty frame. The everyday crepe fabric is stretchy and light but still feels substantial. Not a fan on the contrasting topstitch, but the black is still professional.
MMLaFleur|https://mmlafleur.com/products/lancia-prussian-blue|Lancia Travel Dress - OrigamiTech :: Prussian Blue|||259|Dresses|8024652677315|27|0|0|0|3|24|2025-04-28||What a great fit and|What a great fit and look! Love the color!
MMLaFleur|https://mmlafleur.com/products/lancia-prussian-blue|Lancia Travel Dress - OrigamiTech :: Prussian Blue|||259|Dresses|8024652677315|27|0|0|0|3|24|2025-04-26||Beautifully made. Simple and easy|Beautifully made. Simple and easy to wear. Very professional looking.
MMLaFleur|https://mmlafleur.com/products/artemis-olive|Artemis Travel Dress - OrigamiTech :: Olive|||369|Dresses|8022043984067|2|0|0|0|0|2|2025-05-02||The fabric is essentially athletic|The fabric is essentially athletic fabric in the best way: a much cooler & more comfortable dress for summer that would also work for other seasons. It has some stretch and fits my shoulders and arms (often a struggle).
MMLaFleur|https://mmlafleur.com/products/artemis-olive|Artemis Travel Dress - OrigamiTech :: Olive|||369|Dresses|8022043984067|2|0|0|0|0|2|2025-03-23||Gorgeous dress! I love the|Gorgeous dress! I love the overall styling and the sleeves. The origami tech fabric is always fabulous and it works especially well for this dress. It’s TTS for me - I took my usual size 6.
MMLaFleur|https://mmlafleur.com/products/gwynne-cool-charcoal|Gwynne Dress - OrigamiTech :: Cool Charcoal|||269|Dresses|7602147655875|31|0|0|2|11|18|2024-11-27||Bought this as a Christmas|Bought this as a Christmas gift for daughter. I can't review at this time.
MMLaFleur|https://mmlafleur.com/products/gwynne-cool-charcoal|Gwynne Dress - OrigamiTech :: Cool Charcoal|||269|Dresses|7602147655875|31|0|0|2|11|18|2024-09-22||Is it a dress? A coat? A jacket? Yes|I got the maroon in size 2. I usually wear 2 or 4 in dresses. Fabric has a bit of give and ample allowance of the backside when belted. I like the formality and timeless structure and always in market for dresses with sleeves. A keeper. Might even pick up in another color.
MMLaFleur|https://mmlafleur.com/products/gwynne-cool-charcoal|Gwynne Dress - OrigamiTech :: Cool Charcoal|||269|Dresses|7602147655875|31|0|0|2|11|18|2024-09-16||A lovely dress--so well made--and|"A lovely dress--so well made--and fit perfectly. Great length for me (5'5"")"
MMLaFleur|https://mmlafleur.com/products/gwynne-cool-charcoal|Gwynne Dress - OrigamiTech :: Cool Charcoal|||269|Dresses|7602147655875|31|0|0|2|11|18|2024-08-19||Perfect Travel Dress/Jacket Combo|"I love a wrinkle-resistant, multi-tasking garment for travel and this is perfect! I was on the fence between the new, longer version and this one but went with Olive since I wanted something that can go with black or navy for travel. As with everything MM LaFleur, the quality is beautiful. The fabric is the perfect thickness, not so thick that it makes you look bulky with it buttoned as a dress, but thick enough to work as a jacket. Very comfortable and not too short for me to wear without tights. This will work for a business event and also for daytime over a t-shirt and jeans. Tailored without being uncomfortable to raise my arms. I am 5'3"" usually take a 6 or 8 in MM LaFleur, purchased a 6."
MMLaFleur|https://mmlafleur.com/products/gwynne-cool-charcoal|Gwynne Dress - OrigamiTech :: Cool Charcoal|||269|Dresses|7602147655875|31|0|0|2|11|18|2024-07-28||Very wrinkled|Love the idea of a 2 in 1 piece and it being easy for travel and packing. The bummer- the arm length is a bit short for me and the next size up was huge. Unfortunately both sizes arrived super wrinkled. Seems contradictory to the design.
MMLaFleur|https://mmlafleur.com/products/emily-dress-recycled-wondertex-dark-navy|Emily Dress - Recycled WonderTex :: Dark Navy|||240|Dresses|7836090958019|91|4|8|14|14|51|2025-05-11||Great dress. Surprisingly flattering.|Great dress. Surprisingly flattering.
MMLaFleur|https://mmlafleur.com/products/emily-dress-recycled-wondertex-dark-navy|Emily Dress - Recycled WonderTex :: Dark Navy|||240|Dresses|7836090958019|91|4|8|14|14|51|2024-07-11||very comfortable and flattering, like|very comfortable and flattering, like the longer sleeves, great color, nice hand to the fabric, true to size
MMLaFleur|https://mmlafleur.com/products/emily-dress-recycled-wondertex-dark-navy|Emily Dress - Recycled WonderTex :: Dark Navy|||240|Dresses|7836090958019|91|4|8|14|14|51|2024-07-08|||Lovely dress. Great fit and well made.
MMLaFleur|https://mmlafleur.com/products/emily-dress-recycled-wondertex-dark-navy|Emily Dress - Recycled WonderTex :: Dark Navy|||240|Dresses|7836090958019|91|4|8|14|14|51|2024-05-09||My favorite dress!|This dress is absolutely comfortable and the style is great! It can easily become quite elegant by just adding a silk scarf! And you can always wear it with flats or heels. I also have it in navy and it’s a bummer that you no longer have it in Navy because I would buy it again!
MMLaFleur|https://mmlafleur.com/products/emily-dress-recycled-wondertex-dark-navy|Emily Dress - Recycled WonderTex :: Dark Navy|||240|Dresses|7836090958019|91|4|8|14|14|51|2024-04-14||Simple dress goes with everything!|I am obsessed with the simple lines of this dress. It can be worn in professional settings and comfortably to a more casual after work dinner. Just perfect!
MMLaFleur|https://mmlafleur.com/products/deana-ombre-floral|Deana Wrap Dress - Printed Viscose :: Ombre Floral|||499|Dresses|8024632950979|1|0|0|0|0|1|2025-03-04||I could not stop receiving|I could not stop receiving compliments on this dress. It is a real show stopper. Drapes beautifully with thoughtful drawstring waist.
MMLaFleur|https://mmlafleur.com/products/hope-blueprint-sketch|Hope Wrap Dress - Printed Jersey :: Blueprint Sketch|||299|Dresses|8022044573891|2|0|0|0|0|2|2025-05-13||This is a very nice|This is a very nice blue print - it’s subtle but still interesting and pretty. Love the cut and it’s a great fabric with a nice drape. Will be a staple in spring summer for sure!
MMLaFleur|https://mmlafleur.com/products/hope-blueprint-sketch|Hope Wrap Dress - Printed Jersey :: Blueprint Sketch|||299|Dresses|8022044573891|2|0|0|0|0|2|2025-04-23||I returned this, as it|I returned this, as it was too casual for the event I was attending. However, I loved the fabric and it fit well.
MMLaFleur|https://mmlafleur.com/products/meredith-black|Meredith Executive Dress - Washable Wool Twill :: Black|||379|Dresses|8022045720771|2|0|0|0|0|2|2025-04-19||I felt like a million|I felt like a million bucks as soon as I put this on! Gorgeous architectural detail with the sleeves and perfect fit in my usual MM dress size.
MMLaFleur|https://mmlafleur.com/products/meredith-black|Meredith Executive Dress - Washable Wool Twill :: Black|||379|Dresses|8022045720771|2|0|0|0|0|2|2025-03-28||This is a gorgeous dress.|This is a gorgeous dress. It reads much more expensive than it is due to the tailored fit and high quality but still comfortable and slightly stretchy fabric. I think the real genius of this dress is the silhouette. The boat neck and slightly exaggerated sleeves create a great contrast with a slimmed waist, and the tapered skirt is universally flattering. I’ve been looking for a one-and-done type of dress for work meetings and conferences and this is definitely a great option. The only reason I’m considering returning this is I have sooo many black dresses. Please make this in another color! A hue like the new bluebell color would be perfect, or maybe a wine color. If you’re looking for a black dress, definitely try this one.
MMLaFleur|https://mmlafleur.com/products/lynda-antique-blue|Lynda Criss-Cross Dress - Eco Soft Wave :: Soft Navy|||379|Dresses|8022044278979|2|0|0|0|0|2|2025-03-31||I LOVE THIS DRESS!! I|I LOVE THIS DRESS!! I wish they would make it in more colors! The fit is perfect for me (5’9”, 157 lbs, straight shape/ apple middle) and the medium is comfortable and feels tailored but slightly loose and incredibly flattering. Like the other review, I also love that its slightly shorter and a very flattering length. I cannot wait to wear it out this spring!
MMLaFleur|https://mmlafleur.com/products/lynda-antique-blue|Lynda Criss-Cross Dress - Eco Soft Wave :: Soft Navy|||379|Dresses|8022044278979|2|0|0|0|0|2|2025-02-18||I predict the Lynda is|"I predict the Lynda is going to get a lot of wear from me this summer. While I love the Maaza and it has historically been my favorite, the Lynda has what I have always wished the Maaza had, a little more waist definition. I am 5'-9"" and it is short on me, but I love it. I am between a medium and large with an hourglass shape. I first ordered the large but exchanged for the medium. Great dress!"
MMLaFleur|https://mmlafleur.com/products/luz-black|Luz Dress - Everyday Crepe :: Black|||299|Dresses|7686784450755|7|0|0|0|1|6|2025-04-15||Classic LBD and super easy|Classic LBD and super easy to wear. Another MM marvel.
MMLaFleur|https://mmlafleur.com/products/luz-black|Luz Dress - Everyday Crepe :: Black|||299|Dresses|7686784450755|7|0|0|0|1|6|2025-03-17||Excellent service. Easy return/exchange. Love|Excellent service. Easy return/exchange. Love the clothing too!
MMLaFleur|https://mmlafleur.com/products/luz-black|Luz Dress - Everyday Crepe :: Black|||299|Dresses|7686784450755|7|0|0|0|1|6|2024-09-23||Gorgeous dress, and the fabric|Gorgeous dress, and the fabric drapes beautifully. Hoping MM comes out with a lined version and in colors other than black.
MMLaFleur|https://mmlafleur.com/products/luz-black|Luz Dress - Everyday Crepe :: Black|||299|Dresses|7686784450755|7|0|0|0|1|6|2024-08-22||Favorite new dress!|This dress is incredible, I feel so classy wearing it and know I will get a ton of use out of it. It's a classic cut and hits perfectly right below the knee, it's simple with some interest and the fabric skims you beautifully. I fell in love the second I put it on!
MMLaFleur|https://mmlafleur.com/products/luz-black|Luz Dress - Everyday Crepe :: Black|||299|Dresses|7686784450755|7|0|0|0|1|6|2024-06-01||Perfect LBD!|I love everything about this dress! The fabric fit and length are perfect. I’m usually a 6 or 8 in MM dresses, and got this one in an 8. I hope to see more in this fabric.
MMLaFleur|https://mmlafleur.com/products/etsuko-black|Etsuko Dress - Recycled WonderTex :: Black|||259|Dresses|6674343395523|82|7|8|12|13|42|2025-06-03||Fabric and cut are lovely.|Fabric and cut are lovely.
MMLaFleur|https://mmlafleur.com/products/etsuko-black|Etsuko Dress - Recycled WonderTex :: Black|||259|Dresses|6674343395523|82|7|8|12|13|42|2024-11-04||Great dress that fits well.|Great dress that fits well. Very versatile and well made.
MMLaFleur|https://mmlafleur.com/products/etsuko-black|Etsuko Dress - Recycled WonderTex :: Black|||259|Dresses|6674343395523|82|7|8|12|13|42|2024-10-27||Love it! The perfect compliment|Love it! The perfect compliment to the black dress.
MMLaFleur|https://mmlafleur.com/products/etsuko-black|Etsuko Dress - Recycled WonderTex :: Black|||259|Dresses|6674343395523|82|7|8|12|13|42|2024-07-11||Flattering fit|I bought this just to have in my closet for any occasion that requires a demure, attractive style. I’m 5’1 and found the length perfect. As I’m in my 60’s I like that it covers my arms but can be worn in all climates. I’m not very shapely and also conscious of my tummy area though I’m slim and found the fit to be super flattering. A good basic for the closet. Adding the wide belt sold here took the look up a notch.
MMLaFleur|https://mmlafleur.com/products/etsuko-black|Etsuko Dress - Recycled WonderTex :: Black|||259|Dresses|6674343395523|82|7|8|12|13|42|2024-04-07||Want in every color!|Beautiful fit, especially for a woman with curves, perfect for so many occasions, LOVE.
MMLaFleur|https://mmlafleur.com/products/toula-syrah|Toula Pointelle Dress - Cotton Silk Knit :: Syrah|||189|Dresses|8023702864067|10|0|0|0|1|9|2025-03-17||Beautiful dress, I am 5’6”|Beautiful dress, I am 5’6” 145 and probably could have sized down to XS due to the larger armholes.
MMLaFleur|https://mmlafleur.com/products/toula-syrah|Toula Pointelle Dress - Cotton Silk Knit :: Syrah|||189|Dresses|8023702864067|10|0|0|0|1|9|2025-03-08||The Toula dress is understated|The Toula dress is understated and classy in a luxurious cotton silk knit. The v-neck is stylish along with the buttons down the front. Fits true to size. LOVE the Syrah color - MM, please make more pieces in this color.
MMLaFleur|https://mmlafleur.com/products/toula-syrah|Toula Pointelle Dress - Cotton Silk Knit :: Syrah|||189|Dresses|8023702864067|10|0|0|0|1|9|2024-10-10||Lovely piece, easy to wear|"I have the Tool Vest Dress in Black. I would prefer to wear it as a dress - vs a vest- It is quite flattering - you do not have to have a perfect body for it too look good. Its not too snug - just right. 
It can be worn most of the year - but in Winter maybe wear it as a vest layer. ( I have not yet tried.).
it's also a reasonably priced piece."
MMLaFleur|https://mmlafleur.com/products/toula-syrah|Toula Pointelle Dress - Cotton Silk Knit :: Syrah|||189|Dresses|8023702864067|10|0|0|0|1|9|2024-10-05||Very comfortable, sleek and flattering.|Very comfortable, sleek and flattering. Love the pockets.
MMLaFleur|https://mmlafleur.com/products/toula-syrah|Toula Pointelle Dress - Cotton Silk Knit :: Syrah|||189|Dresses|8023702864067|10|0|0|0|1|9|2024-10-02||Great dress-- flattering, comfortable, so|Great dress-- flattering, comfortable, so nice! I just hope it won't snag too easily in a work environment
MMLaFleur|https://mmlafleur.com/products/malala-dark-navy|Malala Dress - Recycled WonderTex :: Dark Navy|||239|Dresses|7836100493507|76|4|3|10|16|43|2024-12-22||Love it|Love it
MMLaFleur|https://mmlafleur.com/products/malala-dark-navy|Malala Dress - Recycled WonderTex :: Dark Navy|||239|Dresses|7836100493507|76|4|3|10|16|43|2024-08-28||MMLafleur Never Disappoints!|"I needed a new work dress and settled on the Malala. The fabric is stunningly comfortable! I'm petite and it falls at just the right length at my knees. The A-line is forgiving and complimentary. And when it couldn't have been any more perfect, I discovered the pockets! Thank you for such a wonderful product! 
Monica"
MMLaFleur|https://mmlafleur.com/products/malala-dark-navy|Malala Dress - Recycled WonderTex :: Dark Navy|||239|Dresses|7836100493507|76|4|3|10|16|43|2024-08-06||Stylish and comfortable|This print is great with the airy cotton feel for those hot summer days. So fun and comfortable!
MMLaFleur|https://mmlafleur.com/products/malala-dark-navy|Malala Dress - Recycled WonderTex :: Dark Navy|||239|Dresses|7836100493507|76|4|3|10|16|43|2024-07-14||Love The Savannah Print|This is my 4th Malala Dress. I bought the Savannah Print this time. I felt unsure about the colors when browsing online. But as soon as I tried it on in store, it just looks so elegant and such a delight on me. Great fit, (5'3, 125lbs, size 0), I can wear it to a wedding or to work. I recommend wearing with a tiny belt. This color also works wonder with Jolie Jardigan (Ivory).
MMLaFleur|https://mmlafleur.com/products/malala-dark-navy|Malala Dress - Recycled WonderTex :: Dark Navy|||239|Dresses|7836100493507|76|4|3|10|16|43|2024-07-13||Throw and go!|I love a dress that I can just throw over my head and go. This it it. Would gift it 5 stars except for the seams on the arms that have to be tucked under.
MMLaFleur|https://mmlafleur.com/products/kinsley-dusty-pine|Kinsley Dress - Everyday Crepe :: Dusty Pine|||199|Dresses|7957573238979|8|0|0|0|0|8|2025-04-13||A must have for spring.|A must have for spring. Simple but sleek and elegant ~ I bought it in black and dusty pine. Love both!
MMLaFleur|https://mmlafleur.com/products/kinsley-dusty-pine|Kinsley Dress - Everyday Crepe :: Dusty Pine|||199|Dresses|7957573238979|8|0|0|0|0|8|2025-01-23||Sleeper Hit!|The Kingsley dress was such a surprise. It’s a shift style and it’s so comfortable to wear. Its short length adds a bit of spice - while the lines are conservative. The top stitching makes the dress more than just basic black. The neck is not tight at all and comfortable to wear. It is a great addition to my wardrobe!
MMLaFleur|https://mmlafleur.com/products/kinsley-dusty-pine|Kinsley Dress - Everyday Crepe :: Dusty Pine|||199|Dresses|7957573238979|8|0|0|0|0|8|2025-01-20||Absolutely love this dress! It's|Absolutely love this dress! It's super flattering on my figure and can easily be dressed up or down. Was looking for a signature piece that could add to my wardrobe and this is it. High quality material and well designed to fit all body types.
MMLaFleur|https://mmlafleur.com/products/kinsley-dusty-pine|Kinsley Dress - Everyday Crepe :: Dusty Pine|||199|Dresses|7957573238979|8|0|0|0|0|8|2025-01-05||I love this dress. Timeless.|I love this dress. Timeless. Chic. Comfortable. Easy to wear. I only get compliments when I wear it.
MMLaFleur|https://mmlafleur.com/products/kinsley-dusty-pine|Kinsley Dress - Everyday Crepe :: Dusty Pine|||199|Dresses|7957573238979|8|0|0|0|0|8|2024-12-08||Lovely crepe fabric and the|Lovely crepe fabric and the stitching is adorable.
MMLaFleur|https://mmlafleur.com/products/maisie-dusty-pine|Maisie Dress - Everyday Crepe :: Dusty Pine|||239|Dresses|7948742328515|17|2|2|1|1|11|2025-03-31||Beautiful dress - drapes well|Beautiful dress - drapes well and hides the aspects of my figure I like the least. My only small sadness is that it doesn’t have pockets.
MMLaFleur|https://mmlafleur.com/products/maisie-dusty-pine|Maisie Dress - Everyday Crepe :: Dusty Pine|||239|Dresses|7948742328515|17|2|2|1|1|11|2024-06-04||beautiful classic dress.|beautiful classic dress.
MMLaFleur|https://mmlafleur.com/products/maisie-dusty-pine|Maisie Dress - Everyday Crepe :: Dusty Pine|||239|Dresses|7948742328515|17|2|2|1|1|11|2024-03-29||Fabulous Fit and Fabric|I love the tailored fit of this dress. It emphasizes curves in the all the right places.
MMLaFleur|https://mmlafleur.com/products/maisie-dusty-pine|Maisie Dress - Everyday Crepe :: Dusty Pine|||239|Dresses|7948742328515|17|2|2|1|1|11|2023-12-01||Great Dress - very flattering.|Great Dress - very flattering. I'm between a 10 and 12 so I had to have it taken in a bit.
MMLaFleur|https://mmlafleur.com/products/maisie-dusty-pine|Maisie Dress - Everyday Crepe :: Dusty Pine|||239|Dresses|7948742328515|17|2|2|1|1|11|2023-09-20||Beautiful dress. The fabric has|Beautiful dress. The fabric has just the right amount of give. I ended up returning as it felt a bit too expensive for the dress.
MMLaFleur|https://mmlafleur.com/products/wallen-ocean|Wallen Dress - Eco Heavy Soft Wave :: Ocean|||139|Dresses|7760767746243|1|0|0|0|0|1|2025-03-23|||Fits true to MMLF size. Very flattering, even at 4 months pregnant! Pretty color too
MMLaFleur|https://mmlafleur.com/products/pepper-top-stitch-black|Pepper Dress - Washable Silk Top Stitch :: Black|||269|Dresses|7961636667587|3|1|0|0|0|2|2024-07-08||Wore it in a heatwave to work!|Love the comfort of this dress. The narrow tie allows for some shaping in addition to the side buttons. The fabric is cool and comfortable in a lovely blue color.
MMLaFleur|https://mmlafleur.com/products/pepper-top-stitch-black|Pepper Dress - Washable Silk Top Stitch :: Black|||269|Dresses|7961636667587|3|1|0|0|0|2|2024-02-01||Beautiful material but didn’t work for me|I wanted to love this dress, but there’s really no structure to it. I think you need to be quite busty to pull this off.
MMLaFleur|https://mmlafleur.com/products/pepper-top-stitch-black|Pepper Dress - Washable Silk Top Stitch :: Black|||269|Dresses|7961636667587|3|1|0|0|0|2|2023-04-29||Beautiful details, beautiful dress|Beautiful details, beautiful dress
MMLaFleur|https://mmlafleur.com/products/issa-black-light-saddle|Issa Dress - Luxe Wool :: Black/Light Saddle|||409|Dresses|8006676021443|1|0|0|0|0|1|2025-01-05||Elegant and meticulously crafted, this|Elegant and meticulously crafted, this is a gorgeous power piece. Looked fabulous with a tailored jacket but also dressed down with an Axam.
MMLaFleur|https://mmlafleur.com/products/edie-top-stitch-black|Edie Dress - Washable Silk Top Stitch :: Black|||299|Dresses|8001077280963|1|0|0|0|0|1|2025-01-05||Beautiful, flowy, and so easy|Beautiful, flowy, and so easy to wear. Love it with the Frankie for some extra drama.
MMLaFleur|https://mmlafleur.com/products/emmett-black|Emmett Dress - Italian Jersey :: Black|||379|Dresses|8004490199235|4|0|0|0|0|4|2025-04-18||Lovely dress of smooth and|Lovely dress of smooth and drapey fabric! I look forward to wearing this classic dress for many years.
MMLaFleur|https://mmlafleur.com/products/emmett-black|Emmett Dress - Italian Jersey :: Black|||379|Dresses|8004490199235|4|0|0|0|0|4|2025-02-26||Elegant and luxurious fabric. Truly|Elegant and luxurious fabric. Truly a beautiful dress. I'm quite tall (6ft) and it fit very well.
MMLaFleur|https://mmlafleur.com/products/emmett-black|Emmett Dress - Italian Jersey :: Black|||379|Dresses|8004490199235|4|0|0|0|0|4|2025-02-11||Wonderful in everyway. Excellent customer|Wonderful in everyway. Excellent customer service, beautiful and well made clothes. I am a lifelong customer.
MMLaFleur|https://mmlafleur.com/products/emmett-black|Emmett Dress - Italian Jersey :: Black|||379|Dresses|8004490199235|4|0|0|0|0|4|2025-01-10||This is a beautifully constructed|This is a beautifully constructed dress. The fabric is substantial with an elegant drape. My order and delivery experience was very good. Unfortunately, it did not suit my 5’1” frame, but if you are a bit taller and are looking for a smart, versatile dress that would pack well, this is for you.
MMLaFleur|https://mmlafleur.com/products/joslyn-kerala-print|Joslyn Dress - Eco Sateen :: Kerala Print|||109|Dresses|7721992323267|15|1|1|1|4|8|2024-11-04||I love this dress so|"I love this dress so much. Unfortunately the XS was sold out and while I've been on the waitlist for a while, I eventually just ordered a Small and paid to have it tailored. It's such a stunning piece. 

My only thing is that I wish it were lined!"
MMLaFleur|https://mmlafleur.com/products/joslyn-kerala-print|Joslyn Dress - Eco Sateen :: Kerala Print|||109|Dresses|7721992323267|15|1|1|1|4|8|2024-08-09||The perfect dress!|I am a petite size, and find it increasingly hard to find clothes that fit or that are made in fabrics that a tailor could hem. This dress fitted me perfectly, the color is divine, and it is a classic that will never go out of style. I discovered MM La Fleur while on a trip to Philadelphia, and fell in love with the quality of the materials, the tailoring, and the jewel-like colors.
MMLaFleur|https://mmlafleur.com/products/joslyn-kerala-print|Joslyn Dress - Eco Sateen :: Kerala Print|||109|Dresses|7721992323267|15|1|1|1|4|8|2021-08-29||Happy customer|Beautiful dress! Size and fit as stated. Nice details. Nice fabric. Color is Beautiful. Could not be happier with this purchase.
MMLaFleur|https://mmlafleur.com/products/joslyn-kerala-print|Joslyn Dress - Eco Sateen :: Kerala Print|||109|Dresses|7721992323267|15|1|1|1|4|8|2021-07-17||Elegant, unusual, professional|This is a GREAT dress - I was skeptical at first, but tried it and wow! So comfortable, elegant, unusual. The fabric is light, so perfect for summer. The geometric neckline in front, and the pleat in back make this dress just different enough to stand out, while still being professional. Love it.
MMLaFleur|https://mmlafleur.com/products/joslyn-kerala-print|Joslyn Dress - Eco Sateen :: Kerala Print|||109|Dresses|7721992323267|15|1|1|1|4|8|2021-05-29||Nice color. The fabric felt|Nice color. The fabric felt flimsy. Didn’t like the fit
MMLaFleur|https://mmlafleur.com/products/maude-berry-jam|Maude Dress - Contrast Stitch Eco Better Than Denim :: Berry Jam|||209|Dresses|7961575588035|18|0|0|0|4|14|2025-02-02||I love the color and|I love the color and blend of fabrics. It is very comfortable the way it hugs your body without being too stiff but yet a substantial weight to the fabric
MMLaFleur|https://mmlafleur.com/products/maude-berry-jam|Maude Dress - Contrast Stitch Eco Better Than Denim :: Berry Jam|||209|Dresses|7961575588035|18|0|0|0|4|14|2025-01-27||Love the color!|Comfortable and well made!
MMLaFleur|https://mmlafleur.com/products/maude-berry-jam|Maude Dress - Contrast Stitch Eco Better Than Denim :: Berry Jam|||209|Dresses|7961575588035|18|0|0|0|4|14|2025-01-20||A nicely tailored dress that|A nicely tailored dress that I would have kept except the Eco Better Than Denim material is heavier and stiffer than I expected. I wanted a dress to wear through transitional weather into summer, but the material plus a snug fit will not do well for my purpose in the Mid-Atlantic area. Too bad, I keep looking at the dress wishing it had worked out.
MMLaFleur|https://mmlafleur.com/products/maude-berry-jam|Maude Dress - Contrast Stitch Eco Better Than Denim :: Berry Jam|||209|Dresses|7961575588035|18|0|0|0|4|14|2024-12-28||Excellent quality but too large|Excellent quality but too large for me
MMLaFleur|https://mmlafleur.com/products/maude-berry-jam|Maude Dress - Contrast Stitch Eco Better Than Denim :: Berry Jam|||209|Dresses|7961575588035|18|0|0|0|4|14|2024-11-07|||I adore this dress. It added some much needed color and novelty to my wardrobe. The material is structured yet has just enough stretch. My only complaint as a curvy figure is that the belt does not cinch enough and creates an odd wrinkled look when pulled snug. Otherwise, it's a nice dress for any season.
MMLaFleur|https://mmlafleur.com/products/angel-mixed-check|Angel Elegant Dress - Sharkskin :: Mixed Check|||279|Dresses|8024586289347|7|0|0|0|2|5|2025-05-18||Perfect dress for many occasions.|Perfect dress for many occasions. I love the wool twill fabric and the soft breathable lining.
MMLaFleur|https://mmlafleur.com/products/angel-mixed-check|Angel Elegant Dress - Sharkskin :: Mixed Check|||279|Dresses|8024586289347|7|0|0|0|2|5|2025-04-23||Classy and comfortable|"This dress is gorgeous.
Perfect for work with a jacket and a scarf in the evening.
Love love love it!!"
MMLaFleur|https://mmlafleur.com/products/angel-mixed-check|Angel Elegant Dress - Sharkskin :: Mixed Check|||279|Dresses|8024586289347|7|0|0|0|2|5|2025-03-29||Nice dress but really no|Nice dress but really no fair showing it on a size 2 model. It does not look nearly as good on me. Maybe a few images of these clothes on normal sized women would be more reasonable!!
MMLaFleur|https://mmlafleur.com/products/angel-mixed-check|Angel Elegant Dress - Sharkskin :: Mixed Check|||279|Dresses|8024586289347|7|0|0|0|2|5|2024-10-25||Elegant…great fabric…easy,to,wear..lovely lines|Elegant…great fabric…easy,to,wear..lovely lines
MMLaFleur|https://mmlafleur.com/products/angel-mixed-check|Angel Elegant Dress - Sharkskin :: Mixed Check|||279|Dresses|8024586289347|7|0|0|0|2|5|2024-04-07||Lovely dress, but needs work|"This dress is a lovely color! Unfortunately, the included belt is too wide for the ""belt loops"" and they instantly snapped off. They aren't really needed, as the belt stays in place on its own. The bodice is a little loose fitting, and puts too much of my decolletage on display (I do want to get ahead at work, but not like that!). This can be fixed, however, as I plan to have it altered to take 3 inches off the length and use the removed fabric to create a modesty panel. It's a great dress, though. The fabric feels really nice (if a bit heavy), the stitching is good and it looks like it would be easy to tailor. I would actually recommend that when buying pieces of this quality to size up, and then have the item tailored for a perfect fit."
MMLaFleur|https://mmlafleur.com/products/cassandra-olive|Cassandra Dress - OrigamiTech :: Olive|||259|Dresses|7000233377987|21|0|0|0|6|15|2025-04-27||I love this dress. I’m|I love this dress. I’m 5’10” and it hits at mid calf. The fabric is smooth and lightweight and the color is lovely. I know I’ll get a lot of wear out of this piece!
MMLaFleur|https://mmlafleur.com/products/cassandra-olive|Cassandra Dress - OrigamiTech :: Olive|||259|Dresses|7000233377987|21|0|0|0|6|15|2024-09-26|||I expected a better quality in fabric. I was disappointed but noticed that the dress was well made.
MMLaFleur|https://mmlafleur.com/products/cassandra-olive|Cassandra Dress - OrigamiTech :: Olive|||259|Dresses|7000233377987|21|0|0|0|6|15|2024-08-10||Good fit. Beautiful color|Good fit. Beautiful color
MMLaFleur|https://mmlafleur.com/products/cassandra-olive|Cassandra Dress - OrigamiTech :: Olive|||259|Dresses|7000233377987|21|0|0|0|6|15|2024-07-22||Love the length!|I’m 5’9” 150 lbs (ordered size 6) and love the length of this dress, feels professional and elegant. The linen is great for warm summer commutes to the office. The plaque of fabric inside the dress where the buttons stopped kept getting caught on my knees when I walked, which was annoying, so had a tailor tack it down along with taking in the bust a bit. Overall a good dress to pick up in sale
MMLaFleur|https://mmlafleur.com/products/cassandra-olive|Cassandra Dress - OrigamiTech :: Olive|||259|Dresses|7000233377987|21|0|0|0|6|15|2024-05-15||Narrow through the chest|High quality product, love the neckline and the ability to wear open or buttoned. However, it runs really small in the bust. Tried two different sizes, and still didn't fit, and the second size was too large in the waist/hips. If you are larger busted, not the item for you. But didn't want to ding it too hard since it is a lovely piece, just didn't fit me
MMLaFleur|https://mmlafleur.com/products/sylvie-soft-navy|Sylvie Twirl Dress - Italian Jersey :: Soft Navy|||335|Dresses|8024745935043|2|0|0|0|2|0|2025-03-23||Loved the style overall -|Loved the style overall - flattering shape including the wider shoulder to cover the back of shoulder/armhole. Unfortunately, I did not like the weight of the fabric - it was very heavy
MMLaFleur|https://mmlafleur.com/products/sylvie-soft-navy|Sylvie Twirl Dress - Italian Jersey :: Soft Navy|||335|Dresses|8024745935043|2|0|0|0|2|0|2025-02-26||Nice fabric, and a versatile|Nice fabric, and a versatile style. It runs large (had to exchange for smaller size).
MMLaFleur|https://mmlafleur.com/products/aisling-bloom-print|Aisling Slinky Dress - Printed Jersey :: Bloom Print|||199|Dresses|8022888612035|16|0|0|1|4|11|2025-04-25||Elegant and Pretty Dress The|"Elegant and Pretty Dress
The jersey fabric feels good on, and the bloom print is subtle and pretty. 
I’m 5’2”, 125 lbs, pear-shaped, and bought Small size. The dress length is just right and the fabric drapes nicely, it does not tug or pull anywhere. I’ve styled it with a black blazer for work and a gold trench for evening. I recommend it!"
MMLaFleur|https://mmlafleur.com/products/aisling-bloom-print|Aisling Slinky Dress - Printed Jersey :: Bloom Print|||199|Dresses|8022888612035|16|0|0|1|4|11|2025-04-01||This is a lovely dress.|This is a lovely dress. It graces the body perfectly. I took my usual size small but ended up returning it for two reasons: it went on sale the day after I purchased it and the color was a little too green for my olive skin tone.
MMLaFleur|https://mmlafleur.com/products/aisling-bloom-print|Aisling Slinky Dress - Printed Jersey :: Bloom Print|||199|Dresses|8022888612035|16|0|0|1|4|11|2025-03-16||nice cut and design. Flattering.|nice cut and design. Flattering. Many compliments
MMLaFleur|https://mmlafleur.com/products/aisling-bloom-print|Aisling Slinky Dress - Printed Jersey :: Bloom Print|||199|Dresses|8022888612035|16|0|0|1|4|11|2025-03-08||I love everything in terms|I love everything in terms of quality and fit but would have liked a different color better
MMLaFleur|https://mmlafleur.com/products/aisling-bloom-print|Aisling Slinky Dress - Printed Jersey :: Bloom Print|||199|Dresses|8022888612035|16|0|0|1|4|11|2024-07-20||Just a gorgeous dress|Bought to wear for a special occasion and got so many compliments. Wear it regularly now and it's always so comfortable and looks amazing.
MMLaFleur|https://mmlafleur.com/products/rani-bloom-print|Rani Slinky Dress - Printed Jersey :: Bloom Print|||199|Dresses|8023702732995|4|0|0|0|0|4|2025-06-05||I love this dress! I'd|"I love this dress! I'd been looking at it for a while but thought I didn't need a new dress until I got invited to a swanky wedding toward the end of the year. Then the dress went on sale and I couldn't resist. I'm 5'3"", weigh about 135lbs and bought it in a medium. Fits like a glove! My husband loved it on me! I'm only giving 4 stars because your stomach needs to be pretty flat. My belly varies with bloating so I'll have to be cautious about what I wear the week before but that's easy."
MMLaFleur|https://mmlafleur.com/products/rani-bloom-print|Rani Slinky Dress - Printed Jersey :: Bloom Print|||199|Dresses|8023702732995|4|0|0|0|0|4|2025-05-23||Great Dress|"I guess I shouldn't have been surprised that the material was in fact ""slinky"" (slippery and cool to the touch), but the material is not what I think of as ""jersey"". That said, the dress is great, fun print, flatteringly draped and comfortable. Very versatile in that it can be dressed up and dressed down. Sizing note: I purchased a Large, which is a bit larger than the other MML size large dresses I have purchased."
MMLaFleur|https://mmlafleur.com/products/rani-bloom-print|Rani Slinky Dress - Printed Jersey :: Bloom Print|||199|Dresses|8023702732995|4|0|0|0|0|4|2024-04-09||Perfect dress|Perfect dress
MMLaFleur|https://mmlafleur.com/products/rani-bloom-print|Rani Slinky Dress - Printed Jersey :: Bloom Print|||199|Dresses|8023702732995|4|0|0|0|0|4|2024-03-04||Love the versatility of this dress|The first time I wore this dress, I out it on backwards, which works and gives it a little different vibe. Material is very soft. And I have a friend who has already called “dibs” when I decide to pass it on.
MMLaFleur|https://mmlafleur.com/products/antonia-ivory|Antonia Top - Eco Soft Wave :: Ivory|||199|Tops|7093724283075|50|0|3|1|4|42|2025-06-10||a piece that can go|a piece that can go anywhere
MMLaFleur|https://mmlafleur.com/products/antonia-ivory|Antonia Top - Eco Soft Wave :: Ivory|||199|Tops|7093724283075|50|0|3|1|4|42|2025-06-03||I need a smaller size|I need a smaller size
MMLaFleur|https://mmlafleur.com/products/antonia-ivory|Antonia Top - Eco Soft Wave :: Ivory|||199|Tops|7093724283075|50|0|3|1|4|42|2025-05-27||Super comfortable and perfect with|Super comfortable and perfect with a suit jacket.
MMLaFleur|https://mmlafleur.com/products/antonia-ivory|Antonia Top - Eco Soft Wave :: Ivory|||199|Tops|7093724283075|50|0|3|1|4|42|2025-05-13||I have this in white|I have this in white as well and may buy another one. Great shirt!
MMLaFleur|https://mmlafleur.com/products/antonia-ivory|Antonia Top - Eco Soft Wave :: Ivory|||199|Tops|7093724283075|50|0|3|1|4|42|2025-04-27||A little snug but will|A little snug but will look perfect under the Moreland travel jacket! Psyched!
MMLaFleur|https://mmlafleur.com/products/wyatt-dark-navy|Wyatt Tank - Organic Cotton Slub :: Dark Navy|||70|Tops|8089251414211|1|0|0|0|0|1|2023-12-23|||This piece can be dressed up or just casual with jeans. It's a bit roomy, I ordered a size up since it's a final sale. A large would have been a perfect fit. Beautifully made.
MMLaFleur|https://mmlafleur.com/products/ainsley-eggshell|Ainsley Effortless Top - Everyday Crepe with Topstitch :: Eggshell|||199|Tops|8067011215555|1|0|0|0|0|1|2025-06-02||The Ainsley is a beautiful|The Ainsley is a beautiful top! It has more structure (meaning it is heavier and stiffer, less drapy) than my other Everyday Crepe tops and the brown top stitching is an elegant detail. I have not actually worn this yet, but this is going to be a great addition to my light neutral tops. I will likely wear with a front tuck, but the top is made to shine without a tuck. I am between a M and L. I first ordered the medium but exchanged for a large. I am an 8/10 hourglass and I needed the large for the bust and length.
MMLaFleur|https://mmlafleur.com/products/leslie-top-compact-cotton-black|Leslie T-Shirt - Organic Pima Cotton :: Black|||80|Tops|7677561176259|175|4|3|7|23|138|2025-05-22||Quality!|Quality!
MMLaFleur|https://mmlafleur.com/products/leslie-top-compact-cotton-black|Leslie T-Shirt - Organic Pima Cotton :: Black|||80|Tops|7677561176259|175|4|3|7|23|138|2025-05-15||Almost Perfect|I like the material, but the color washed me out. I wished MMLafleur did more pure whites. Had to return,
MMLaFleur|https://mmlafleur.com/products/leslie-top-compact-cotton-black|Leslie T-Shirt - Organic Pima Cotton :: Black|||80|Tops|7677561176259|175|4|3|7|23|138|2025-05-01||I love this top. I|I love this top. I can dress it down with jeans or dress it up with a skirt to work.
MMLaFleur|https://mmlafleur.com/products/leslie-top-compact-cotton-black|Leslie T-Shirt - Organic Pima Cotton :: Black|||80|Tops|7677561176259|175|4|3|7|23|138|2025-04-19||Great feeling shirt, super soft|Great feeling shirt, super soft and looks great with my suits and business casual clothing.
MMLaFleur|https://mmlafleur.com/products/leslie-top-compact-cotton-black|Leslie T-Shirt - Organic Pima Cotton :: Black|||80|Tops|7677561176259|175|4|3|7|23|138|2025-02-27||This is my 4th M|This is my 4th M M Fleur t-shirt. Great material and despite many, many washes, still look fantastic!
MMLaFleur|https://mmlafleur.com/products/paige-top-compact-cotton-ivory|Paige Tank - Organic Ribbed Pima Cotton :: Ivory|||70|Tops|7675779940547|103|0|4|7|13|79|2025-05-03||Perfectly basic, perfectly functional, wearable|Perfectly basic, perfectly functional, wearable and timeless. A comfortable classic.
MMLaFleur|https://mmlafleur.com/products/filomina-hydrangea|Filomina Friday Shirt - Knit Poplin :: Hydrangea|||269|Tops|8020799291587|18|0|0|0|3|15|2025-06-10||excited to wear this on|excited to wear this on my trip to Italy
MMLaFleur|https://mmlafleur.com/products/filomina-hydrangea|Filomina Friday Shirt - Knit Poplin :: Hydrangea|||269|Tops|8020799291587|18|0|0|0|3|15|2025-05-31||Love this shirt. The fabric|Love this shirt. The fabric is so comfortable and resists wrinkles. Wear it tucked or untucked.
MMLaFleur|https://mmlafleur.com/products/filomina-hydrangea|Filomina Friday Shirt - Knit Poplin :: Hydrangea|||269|Tops|8020799291587|18|0|0|0|3|15|2025-05-31||I love the color and|I love the color and the drape of the fabric. Also, the seams that hide the buttons is beautiful. The shirt has a relaxed fit and runs a bit big so be aware of this when ordering. I have already worn it a couple of times and will be wearing it on repeat.
MMLaFleur|https://mmlafleur.com/products/filomina-hydrangea|Filomina Friday Shirt - Knit Poplin :: Hydrangea|||269|Tops|8020799291587|18|0|0|0|3|15|2025-05-23||Best fabric- I want to|Best fabric- I want to wear this every day! I would purchase every color available!
MMLaFleur|https://mmlafleur.com/products/filomina-hydrangea|Filomina Friday Shirt - Knit Poplin :: Hydrangea|||269|Tops|8020799291587|18|0|0|0|3|15|2025-05-18||I love this shirt. It|I love this shirt. It is so comfortable, holds its shape, well made, love the way the buttons are hidden. Perfect!
MMLaFleur|https://mmlafleur.com/products/choe-ivory|Choe Top - Eco 365Knit :: Ivory|||179|Tops|7600410820803|84|1|0|8|10|65|2025-04-21||Love it and have it|Love it and have it 2 other colors.
MMLaFleur|https://mmlafleur.com/products/choe-ivory|Choe Top - Eco 365Knit :: Ivory|||179|Tops|7600410820803|84|1|0|8|10|65|2025-03-29||Nice fit and easy to|Nice fit and easy to layer with jackets.
MMLaFleur|https://mmlafleur.com/products/choe-ivory|Choe Top - Eco 365Knit :: Ivory|||179|Tops|7600410820803|84|1|0|8|10|65|2025-02-08||Quality, beautiful, silhouette, a perfect|Quality, beautiful, silhouette, a perfect staple piece that can be dressed up or down. I really like that the hemline can be left untucked and look professional, work can be tucked in without creating bulk. I will be purchasing this an additional colors.
MMLaFleur|https://mmlafleur.com/products/choe-ivory|Choe Top - Eco 365Knit :: Ivory|||179|Tops|7600410820803|84|1|0|8|10|65|2025-02-02||Whenever these go on sale|Whenever these go on sale I get them. It’s an elevated way to wear a white t shirt. Worth the investment.
MMLaFleur|https://mmlafleur.com/products/choe-ivory|Choe Top - Eco 365Knit :: Ivory|||179|Tops|7600410820803|84|1|0|8|10|65|2024-10-21||A nice heavier shirt that|A nice heavier shirt that works for work, but oddly wrinkles more than one would think, given the material.
MMLaFleur|https://mmlafleur.com/products/sonny-black-white|Sonny Day-to-Night Tank - Mini Chevron Knit :: Black/White|||199|Tops|8067012133059|1|0|0|0|0|1|2025-06-01||Sexy and sophisticated!|"So beautiful!
Sexy, stylish AND comfortable!
Love it!"
MMLaFleur|https://mmlafleur.com/products/kenya-dark-navy|Kenya T-Shirt - Organic Cotton Slub :: Dark Navy|||80|Tops|8067010986179|2|0|0|0|0|2|2025-04-29||T-Shirt Perfection|This shirt is awesome! It is the perfect weight and has a beautiful texture. I will enjoy wearing this top in the spring, summer, and fall.
MMLaFleur|https://mmlafleur.com/products/kenya-dark-navy|Kenya T-Shirt - Organic Cotton Slub :: Dark Navy|||80|Tops|8067010986179|2|0|0|0|0|2|2025-04-27||Great scoop neck|Thank you for a true white shirt instead of ivory. The scoop neck is not too low. I didn’t think I’d like how cropped it is but it looks great under a blazer or cardigan.
MMLaFleur|https://mmlafleur.com/products/aubry-aqua|Aubry Layering Tank - Organic Ribbed Pima Cotton :: Aqua|||70|Tops|8075471061187|16|0|0|0|0|16|2025-06-08||This aqua color is gorgeous.|This aqua color is gorgeous. I bought it as soon as I saw it and I love this shade. More in this color please! The tank is well made. I sized up because I do not like my tees to be too form fitting. This is a great basic that I will wear over and over this summer.
MMLaFleur|https://mmlafleur.com/products/aubry-aqua|Aubry Layering Tank - Organic Ribbed Pima Cotton :: Aqua|||70|Tops|8075471061187|16|0|0|0|0|16|2025-05-23||So glad to see a|So glad to see a fun summer aqua color in the mix at MM. I find the fit of their Pima to be incredibly varied - a L in one thing dwarfs me but an XL in something else is just right. Thankfully for this top it’s more true to size. Nice rib knit that looks like it will retain its shape over time.
MMLaFleur|https://mmlafleur.com/products/nora-ivory|Nora Top - Eco Soft Wave :: Ivory|||199|Tops|7133833789635|103|1|1|6|15|80|2025-05-26||Replacement Purchase|"This top is a staple in my wardrobe. The cut is simple and beautiful. The fabric is forgiving and easy care. It easily transitions between a suit and jeans. . . my ""go-to. "" I wore my first to death, so it was time for a replacement."
MMLaFleur|https://mmlafleur.com/products/nora-ivory|Nora Top - Eco Soft Wave :: Ivory|||199|Tops|7133833789635|103|1|1|6|15|80|2025-05-03||I love this top. The|I love this top. The fabric is magical. Wrinkle resistant, odor resistant, machine washable, with a beautiful drape and luxurious, elegant feeling. I feel amazing when I wear this top. The look is so flattering. I own the navy and ivory and would love more colors.
MMLaFleur|https://mmlafleur.com/products/nora-ivory|Nora Top - Eco Soft Wave :: Ivory|||199|Tops|7133833789635|103|1|1|6|15|80|2025-03-09||Gorgeous top. I love the|Gorgeous top. I love the neckline - it’s great on its own with pants or a skirt, or paired with a blazer for a more feminine look than a button up or round neckline.
MMLaFleur|https://mmlafleur.com/products/nora-ivory|Nora Top - Eco Soft Wave :: Ivory|||199|Tops|7133833789635|103|1|1|6|15|80|2025-02-22||Very lovely blouse. The color|"Very lovely blouse. The color is as pictured a true espresso brown. This goes with a skirt, pants and even a pair of jeans. The material is very light and perfect for warm weather. I really love the cowl neck cut on this item. Keep up the great designs! 
Love it"
MMLaFleur|https://mmlafleur.com/products/nora-ivory|Nora Top - Eco Soft Wave :: Ivory|||199|Tops|7133833789635|103|1|1|6|15|80|2025-02-21||Unique piece|Subtle print that is unique and matches a ton of colors (my favorite has been with a green suit). Elevates your look. Fits like the other Nora tops (TTS), but given that the fabric has a little less give, I sized up
MMLaFleur|https://mmlafleur.com/products/becca-light-gray-black|Becca Pointelle Tee - Cotton Silk Knit :: Light Gray/Black|||179|Tops|8046256292035|3|0|0|0|1|2|2025-05-09||Beautiful sweater. Just not my|Beautiful sweater. Just not my shade of ivory and snug in the bust.
MMLaFleur|https://mmlafleur.com/products/becca-light-gray-black|Becca Pointelle Tee - Cotton Silk Knit :: Light Gray/Black|||179|Tops|8046256292035|3|0|0|0|1|2|2025-04-13||Very cute versatile tee. I|Very cute versatile tee. I love the silver/grey color (and I'm not usually a grey fan). Will look good alone or under jackets. Seems very durable.
MMLaFleur|https://mmlafleur.com/products/becca-light-gray-black|Becca Pointelle Tee - Cotton Silk Knit :: Light Gray/Black|||179|Tops|8046256292035|3|0|0|0|1|2|2025-02-04||Beautiful fabric and color|"Loved the fit of this sweater on my body. Bought an XL where I usually buy M or L. 
A bit short in body so that’s why I have it 4 stars."
MMLaFleur|https://mmlafleur.com/products/clemens-white|Clemens Flex Shirt - Knit Poplin :: White|||249|Tops|7920722378947|25|0|0|0|5|20|2025-05-13||I got my usual XS|I got my usual XS and it looks great tucked in or untucked. I really enjoy the knit poplin fabric it’s super soft and comfortable. And the light blue is perfect I find it’s a bit more richly colored than the pictures do justice.
MMLaFleur|https://mmlafleur.com/products/clemens-white|Clemens Flex Shirt - Knit Poplin :: White|||249|Tops|7920722378947|25|0|0|0|5|20|2025-05-03||Love this shirt- it is|Love this shirt- it is super comfortable, soft and looks crisp even though it is a knit. It would be great to have in more colors.
MMLaFleur|https://mmlafleur.com/products/clemens-white|Clemens Flex Shirt - Knit Poplin :: White|||249|Tops|7920722378947|25|0|0|0|5|20|2025-05-01||I’m getting lots of compliments|I’m getting lots of compliments on this — it is VERY fitted, so take that into account when ordering. The only thing that prevents this from being a five star review is that the upper arms are too tight. Not enough to return it but enough to make me slightly self conscious. Everything else is great. I love the fabric and the color is gorgeous
MMLaFleur|https://mmlafleur.com/products/clemens-white|Clemens Flex Shirt - Knit Poplin :: White|||249|Tops|7920722378947|25|0|0|0|5|20|2025-04-30||Love it! First, fabric and|Love it! First, fabric and hydrangea color fabulous. While the Filomena in the XS swam on me, the size S fit me perfectly in this. For comparison, I wear a size 2 Etsuko dress, size 2 Yiyan blazer, XS Antoinia top and XS Nora top. Size M preference in Axam turtleneck and other similar ribbed knit tops.
MMLaFleur|https://mmlafleur.com/products/clemens-white|Clemens Flex Shirt - Knit Poplin :: White|||249|Tops|7920722378947|25|0|0|0|5|20|2025-04-28||Love it!|Love it!
MMLaFleur|https://mmlafleur.com/products/avi-marmalade|Avi Scoopneck T-Shirt - Organic Ribbed Pima Cotton :: Marmalade|||50|Tops|8023705911491|11|0|0|0|1|10|2025-05-15||Almost Perfect|Loved the concept…. but found the color to be too bright so returned it, please make this in softer colors…the cut and fabric are great.
MMLaFleur|https://mmlafleur.com/products/avi-marmalade|Avi Scoopneck T-Shirt - Organic Ribbed Pima Cotton :: Marmalade|||50|Tops|8023705911491|11|0|0|0|1|10|2025-05-07||Beautiful. I get many compliments|Beautiful. I get many compliments when I wear it in purple
MMLaFleur|https://mmlafleur.com/products/avi-marmalade|Avi Scoopneck T-Shirt - Organic Ribbed Pima Cotton :: Marmalade|||50|Tops|8023705911491|11|0|0|0|1|10|2025-05-06||The neckline of the Avi|The neckline of the Avi is gorgeous, and the marmalade is such a fun color for summer!
MMLaFleur|https://mmlafleur.com/products/avi-marmalade|Avi Scoopneck T-Shirt - Organic Ribbed Pima Cotton :: Marmalade|||50|Tops|8023705911491|11|0|0|0|1|10|2025-04-23||Add to your wardrobe|Great color addition to a wardrobe and very comfortable
MMLaFleur|https://mmlafleur.com/products/avi-marmalade|Avi Scoopneck T-Shirt - Organic Ribbed Pima Cotton :: Marmalade|||50|Tops|8023705911491|11|0|0|0|1|10|2025-04-05||Great color and fit!|Great color and fit!
MMLaFleur|https://mmlafleur.com/products/annika-black|Annika Tee - Washable Silk :: Black|||199|Tops|6808597528771|47|0|0|1|12|34|2025-04-28||great silk|I like it, I have one I purchased a year or so ago in pink. I can wash it on delicate for a few minutes and it is fine. I light iron it and good to go. I am watching your website to fine other colors. Love this silk.
MMLaFleur|https://mmlafleur.com/products/annika-black|Annika Tee - Washable Silk :: Black|||199|Tops|6808597528771|47|0|0|1|12|34|2025-03-08||I love the Annika Tee|I love the Annika Tee and have it multiple colors. I’m not quite 5’3” so the shorter cut of this style allows it to be worn both tucked or out. I normally wear a size 10 or 12 in MM tops but the Large was just too baggy so exchanged for a Medium which fit perfectly. This top can be worn for casual weekend outings or more formal events. Love, love, love the Annika.
MMLaFleur|https://mmlafleur.com/products/annika-black|Annika Tee - Washable Silk :: Black|||199|Tops|6808597528771|47|0|0|1|12|34|2025-03-08||This top seems to run|This top seems to run a bit large. I typically wear a size 10 or 12 in tops but the Large was too big so exchanged for a Medium which fit just right. The Annika Tee is comfortable like a T-Shirt but elevated so I can wear it dressed up or more casual. The only downside and thus the 4 star rating is the Ivory is very sheer.
MMLaFleur|https://mmlafleur.com/products/annika-black|Annika Tee - Washable Silk :: Black|||199|Tops|6808597528771|47|0|0|1|12|34|2024-12-09||I love this shirt. So|I love this shirt. So versatile.
MMLaFleur|https://mmlafleur.com/products/annika-black|Annika Tee - Washable Silk :: Black|||199|Tops|6808597528771|47|0|0|1|12|34|2024-10-05||Nice fit. Formal material makes|Nice fit. Formal material makes it good for a work top.
MMLaFleur|https://mmlafleur.com/products/jules-eggshell|Jules Top - Everyday Crepe with Topstitch :: Eggshell|||199|Tops|8093149692099|5|0|0|0|3|2|2025-06-05||Beautifully made top.|Beautifully made top.
MMLaFleur|https://mmlafleur.com/products/jules-eggshell|Jules Top - Everyday Crepe with Topstitch :: Eggshell|||199|Tops|8093149692099|5|0|0|0|3|2|2025-03-12||It’s a great top.|It’s a great top.
MMLaFleur|https://mmlafleur.com/products/jules-eggshell|Jules Top - Everyday Crepe with Topstitch :: Eggshell|||199|Tops|8093149692099|5|0|0|0|3|2|2024-10-20||Narrow through the chest|Great fabric, but didn't fit my body type. Narrow through the chest and long in the sleeves. Would have made a very cute set with the matching pants but had to return.
MMLaFleur|https://mmlafleur.com/products/jules-eggshell|Jules Top - Everyday Crepe with Topstitch :: Eggshell|||199|Tops|8093149692099|5|0|0|0|3|2|2024-10-03||Love the color, and the|Love the color, and the topstitching and cut of the sleeve add architectural detail. Unfortunately, I was between sizes. My usual size was a touch tight in the upper arm and the next size up was too large through the bust.
MMLaFleur|https://mmlafleur.com/products/jules-eggshell|Jules Top - Everyday Crepe with Topstitch :: Eggshell|||199|Tops|8093149692099|5|0|0|0|3|2|2024-09-25||The sleeves are a little|The sleeves are a little weird and heavy but the color is stunning on me— makes my fair skin and blue eyes light up. I just roll up the cuffs and push up the sleeves. TTS. Looks very cute with jeans. Looks good and more polished with ocean color Zhou’s or the coordinating Arlo pant.
MMLaFleur|https://mmlafleur.com/products/soyoung-t-shirt-fine-rib-cotton-ivory|Soyoung T-Shirt - Organic Ribbed Pima Cotton :: Ivory|||80|Tops|7676222472387|84|1|0|5|8|70|2025-04-16||I’m normally a 6 on|I’m normally a 6 on top and ordered a M. It fit beautifully but the Ivory was just a touch too sheer for me (I could see a shadow outlining my flesh colored bra. ) If this was offered in a fun pink, purple, or other jewel tone, I’d buy it.
MMLaFleur|https://mmlafleur.com/products/soyoung-t-shirt-fine-rib-cotton-ivory|Soyoung T-Shirt - Organic Ribbed Pima Cotton :: Ivory|||80|Tops|7676222472387|84|1|0|5|8|70|2025-04-10||Great layering piece. It's become|"Great layering piece. It's become a new ""go to"" for me - perfect under blazers and stands on its own if I want to take the blazer off. Flattering and comfortable."
MMLaFleur|https://mmlafleur.com/products/soyoung-t-shirt-fine-rib-cotton-ivory|Soyoung T-Shirt - Organic Ribbed Pima Cotton :: Ivory|||80|Tops|7676222472387|84|1|0|5|8|70|2025-03-08||Best work tee, please make more|I have six of these and they are the most flattering, effortless top for work. I'm sad to see they seem to be phasing out. . . I would buy every color! The sleeve length and neckline are great for petites. None of the other t-shirt cuts are quite as good.
MMLaFleur|https://mmlafleur.com/products/soyoung-t-shirt-fine-rib-cotton-ivory|Soyoung T-Shirt - Organic Ribbed Pima Cotton :: Ivory|||80|Tops|7676222472387|84|1|0|5|8|70|2025-01-16||I have been buying these|I have been buying these in different colors throughout the year. Extremely soft, comfortable, and above quality in comparison to other brands I purchased in the past. Easy to travel with, and can be worn with a variety of bottoms. Definitely worth investing in.
MMLaFleur|https://mmlafleur.com/products/soyoung-t-shirt-fine-rib-cotton-ivory|Soyoung T-Shirt - Organic Ribbed Pima Cotton :: Ivory|||80|Tops|7676222472387|84|1|0|5|8|70|2025-01-11|||Flattering, just right T
MMLaFleur|https://mmlafleur.com/products/larissa-light-gray-black|Larissa Pointelle Sweater - Cotton Silk Knit :: Light Gray/Black|||229|Tops|8041538355395|32|0|0|0|2|30|2025-06-05||I loved everything about this|I loved everything about this sweater. I had it in size large in the pink, but the Syrah was not available in large so I thought I would try the medium. It was a bit tight and a bit short so I had to return it. I would have exchanged it for the large, but there were no sizes left in this style in the Syrah color. Beautiful fabric, great design with buttons down the back. Colleagues at work have commented on the pink one that I already had. More like this, please!
MMLaFleur|https://mmlafleur.com/products/larissa-light-gray-black|Larissa Pointelle Sweater - Cotton Silk Knit :: Light Gray/Black|||229|Tops|8041538355395|32|0|0|0|2|30|2025-04-27||Love this new twist on|Love this new twist on a basic. Perfect silk/cotton blend, too.
MMLaFleur|https://mmlafleur.com/products/larissa-light-gray-black|Larissa Pointelle Sweater - Cotton Silk Knit :: Light Gray/Black|||229|Tops|8041538355395|32|0|0|0|2|30|2025-04-27||Love it. The quality and|Love it. The quality and the detailing is so nice. The buttons in back add something extra. This color is so pretty.
MMLaFleur|https://mmlafleur.com/products/larissa-light-gray-black|Larissa Pointelle Sweater - Cotton Silk Knit :: Light Gray/Black|||229|Tops|8041538355395|32|0|0|0|2|30|2025-04-20||Top quality|The quality of the material is superb. The style is so classy. This top can be worn casually and also is very chic with a blazer or dressy jacket. The cotton/silk blend is the most comfortable blend ever!
MMLaFleur|https://mmlafleur.com/products/larissa-light-gray-black|Larissa Pointelle Sweater - Cotton Silk Knit :: Light Gray/Black|||229|Tops|8041538355395|32|0|0|0|2|30|2025-04-12||I absolutely love this sweater!|I absolutely love this sweater!
MMLaFleur|https://mmlafleur.com/products/brooke-antique-blue|Brooke Definition Top - Eco Soft Wave :: Soft Navy|||199|Tops|8023709221059|11|0|0|0|0|11|2025-05-03||This top is perfect. The|This top is perfect. The fabric is amazing, with a beautiful drape, odor resistant and wrinkle resistant. The design makes me feel beautiful. It is a very flattering top and I would love to have it in more colors (I have it in ivory and navy)
MMLaFleur|https://mmlafleur.com/products/brooke-antique-blue|Brooke Definition Top - Eco Soft Wave :: Soft Navy|||199|Tops|8023709221059|11|0|0|0|0|11|2025-04-26||So pretty and packable!|So pretty and packable!
MMLaFleur|https://mmlafleur.com/products/brooke-antique-blue|Brooke Definition Top - Eco Soft Wave :: Soft Navy|||199|Tops|8023709221059|11|0|0|0|0|11|2025-04-14||Beautiful blouse. Ordered wrong size.|Beautiful blouse. Ordered wrong size. Unfortunately, Had to return it.
MMLaFleur|https://mmlafleur.com/products/brooke-antique-blue|Brooke Definition Top - Eco Soft Wave :: Soft Navy|||199|Tops|8023709221059|11|0|0|0|0|11|2025-04-02||Flattering fit, and very easy|Flattering fit, and very easy to care for.
MMLaFleur|https://mmlafleur.com/products/brooke-antique-blue|Brooke Definition Top - Eco Soft Wave :: Soft Navy|||199|Tops|8023709221059|11|0|0|0|0|11|2025-03-04||This is my second Brooke,|This is my second Brooke, which says a lot about how much I like it. Elegant and the neckline is tidy under my jackets.
MMLaFleur|https://mmlafleur.com/products/peggy-black|Peggy Top - Eco 365Knit :: Black|||159|Tops|7664641278147|79|0|0|4|10|65|2025-04-19||Modern silhouette combined with comfort|Modern silhouette combined with comfort makes this Peggy top a chic choice for the office. Combined with the matching color Merritt wrap jardigan, I get compliments every time I wear it.
MMLaFleur|https://mmlafleur.com/products/peggy-black|Peggy Top - Eco 365Knit :: Black|||159|Tops|7664641278147|79|0|0|4|10|65|2025-04-04||Was very nice but returned|Was very nice but returned as rest of suit wasn’t petite friendly.
MMLaFleur|https://mmlafleur.com/products/peggy-black|Peggy Top - Eco 365Knit :: Black|||159|Tops|7664641278147|79|0|0|4|10|65|2025-03-17||This is a perfect knit|This is a perfect knit white tank! Goes with everything. An absolute closet staple.
MMLaFleur|https://mmlafleur.com/products/peggy-black|Peggy Top - Eco 365Knit :: Black|||159|Tops|7664641278147|79|0|0|4|10|65|2024-12-26||Wish it came with more patterns! A stripe along the side would look super sharp!|I love the depth of the V, as I love to showcase my necklaces. The design matches my body shape it can easily be styled with a suit jacket, a sweater over, or worn with a pair of colorful suit pants.
MMLaFleur|https://mmlafleur.com/products/peggy-black|Peggy Top - Eco 365Knit :: Black|||159|Tops|7664641278147|79|0|0|4|10|65|2024-12-15||love the feel/fet!|love the feel/fet!
MMLaFleur|https://mmlafleur.com/products/amina-blueprint-sketch|Amina Ruched Top - Printed Jersey :: Blueprint Sketch|||199|Tops|8020799422659|2|0|0|0|2|0|2025-04-22||The Amina in Blueprint is|The Amina in Blueprint is a lovely top with beautiful fabric which does not fully translate in the photos. There are multiple shades of blue and gray in this subtle print. Ultimately, I returned this top as the fit was not quite right for me. I am curvier than the models and thought it would be more form fitting on me. However, it is drapier and less curve hugging than I was expecting.
MMLaFleur|https://mmlafleur.com/products/amina-blueprint-sketch|Amina Ruched Top - Printed Jersey :: Blueprint Sketch|||199|Tops|8020799422659|2|0|0|0|2|0|2025-04-20||A little tighter than I|A little tighter than I thought it would be but nice enough. Probably not worth purchasing unless on sale.
MMLaFleur|https://mmlafleur.com/products/lagarde-ivory|Lagarde Shirt - Eco Soft Wave :: Ivory|||239|Tops|7714947793091|84|0|0|7|14|63|2025-04-20||Beautiful color, and love that|Beautiful color, and love that it’s machine washable. I have 8 Lagarde shirts…kind of obsessed.
MMLaFleur|https://mmlafleur.com/products/lagarde-ivory|Lagarde Shirt - Eco Soft Wave :: Ivory|||239|Tops|7714947793091|84|0|0|7|14|63|2025-04-19||Nice weight to the fabric|Nice weight to the fabric and nice quality. I still had to wear just the right underpinning to avoid gaping.
MMLaFleur|https://mmlafleur.com/products/lagarde-ivory|Lagarde Shirt - Eco Soft Wave :: Ivory|||239|Tops|7714947793091|84|0|0|7|14|63|2025-04-12||This shirt is beautiful and|This shirt is beautiful and high quality
MMLaFleur|https://mmlafleur.com/products/lagarde-ivory|Lagarde Shirt - Eco Soft Wave :: Ivory|||239|Tops|7714947793091|84|0|0|7|14|63|2025-02-12||The feel is so luxurious|The feel is so luxurious like fine silk. The quality is unmatched and the care is simple. I love the espresso color and plan to buy more chocolate colored pieces.
MMLaFleur|https://mmlafleur.com/products/lagarde-ivory|Lagarde Shirt - Eco Soft Wave :: Ivory|||239|Tops|7714947793091|84|0|0|7|14|63|2024-12-22||Similar to the prior version|Similar to the prior version except in the new eco soft wave fabric (glad it’s still machine washable!) and the new letter sizing seems to be more like the smaller of the 2 numbers - I have the prior version in a 6 and the new version fits the same even though a M is a 6-8 by the size chart.
MMLaFleur|https://mmlafleur.com/products/annmarie-ivory|Annmarie Drape Top - Eco Soft Wave :: Ivory|||269|Tops|8020799455427|2|0|0|0|0|2|2025-05-03||First time I’ve been complimented|First time I’ve been complimented on a blouse I was wearing in years. Made me feel like a queen. So regal.
MMLaFleur|https://mmlafleur.com/products/annmarie-ivory|Annmarie Drape Top - Eco Soft Wave :: Ivory|||269|Tops|8020799455427|2|0|0|0|0|2|2025-04-27||This is a beautiful and|This is a beautiful and elegant top from the lovely neckline drape to the gorgeous fabric, to the covered cuff buttons It does run large Perfect tucked or untucked. Hope it's offered in additional colors!
MMLaFleur|https://mmlafleur.com/products/russell-bluebell|Russell Button Down - Washable Wool Twill :: Bluebell|||299|Tops|8024745803971|3|0|0|0|0|3|2025-04-21||Gorgeous color|Love the fabric and fit of this shirt. Looks professional, but is very comfortable. Color is fantastic. Runs very large. I ordered a size smaller than my normal.
MMLaFleur|https://mmlafleur.com/products/russell-bluebell|Russell Button Down - Washable Wool Twill :: Bluebell|||299|Tops|8024745803971|3|0|0|0|0|3|2025-04-12||Loved color and jacket. Returned|Loved color and jacket. Returned for smaller size, much too big and hoping for right fit.
MMLaFleur|https://mmlafleur.com/products/russell-bluebell|Russell Button Down - Washable Wool Twill :: Bluebell|||299|Tops|8024745803971|3|0|0|0|0|3|2025-03-29||This Shacket style is a|This Shacket style is a sleeper hit and a perfect addition to my power casual wardrobe. The wool is substantial yet refined, not too thick. I love wearing it as an easy layer over other tops for both warmth and style. It runs large, so went with a small rather than my usual medium. The color is absolutely gorgeous l, complements many others and will play well for most seasons. Perfect for 60 degree weather.
MMLaFleur|https://mmlafleur.com/products/marcia-marmalade|Marcia Layering T-Shirt - Organic Ribbed Pima Cotton :: Marmalade|||60|Tops|8023708139715|39|1|2|2|6|28|2025-06-11||Loved everything about this tee.|Loved everything about this tee. The color is fabulous. Love the neckline -very flattering, but not too deep or revealing. The quality of the cotton is simply fantastic - it's incredibly soft and comfortable on a summer day. I would buy more of this if there were other bright colors.
MMLaFleur|https://mmlafleur.com/products/marcia-marmalade|Marcia Layering T-Shirt - Organic Ribbed Pima Cotton :: Marmalade|||60|Tops|8023708139715|39|1|2|2|6|28|2025-04-22||I am a huge fan|I am a huge fan of MMLF's pima cotton tops, I love all of the different styles. The Marcia in Marmalade is my first of this style and second in this color, I like the wide scoop neck. What I love about these pima cotton tops is that they are form fitting without being tight or unforgiving. The Marmalade is a great, bright orange-coral. Please make these forever and in all the colors.
MMLaFleur|https://mmlafleur.com/products/marcia-marmalade|Marcia Layering T-Shirt - Organic Ribbed Pima Cotton :: Marmalade|||60|Tops|8023708139715|39|1|2|2|6|28|2025-04-10||Comfortable and flattering. The color|Comfortable and flattering. The color is lovely - a nice soft ivory. It goes with everything. A great layering piece under blazers or cardigans.
MMLaFleur|https://mmlafleur.com/products/marcia-marmalade|Marcia Layering T-Shirt - Organic Ribbed Pima Cotton :: Marmalade|||60|Tops|8023708139715|39|1|2|2|6|28|2025-03-21||Love the color and comfort.|Love the color and comfort. Makes me feel relaxed, pretty and put together.
MMLaFleur|https://mmlafleur.com/products/marcia-marmalade|Marcia Layering T-Shirt - Organic Ribbed Pima Cotton :: Marmalade|||60|Tops|8023708139715|39|1|2|2|6|28|2025-01-13||These tees are amazing and|These tees are amazing and well worth the price. I own several, and have had them for several years now. I really need a replacement for my Marcia that is now three years old but MM is sold out. Please restock, I beg!
MMLaFleur|https://mmlafleur.com/products/jamie-morning-sky|Jamie Pointelle Tank - Light Merino :: Morning Sky|||199|Tops|8022045130947|7|0|0|0|2|5|2025-03-18||Beautiful color and fit|Beautiful color and fit
MMLaFleur|https://mmlafleur.com/products/jamie-morning-sky|Jamie Pointelle Tank - Light Merino :: Morning Sky|||199|Tops|8022045130947|7|0|0|0|2|5|2025-03-18||Pretty and comfortable|Pretty and comfortable
MMLaFleur|https://mmlafleur.com/products/jamie-morning-sky|Jamie Pointelle Tank - Light Merino :: Morning Sky|||199|Tops|8022045130947|7|0|0|0|2|5|2025-03-17||I love the color. The|I love the color. The fabric is high-quality.
MMLaFleur|https://mmlafleur.com/products/jamie-morning-sky|Jamie Pointelle Tank - Light Merino :: Morning Sky|||199|Tops|8022045130947|7|0|0|0|2|5|2025-03-07||I love the color in|I love the color in the Morning Sky and the slight detailing on this Tank. Its TTS and is the perfect weight. The only reason I downgraded it one star is that I wish it was an hafl inch to inch longer.
MMLaFleur|https://mmlafleur.com/products/jamie-morning-sky|Jamie Pointelle Tank - Light Merino :: Morning Sky|||199|Tops|8022045130947|7|0|0|0|2|5|2025-03-01||Lovely color and excellent quality.|Lovely color and excellent quality. Unfortunately it is too big and baggy on me. For reference, I typically wear sizes 0 petite, 00 regular and sometimes 0. I bought the cardigan version too, and while that also runs large, it drapes nicely and looks flattering.
MMLaFleur|https://mmlafleur.com/products/rosalia-morning-sky|Rosalia Pointelle Cardigan - Light Merino :: Morning Sky|||299|Tops|8036890706115|6|0|0|0|2|4|2025-03-18||Nice material. Runs a little|Nice material. Runs a little large.
MMLaFleur|https://mmlafleur.com/products/rosalia-morning-sky|Rosalia Pointelle Cardigan - Light Merino :: Morning Sky|||299|Tops|8036890706115|6|0|0|0|2|4|2025-03-17||The armholes are a bit|The armholes are a bit over sized, but otherwise it’s very nice quality.
MMLaFleur|https://mmlafleur.com/products/rosalia-morning-sky|Rosalia Pointelle Cardigan - Light Merino :: Morning Sky|||299|Tops|8036890706115|6|0|0|0|2|4|2025-03-05||Perfect for S. C. weather when|Perfect for S. C. weather when you don't want to wear a blazer but still have that finished look.
MMLaFleur|https://mmlafleur.com/products/rosalia-morning-sky|Rosalia Pointelle Cardigan - Light Merino :: Morning Sky|||299|Tops|8036890706115|6|0|0|0|2|4|2025-03-01||Lovely color and excellent quality.|Lovely color and excellent quality. It is a little oversized on me (normally 0 petite), but the drape makes it look more elegant than sloppy. The buttons come up high enough to wear as a regular top.
MMLaFleur|https://mmlafleur.com/products/rosalia-morning-sky|Rosalia Pointelle Cardigan - Light Merino :: Morning Sky|||299|Tops|8036890706115|6|0|0|0|2|4|2025-02-27||I bought both the cardigan|I bought both the cardigan and the tank - love them both. Perfect for spring!
MMLaFleur|https://mmlafleur.com/products/mira-ombre-floral|Mira Anywhere Top - Printed Viscose :: Ombre Floral|||299|Tops|8022044541123|6|0|0|0|1|5|2025-04-27||Beautiful top; it is a|Beautiful top; it is a stand-out in my wardrobe. I am normally a medium and ordered a small because it was the only size left, but it fit! This shirt will be a staple in my work wardrobe for years to come!
MMLaFleur|https://mmlafleur.com/products/mira-ombre-floral|Mira Anywhere Top - Printed Viscose :: Ombre Floral|||299|Tops|8022044541123|6|0|0|0|1|5|2025-04-05||Delightful and bright|Delightful and bright
MMLaFleur|https://mmlafleur.com/products/mira-ombre-floral|Mira Anywhere Top - Printed Viscose :: Ombre Floral|||299|Tops|8022044541123|6|0|0|0|1|5|2025-03-17||Beautiful material, fits well in|Beautiful material, fits well in shoulder and bust but too big in waist. I will need to get this tailored.
MMLaFleur|https://mmlafleur.com/products/mira-ombre-floral|Mira Anywhere Top - Printed Viscose :: Ombre Floral|||299|Tops|8022044541123|6|0|0|0|1|5|2025-03-10||This shirt in Ombré Floral|This shirt in Ombré Floral is a work of art. I receive so many compliments and questions about where I bought it. I feel like a million bucks in my Mira!
MMLaFleur|https://mmlafleur.com/products/mira-ombre-floral|Mira Anywhere Top - Printed Viscose :: Ombre Floral|||299|Tops|8022044541123|6|0|0|0|1|5|2025-01-30||Love the look, very classy,|Love the look, very classy, and comfortable.
MMLaFleur|https://mmlafleur.com/products/axam-ivory-red|Axam Layering Turtleneck - Contrast Organic Ribbed Pima Cotton :: Ivory/Red|||60|Tops|8036847648963|215|0|1|6|19|189|2025-05-28||I'm a sucker for this|I'm a sucker for this fabric. The pattern is unique, the turtleneck is just right, and the feel is cool and flattering. I always receive compliments when I wear.
MMLaFleur|https://mmlafleur.com/products/axam-ivory-red|Axam Layering Turtleneck - Contrast Organic Ribbed Pima Cotton :: Ivory/Red|||60|Tops|8036847648963|215|0|1|6|19|189|2025-05-10||Literally the best layering turtle|Literally the best layering turtle neck I have ever purchased! I’m going back for more colors :-)
MMLaFleur|https://mmlafleur.com/products/axam-ivory-red|Axam Layering Turtleneck - Contrast Organic Ribbed Pima Cotton :: Ivory/Red|||60|Tops|8036847648963|215|0|1|6|19|189|2025-05-09||Fit is perfect. Washes up|Fit is perfect. Washes up well. Adds polish to many different bottoms in my closet.
MMLaFleur|https://mmlafleur.com/products/axam-ivory-red|Axam Layering Turtleneck - Contrast Organic Ribbed Pima Cotton :: Ivory/Red|||60|Tops|8036847648963|215|0|1|6|19|189|2025-05-03||Very soft and easy to|Very soft and easy to wear as well as flattering. Unless you want it quite snug, size up.
MMLaFleur|https://mmlafleur.com/products/axam-ivory-red|Axam Layering Turtleneck - Contrast Organic Ribbed Pima Cotton :: Ivory/Red|||60|Tops|8036847648963|215|0|1|6|19|189|2025-04-30||Love the softness and versatility|Love the softness and versatility of this functional wardrobe piece. Can’t wait to add more colors to my collection!
MMLaFleur|https://mmlafleur.com/products/chana-ivory-red|Chana Fitted T-Shirt - Contrast Organic Ribbed Pima Cotton :: Ivory/Red|||50|Tops|8036848238787|15|0|0|0|1|14|2025-05-24||Super versatile neckline, contrast stitching|Super versatile neckline, contrast stitching is a nice detail.
MMLaFleur|https://mmlafleur.com/products/chana-ivory-red|Chana Fitted T-Shirt - Contrast Organic Ribbed Pima Cotton :: Ivory/Red|||50|Tops|8036848238787|15|0|0|0|1|14|2025-03-11|||Perfect fit!
MMLaFleur|https://mmlafleur.com/products/chana-ivory-red|Chana Fitted T-Shirt - Contrast Organic Ribbed Pima Cotton :: Ivory/Red|||50|Tops|8036848238787|15|0|0|0|1|14|2025-02-26||This is a beautiful and|This is a beautiful and soft Tee. It is quite fitted, so a little too tight for me. It might make sense to go up a size.
MMLaFleur|https://mmlafleur.com/products/chana-ivory-red|Chana Fitted T-Shirt - Contrast Organic Ribbed Pima Cotton :: Ivory/Red|||50|Tops|8036848238787|15|0|0|0|1|14|2025-01-20||I love this vibrant color.|I love this vibrant color. I order Ube in my matcha lattes lately. The fabric is so stinking soft and wears nicely with other complimentary colors like violet. The scoop neck is right for my petite frame and the fit is spot on. I will purchase in other colors.
MMLaFleur|https://mmlafleur.com/products/chana-ivory-red|Chana Fitted T-Shirt - Contrast Organic Ribbed Pima Cotton :: Ivory/Red|||50|Tops|8036848238787|15|0|0|0|1|14|2024-12-19||Stunning color and fit. Thank|Stunning color and fit. Thank you DC store for helping me choose such a flattering piece
MMLaFleur|https://mmlafleur.com/products/sabine-ivory|Sabine Sculptural Tank - Eco 365Knit :: Ivory|||159|Tops|7656231272643|19|0|0|3|1|15|2025-05-06||My new favorite! Thick, comfortable,|My new favorite! Thick, comfortable, washes like a dream, great coverage, and very flattery.
MMLaFleur|https://mmlafleur.com/products/sabine-ivory|Sabine Sculptural Tank - Eco 365Knit :: Ivory|||159|Tops|7656231272643|19|0|0|3|1|15|2025-05-01||I have this tank in|I have this tank in ivory and black. The knit fabric fits great and is high quality, and layers well under blazers and cardigans. Neckline shows off the collar bone beautifully. Hope to see it in more colors.
MMLaFleur|https://mmlafleur.com/products/sabine-ivory|Sabine Sculptural Tank - Eco 365Knit :: Ivory|||159|Tops|7656231272643|19|0|0|3|1|15|2025-04-28||Great fit, lightweight and incredibly|Great fit, lightweight and incredibly versatile. I’ll be buying the same too in black.
MMLaFleur|https://mmlafleur.com/products/sabine-ivory|Sabine Sculptural Tank - Eco 365Knit :: Ivory|||159|Tops|7656231272643|19|0|0|3|1|15|2025-04-14||Lovely, tts, good base layer|Lovely, tts, good base layer
MMLaFleur|https://mmlafleur.com/products/sabine-ivory|Sabine Sculptural Tank - Eco 365Knit :: Ivory|||159|Tops|7656231272643|19|0|0|3|1|15|2025-04-13||This will be a great|This will be a great option under jackets or sweaters when a V neckline doesn’t work
MMLaFleur|https://mmlafleur.com/products/jett-black|Jett Tank - Organic Ribbed Pima Cotton :: Black|||70|Tops|7656231239875|16|0|0|0|2|14|2025-05-23||Love it!|Love it!
MMLaFleur|https://mmlafleur.com/products/jett-black|Jett Tank - Organic Ribbed Pima Cotton :: Black|||70|Tops|7656231239875|16|0|0|0|2|14|2025-04-14||Great quality and fit. Nice|Great quality and fit. Nice transition piece that works for work and weekends. I also purchased the charcoal gray.
MMLaFleur|https://mmlafleur.com/products/mel-ivory|Mel Pointelle Cardigan - Cotton Silk Knit :: Ivory|||199|Tops|7675709194435|5|0|0|0|0|5|2025-05-24||Love this piece! It’s elegant,|"Love this piece!
It’s elegant, breathable, and the pointelle detailing at the seams is beautiful. I first ordered a Small, which was too big, but the Happy Return/exchange service was seamless. I received the XS in just a few days. Perfect fit and great experience!"
MMLaFleur|https://mmlafleur.com/products/mel-ivory|Mel Pointelle Cardigan - Cotton Silk Knit :: Ivory|||199|Tops|7675709194435|5|0|0|0|0|5|2024-11-27||Resilience of silk|"Whenever I see cotton/silk clothing, I 
have a tendency to buy it. 100%cotton normally does not keep it's shape over time. Cotton/silk clothing last so much longer and never fades or loses its shape.
Please offer more clothing like this."
MMLaFleur|https://mmlafleur.com/products/mel-ivory|Mel Pointelle Cardigan - Cotton Silk Knit :: Ivory|||199|Tops|7675709194435|5|0|0|0|0|5|2024-11-08||This is so simple, but|"This is so simple, but so perfect. it fits the 5’ lady and goes with everything. Wearing now with Lisey in cutout and Dark Olive Curieand everything goes so nicely.

MM LaF please consider other neutral colors!"
MMLaFleur|https://mmlafleur.com/products/mel-ivory|Mel Pointelle Cardigan - Cotton Silk Knit :: Ivory|||199|Tops|7675709194435|5|0|0|0|0|5|2024-04-02||Gorgeous!|Love this cardigan and matching sleeveless shell. Looks great with black Milo jeans!
MMLaFleur|https://mmlafleur.com/products/crimmins-ivory|Crimmins Pointelle Tank - Cotton Silk Knit :: Ivory|||149|Tops|7675709522115|10|0|0|0|3|7|2025-04-30||I love this top so|"I love this top so much that I purchased it in both colors. I will say that I am partial to wearing natural fibers and so I prefer the cotton silk knits as opposed to Eco Soft Wave. (As much as I love the beautiful drapey look of ESW, I don't like how it feels on my skin. ) 
Please keep producing the pointelle tops and sweaters!"
MMLaFleur|https://mmlafleur.com/products/crimmins-ivory|Crimmins Pointelle Tank - Cotton Silk Knit :: Ivory|||149|Tops|7675709522115|10|0|0|0|3|7|2024-12-15||This was a lovely sweater|This was a lovely sweater but I returned it. I had to order the large size for my torso but the sleeve hole was then too big and gapped in the front.
MMLaFleur|https://mmlafleur.com/products/crimmins-ivory|Crimmins Pointelle Tank - Cotton Silk Knit :: Ivory|||149|Tops|7675709522115|10|0|0|0|3|7|2024-04-14||High quality versatile top|I really love this top so much. I’m thinking of buying a second one for when it wears out. It looks great under a suit jacket and it is also perfect for evening attire. The fabric is very soft and fit excellent.
MMLaFleur|https://mmlafleur.com/products/crimmins-ivory|Crimmins Pointelle Tank - Cotton Silk Knit :: Ivory|||149|Tops|7675709522115|10|0|0|0|3|7|2024-04-14||Gorgeous!|Love this shell- the stitching detail is divine.
MMLaFleur|https://mmlafleur.com/products/nejvi-softwave-black|Nejvi Top - Eco Soft Wave :: Black|||199|Tops|7081787916483|76|3|5|4|15|49|2024-11-18||Obsessed with this shirt! It's|Obsessed with this shirt! It's very form fitting. I love the sleeves and the cinched waist effect. I hope to get some other colors too :)
MMLaFleur|https://mmlafleur.com/products/nejvi-softwave-black|Nejvi Top - Eco Soft Wave :: Black|||199|Tops|7081787916483|76|3|5|4|15|49|2024-09-27||This is a statement top|This is a statement top that looks as good tucked in as untucked. The silk version elevates it to the next level. Would love to see a silk version in greens / blues / purples!
MMLaFleur|https://mmlafleur.com/products/nejvi-softwave-black|Nejvi Top - Eco Soft Wave :: Black|||199|Tops|7081787916483|76|3|5|4|15|49|2024-09-27||This top fits perfectly and|This top fits perfectly and is flattering. I like that it doesn’t need to be tucked in, yet isn’t cropped. It falls right at the hip and has a clean look, gives some tummy coverage and creates a nice waist.
MMLaFleur|https://mmlafleur.com/products/nejvi-softwave-black|Nejvi Top - Eco Soft Wave :: Black|||199|Tops|7081787916483|76|3|5|4|15|49|2024-09-26||Flattering top that is a|Flattering top that is a lovely option for the office and for date night
MMLaFleur|https://mmlafleur.com/products/nejvi-softwave-black|Nejvi Top - Eco Soft Wave :: Black|||199|Tops|7081787916483|76|3|5|4|15|49|2024-09-19||The best aspect of this|The best aspect of this blouse was the silk fabric which feels wonderful and drapes nicely. I did not end up keeping this blouse because I look putrid in this shade of green. Although I suspected this might be true, I chose to chance it as I was attracted to the pattern, which was both pretty and likely to hide stains. Great blouse for someone with compatible coloring.
MMLaFleur|https://mmlafleur.com/products/tonya-white|Tonya Top - Knit Poplin :: White|||259|Tops|7686783992003|7|0|1|0|1|5|2025-05-13||The knit poplin is wonderful!|The knit poplin is wonderful! I love the look of a button down but have never been a fan of the crunchy feeling. This is perfect. Looks really polished. Highly recommend!
MMLaFleur|https://mmlafleur.com/products/owen-t-shirt-pima-cotton-black|Owen T-Shirt - Organic Pima Cotton :: Black|||90|Tops|7606373187779|99|1|2|6|21|69|2025-05-12||Excellent basic black tee.|Excellent basic black tee.
MMLaFleur|https://mmlafleur.com/products/owen-t-shirt-pima-cotton-black|Owen T-Shirt - Organic Pima Cotton :: Black|||90|Tops|7606373187779|99|1|2|6|21|69|2025-05-03||Classic Tee|I love this tshirt so bought it in. ” Black. It is a classic cut out of quality material. I wash them in cold and lay flat to dry and they stay very fresh looking. Great for work with trousers or a casual outfit as well.
MMLaFleur|https://mmlafleur.com/products/owen-t-shirt-pima-cotton-black|Owen T-Shirt - Organic Pima Cotton :: Black|||90|Tops|7606373187779|99|1|2|6|21|69|2025-05-01||Returned to buy more of|Returned to buy more of this t shirt. Beautiful fabric. Washes well. (Cold, line dry. ) Of note, this year I found the sizing to be noticably more fitted. Not as generous as last year. Less boxy. If you prefer the boxy, generous fit of former styling, consider sizing up one size.
MMLaFleur|https://mmlafleur.com/products/owen-t-shirt-pima-cotton-black|Owen T-Shirt - Organic Pima Cotton :: Black|||90|Tops|7606373187779|99|1|2|6|21|69|2025-04-21||Owen is my favorite MM|Owen is my favorite MM La Fleur t-shirt. I wish there were more colors to choose from, but I have black and white and wear them frequently for both work and weekend.
MMLaFleur|https://mmlafleur.com/products/owen-t-shirt-pima-cotton-black|Owen T-Shirt - Organic Pima Cotton :: Black|||90|Tops|7606373187779|99|1|2|6|21|69|2025-04-04||I never thought I would|I never thought I would spend this much on a t shirt but I am very pleased with the quality, fit and washability. Another win from this company!
MMLaFleur|https://mmlafleur.com/products/emmy-black|Emmy Top - Eco Soft Wave :: Black|||199|Tops|7899028684995|45|1|4|4|7|29|2025-05-13||Another great staple from MM|Another great staple from MM Lafleur
MMLaFleur|https://mmlafleur.com/products/emmy-black|Emmy Top - Eco Soft Wave :: Black|||199|Tops|7899028684995|45|1|4|4|7|29|2025-04-22||Beautiful and practical|The Emmy top is really beautiful. It fits true to size. The cut of the neckline and the lining ensure that it not revealing. The alabaster is a lovely off-white color that will be easy to wardrobe with other clothes. The fabric drapes beautifully. It makes for an elegant look.
MMLaFleur|https://mmlafleur.com/products/emmy-black|Emmy Top - Eco Soft Wave :: Black|||199|Tops|7899028684995|45|1|4|4|7|29|2024-10-26||Great top. Have it in|Great top. Have it in 2 colors now - I wear this weekly for work under a blazer!
MMLaFleur|https://mmlafleur.com/products/emmy-black|Emmy Top - Eco Soft Wave :: Black|||199|Tops|7899028684995|45|1|4|4|7|29|2024-07-30||Another Wonderful MM Shirt!|Love this shirt. It’s true to size and has a very flattering it. Love how breathable the material is.
MMLaFleur|https://mmlafleur.com/products/emmy-black|Emmy Top - Eco Soft Wave :: Black|||199|Tops|7899028684995|45|1|4|4|7|29|2024-07-25|||The color is perfect
MMLaFleur|https://mmlafleur.com/products/gia-river-ivory|Gia Vacation Top - Soft Stripe :: River/Ivory|||269|Tops|8067011969219|1|0|0|0|0|1|2025-05-05||Beautiful top. Love the uniqueness|Beautiful top. Love the uniqueness of the design. Looks good tucked it or not. Too low on my for work but perfect for dinner out and weekends
MMLaFleur|https://mmlafleur.com/products/kylan-river-ivory|Kylan Vacation Top - Soft Stripe :: River/Ivory|||249|Tops|8067012034755|4|1|0|0|2|1|2025-05-27||Very flattering top, easy to|Very flattering top, easy to wear and care for.
MMLaFleur|https://mmlafleur.com/products/kylan-river-ivory|Kylan Vacation Top - Soft Stripe :: River/Ivory|||249|Tops|8067012034755|4|1|0|0|2|1|2025-05-25||Roomy fit, comfortable, wrinkles steam|Roomy fit, comfortable, wrinkles steam out quickly. Fabric not as soft as other tops and shirts I have from MM Lafleur.
MMLaFleur|https://mmlafleur.com/products/rae-black-white|Rae Day-to-Night Top - Mini Chevron Knit :: Black/White|||269|Tops|8080656761027|5|0|0|0|0|5|2025-06-01||Day to night for real!|"This top is worth every penny!
Beautiful fit and fabric and the cut is very sexy!
I’m 5’4” about 130 lbs and I wear a size small. 
Day to night for real!!
Love it!"
MMLaFleur|https://mmlafleur.com/products/rae-black-white|Rae Day-to-Night Top - Mini Chevron Knit :: Black/White|||269|Tops|8080656761027|5|0|0|0|0|5|2025-05-02||Gorgeous new top! Very soft|Gorgeous new top! Very soft knit, too heavy for summer but perfect other seasons. It feels a bit thick but does not look at all bulky on. I am between sizes. I sized up on other recommendations, but would have been fine sizing down too, very stretchy.
MMLaFleur|https://mmlafleur.com/products/rae-black-white|Rae Day-to-Night Top - Mini Chevron Knit :: Black/White|||269|Tops|8080656761027|5|0|0|0|0|5|2024-01-27||Lovely stuff -- as usual :)|The Rae Top is lovely. Love the intensity of the color and the sheen of the fabric. Based on other reviews, I sized up and I'm glad I did. It's a close fit, landing at the waist, prolly because of my shape. Hoping to see this in other brilliant colors soon!
MMLaFleur|https://mmlafleur.com/products/rae-black-white|Rae Day-to-Night Top - Mini Chevron Knit :: Black/White|||269|Tops|8080656761027|5|0|0|0|0|5|2023-11-30||Gorgeous and flattering top|Love this and love the color. Normally a small in MM LaFleur tops, I sized up after trying the small on and it was skintight in an uncomfortable way. Medium was ever so slightly looser than I’d want, but still fit very nicely. Would love to see this knit in other colors and cuts.
MMLaFleur|https://mmlafleur.com/products/rae-black-white|Rae Day-to-Night Top - Mini Chevron Knit :: Black/White|||269|Tops|8080656761027|5|0|0|0|0|5|2023-11-16||Soft and Easy!|Great top for a variety of looks. It is soft against the skin, and the color goes with more than you think. I also love it for travel - no wrinkles or fuss!
MMLaFleur|https://mmlafleur.com/products/st-james-marine-ecru|Saint James Etrille II Short Sleeve - Jersey :: Marine/Ecru|||129|Tops|8135340556483|3|0|0|0|0|3|2025-05-05||Cute and high quality shirt|I love this t-shirt, took MM a while to get into the stripe/Breton look, but this offering is top notch. Great quality. Fit and proportion is good, but I had to size up. Would guess one size up for a fitted look, two if you want it to be looser. Wish this came in a black and white stripe as well
MMLaFleur|https://mmlafleur.com/products/st-james-marine-ecru|Saint James Etrille II Short Sleeve - Jersey :: Marine/Ecru|||129|Tops|8135340556483|3|0|0|0|0|3|2025-04-27||Great shirt! I can wear|Great shirt! I can wear it to work or for a night at home with family. I wash it in cold water and air dry. I have not noticed any shrinkage. I am very happy with my purchase.
MMLaFleur|https://mmlafleur.com/products/st-james-marine-ecru|Saint James Etrille II Short Sleeve - Jersey :: Marine/Ecru|||129|Tops|8135340556483|3|0|0|0|0|3|2025-04-12||Perfect. True to size. Comfortable.|Perfect. True to size. Comfortable. Will get a lot of wear from it.
MMLaFleur|https://mmlafleur.com/products/lisey-cami-sahara-print-washable-silk-tan-black|Lisey Cami - Washable Silk :: Sahara Print|||139|Tops|7675778826435|29|2|0|0|4|23|2025-05-06||Love be fit and the|Love be fit and the adjustable straps!
MMLaFleur|https://mmlafleur.com/products/lisey-cami-sahara-print-washable-silk-tan-black|Lisey Cami - Washable Silk :: Sahara Print|||139|Tops|7675778826435|29|2|0|0|4|23|2024-10-23||Great to wear under a|Great to wear under a blazer or just pair with jeans can dress up from day to night.
MMLaFleur|https://mmlafleur.com/products/lisey-cami-sahara-print-washable-silk-tan-black|Lisey Cami - Washable Silk :: Sahara Print|||139|Tops|7675778826435|29|2|0|0|4|23|2024-08-10||Cute cami and very comfortable!|Cute cami and very comfortable!
MMLaFleur|https://mmlafleur.com/products/lisey-cami-sahara-print-washable-silk-tan-black|Lisey Cami - Washable Silk :: Sahara Print|||139|Tops|7675778826435|29|2|0|0|4|23|2024-08-06||Versatile and fun tank.|Versatile and fun tank.
MMLaFleur|https://mmlafleur.com/products/lisey-cami-sahara-print-washable-silk-tan-black|Lisey Cami - Washable Silk :: Sahara Print|||139|Tops|7675778826435|29|2|0|0|4|23|2024-07-26||Elegant and cool for Summer|Elegant and cool for Summer
MMLaFleur|https://mmlafleur.com/products/st-james-neige-gitane|Saint James Galathee II 3/4 Sleeve - Jersey :: Neige/Gitane|||129|Tops|8135340523715|3|0|0|0|0|3|2025-05-05||Cute and high quality shirt|I love this t-shirt, took MM a while to get into the stripe/Breton look, but this offering is top notch. Great quality. Fit and proportion is good, but I had to size up. Would guess one size up for a fitted look, two if you want it to be looser. Wish this came in a black and white stripe as well
MMLaFleur|https://mmlafleur.com/products/st-james-neige-gitane|Saint James Galathee II 3/4 Sleeve - Jersey :: Neige/Gitane|||129|Tops|8135340523715|3|0|0|0|0|3|2025-04-27||Great shirt! I can wear|Great shirt! I can wear it to work or for a night at home with family. I wash it in cold water and air dry. I have not noticed any shrinkage. I am very happy with my purchase.
MMLaFleur|https://mmlafleur.com/products/st-james-neige-gitane|Saint James Galathee II 3/4 Sleeve - Jersey :: Neige/Gitane|||129|Tops|8135340523715|3|0|0|0|0|3|2025-04-12||Perfect. True to size. Comfortable.|Perfect. True to size. Comfortable. Will get a lot of wear from it.
MMLaFleur|https://mmlafleur.com/products/aubry-aqua|Aubry Layering Tank - Organic Ribbed Pima Cotton :: Aqua|||70|Tops|8075471061187|16|0|0|0|0|16|2025-06-08||This aqua color is gorgeous.|This aqua color is gorgeous. I bought it as soon as I saw it and I love this shade. More in this color please! The tank is well made. I sized up because I do not like my tees to be too form fitting. This is a great basic that I will wear over and over this summer.
MMLaFleur|https://mmlafleur.com/products/aubry-aqua|Aubry Layering Tank - Organic Ribbed Pima Cotton :: Aqua|||70|Tops|8075471061187|16|0|0|0|0|16|2025-05-23||So glad to see a|So glad to see a fun summer aqua color in the mix at MM. I find the fit of their Pima to be incredibly varied - a L in one thing dwarfs me but an XL in something else is just right. Thankfully for this top it’s more true to size. Nice rib knit that looks like it will retain its shape over time.
MMLaFleur|https://mmlafleur.com/products/aubry-black|Aubry Layering Tank - Organic Ribbed Pima Cotton :: Black|||70|T-Shirts|8075471945923|16|0|0|0|0|16|2025-06-08||This aqua color is gorgeous.|This aqua color is gorgeous. I bought it as soon as I saw it and I love this shade. More in this color please! The tank is well made. I sized up because I do not like my tees to be too form fitting. This is a great basic that I will wear over and over this summer.
MMLaFleur|https://mmlafleur.com/products/aubry-black|Aubry Layering Tank - Organic Ribbed Pima Cotton :: Black|||70|T-Shirts|8075471945923|16|0|0|0|0|16|2025-05-23||So glad to see a|So glad to see a fun summer aqua color in the mix at MM. I find the fit of their Pima to be incredibly varied - a L in one thing dwarfs me but an XL in something else is just right. Thankfully for this top it’s more true to size. Nice rib knit that looks like it will retain its shape over time.
MMLaFleur|https://mmlafleur.com/products/wyatt-white|Wyatt Tank - Organic Cotton Slub :: White|||70|T-Shirts|8089251545283|1|0|0|0|0|1|2023-12-23|||This piece can be dressed up or just casual with jeans. It's a bit roomy, I ordered a size up since it's a final sale. A large would have been a perfect fit. Beautifully made.
MMLaFleur|https://mmlafleur.com/products/kenya-dark-navy|Kenya T-Shirt - Organic Cotton Slub :: Dark Navy|||80|Tops|8067010986179|2|0|0|0|0|2|2025-04-29||T-Shirt Perfection|This shirt is awesome! It is the perfect weight and has a beautiful texture. I will enjoy wearing this top in the spring, summer, and fall.
MMLaFleur|https://mmlafleur.com/products/kenya-dark-navy|Kenya T-Shirt - Organic Cotton Slub :: Dark Navy|||80|Tops|8067010986179|2|0|0|0|0|2|2025-04-27||Great scoop neck|Thank you for a true white shirt instead of ivory. The scoop neck is not too low. I didn’t think I’d like how cropped it is but it looks great under a blazer or cardigan.
MMLaFleur|https://mmlafleur.com/products/paige-top-compact-cotton-ivory|Paige Tank - Organic Ribbed Pima Cotton :: Ivory|||70|Tops|7675779940547|103|0|4|7|13|79|2025-05-03||Perfectly basic, perfectly functional, wearable|Perfectly basic, perfectly functional, wearable and timeless. A comfortable classic.
MMLaFleur|https://mmlafleur.com/products/raquel-black|Raquel Long-Sleeve Tee - Organic Pima Cotton :: Black|||99|T-Shirts|8036877566147|10|0|0|0|3|7|2025-05-06||I continue to love MM|I continue to love MM Lefleur T shirts. This one has the strong construction, robust material and beautiful color I expect. It holds up great to machine washing and air drying.
MMLaFleur|https://mmlafleur.com/products/raquel-black|Raquel Long-Sleeve Tee - Organic Pima Cotton :: Black|||99|T-Shirts|8036877566147|10|0|0|0|3|7|2025-05-02||I am a big fan|"I am a big fan of MM LaFleur’s tee shirts. The quality is superb and worth the price. 
The Raquel is a wonderful quality essential long sleeve Tee. I purchased it in Medium and I did wash and dry it to slightly shrink the size as the medium is very roomy. I am very happy with the result. One of the things I really like about this tee is the neckline which is substantial and holds it’s shape after laundering."
MMLaFleur|https://mmlafleur.com/products/raquel-black|Raquel Long-Sleeve Tee - Organic Pima Cotton :: Black|||99|T-Shirts|8036877566147|10|0|0|0|3|7|2025-04-30||Love fabric|Love fabric
MMLaFleur|https://mmlafleur.com/products/raquel-black|Raquel Long-Sleeve Tee - Organic Pima Cotton :: Black|||99|T-Shirts|8036877566147|10|0|0|0|3|7|2025-04-28||The fit is great and|The fit is great and the fabric is soft and comfortable.
MMLaFleur|https://mmlafleur.com/products/raquel-black|Raquel Long-Sleeve Tee - Organic Pima Cotton :: Black|||99|T-Shirts|8036877566147|10|0|0|0|3|7|2025-04-24||Size down! I tried mine|Size down! I tried mine on and thought “I’ll need to get a small” not realizing I had ordered a small. Very soft and substantial fabric and beautiful fuchsia color.
MMLaFleur|https://mmlafleur.com/products/leslie-top-compact-cotton-ivory|Leslie T-Shirt - Organic Pima Cotton :: Ivory|||80|T-Shirts|7676787556547|175|4|3|7|23|138|2025-05-22||Quality!|Quality!
MMLaFleur|https://mmlafleur.com/products/leslie-top-compact-cotton-ivory|Leslie T-Shirt - Organic Pima Cotton :: Ivory|||80|T-Shirts|7676787556547|175|4|3|7|23|138|2025-05-15||Almost Perfect|I like the material, but the color washed me out. I wished MMLafleur did more pure whites. Had to return,
MMLaFleur|https://mmlafleur.com/products/leslie-top-compact-cotton-ivory|Leslie T-Shirt - Organic Pima Cotton :: Ivory|||80|T-Shirts|7676787556547|175|4|3|7|23|138|2025-05-01||I love this top. I|I love this top. I can dress it down with jeans or dress it up with a skirt to work.
MMLaFleur|https://mmlafleur.com/products/leslie-top-compact-cotton-ivory|Leslie T-Shirt - Organic Pima Cotton :: Ivory|||80|T-Shirts|7676787556547|175|4|3|7|23|138|2025-04-19||Great feeling shirt, super soft|Great feeling shirt, super soft and looks great with my suits and business casual clothing.
MMLaFleur|https://mmlafleur.com/products/leslie-top-compact-cotton-ivory|Leslie T-Shirt - Organic Pima Cotton :: Ivory|||80|T-Shirts|7676787556547|175|4|3|7|23|138|2025-02-27||This is my 4th M|This is my 4th M M Fleur t-shirt. Great material and despite many, many washes, still look fantastic!
MMLaFleur|https://mmlafleur.com/products/owen-t-shirt-pima-cotton-black|Owen T-Shirt - Organic Pima Cotton :: Black|||90|Tops|7606373187779|99|1|2|6|21|69|2025-05-12||Excellent basic black tee.|Excellent basic black tee.
MMLaFleur|https://mmlafleur.com/products/owen-t-shirt-pima-cotton-black|Owen T-Shirt - Organic Pima Cotton :: Black|||90|Tops|7606373187779|99|1|2|6|21|69|2025-05-03||Classic Tee|I love this tshirt so bought it in. ” Black. It is a classic cut out of quality material. I wash them in cold and lay flat to dry and they stay very fresh looking. Great for work with trousers or a casual outfit as well.
MMLaFleur|https://mmlafleur.com/products/owen-t-shirt-pima-cotton-black|Owen T-Shirt - Organic Pima Cotton :: Black|||90|Tops|7606373187779|99|1|2|6|21|69|2025-05-01||Returned to buy more of|Returned to buy more of this t shirt. Beautiful fabric. Washes well. (Cold, line dry. ) Of note, this year I found the sizing to be noticably more fitted. Not as generous as last year. Less boxy. If you prefer the boxy, generous fit of former styling, consider sizing up one size.
MMLaFleur|https://mmlafleur.com/products/owen-t-shirt-pima-cotton-black|Owen T-Shirt - Organic Pima Cotton :: Black|||90|Tops|7606373187779|99|1|2|6|21|69|2025-04-21||Owen is my favorite MM|Owen is my favorite MM La Fleur t-shirt. I wish there were more colors to choose from, but I have black and white and wear them frequently for both work and weekend.
MMLaFleur|https://mmlafleur.com/products/owen-t-shirt-pima-cotton-black|Owen T-Shirt - Organic Pima Cotton :: Black|||90|Tops|7606373187779|99|1|2|6|21|69|2025-04-04||I never thought I would|I never thought I would spend this much on a t shirt but I am very pleased with the quality, fit and washability. Another win from this company!
MMLaFleur|https://mmlafleur.com/products/marcia-top-fine-ribbed-cotton-black|Marcia Layering T-Shirt - Ribbed Pima Cotton :: Black|||90|T-Shirts|6725149982915|39|1|2|2|6|28|2025-06-11||Loved everything about this tee.|Loved everything about this tee. The color is fabulous. Love the neckline -very flattering, but not too deep or revealing. The quality of the cotton is simply fantastic - it's incredibly soft and comfortable on a summer day. I would buy more of this if there were other bright colors.
MMLaFleur|https://mmlafleur.com/products/marcia-top-fine-ribbed-cotton-black|Marcia Layering T-Shirt - Ribbed Pima Cotton :: Black|||90|T-Shirts|6725149982915|39|1|2|2|6|28|2025-04-22||I am a huge fan|I am a huge fan of MMLF's pima cotton tops, I love all of the different styles. The Marcia in Marmalade is my first of this style and second in this color, I like the wide scoop neck. What I love about these pima cotton tops is that they are form fitting without being tight or unforgiving. The Marmalade is a great, bright orange-coral. Please make these forever and in all the colors.
MMLaFleur|https://mmlafleur.com/products/marcia-top-fine-ribbed-cotton-black|Marcia Layering T-Shirt - Ribbed Pima Cotton :: Black|||90|T-Shirts|6725149982915|39|1|2|2|6|28|2025-04-10||Comfortable and flattering. The color|Comfortable and flattering. The color is lovely - a nice soft ivory. It goes with everything. A great layering piece under blazers or cardigans.
MMLaFleur|https://mmlafleur.com/products/marcia-top-fine-ribbed-cotton-black|Marcia Layering T-Shirt - Ribbed Pima Cotton :: Black|||90|T-Shirts|6725149982915|39|1|2|2|6|28|2025-03-21||Love the color and comfort.|Love the color and comfort. Makes me feel relaxed, pretty and put together.
MMLaFleur|https://mmlafleur.com/products/marcia-top-fine-ribbed-cotton-black|Marcia Layering T-Shirt - Ribbed Pima Cotton :: Black|||90|T-Shirts|6725149982915|39|1|2|2|6|28|2025-01-13||These tees are amazing and|These tees are amazing and well worth the price. I own several, and have had them for several years now. I really need a replacement for my Marcia that is now three years old but MM is sold out. Please restock, I beg!
MMLaFleur|https://mmlafleur.com/products/jett-black|Jett Tank - Organic Ribbed Pima Cotton :: Black|||70|Tops|7656231239875|16|0|0|0|2|14|2025-05-23||Love it!|Love it!
MMLaFleur|https://mmlafleur.com/products/jett-black|Jett Tank - Organic Ribbed Pima Cotton :: Black|||70|Tops|7656231239875|16|0|0|0|2|14|2025-04-14||Great quality and fit. Nice|Great quality and fit. Nice transition piece that works for work and weekends. I also purchased the charcoal gray.
MMLaFleur|https://mmlafleur.com/products/soyoung-t-shirt-fine-rib-cotton-ivory|Soyoung T-Shirt - Organic Ribbed Pima Cotton :: Ivory|||80|Tops|7676222472387|84|1|0|5|8|70|2025-04-16||I’m normally a 6 on|I’m normally a 6 on top and ordered a M. It fit beautifully but the Ivory was just a touch too sheer for me (I could see a shadow outlining my flesh colored bra. ) If this was offered in a fun pink, purple, or other jewel tone, I’d buy it.
MMLaFleur|https://mmlafleur.com/products/soyoung-t-shirt-fine-rib-cotton-ivory|Soyoung T-Shirt - Organic Ribbed Pima Cotton :: Ivory|||80|Tops|7676222472387|84|1|0|5|8|70|2025-04-10||Great layering piece. It's become|"Great layering piece. It's become a new ""go to"" for me - perfect under blazers and stands on its own if I want to take the blazer off. Flattering and comfortable."
MMLaFleur|https://mmlafleur.com/products/soyoung-t-shirt-fine-rib-cotton-ivory|Soyoung T-Shirt - Organic Ribbed Pima Cotton :: Ivory|||80|Tops|7676222472387|84|1|0|5|8|70|2025-03-08||Best work tee, please make more|I have six of these and they are the most flattering, effortless top for work. I'm sad to see they seem to be phasing out. . . I would buy every color! The sleeve length and neckline are great for petites. None of the other t-shirt cuts are quite as good.
MMLaFleur|https://mmlafleur.com/products/soyoung-t-shirt-fine-rib-cotton-ivory|Soyoung T-Shirt - Organic Ribbed Pima Cotton :: Ivory|||80|Tops|7676222472387|84|1|0|5|8|70|2025-01-16||I have been buying these|I have been buying these in different colors throughout the year. Extremely soft, comfortable, and above quality in comparison to other brands I purchased in the past. Easy to travel with, and can be worn with a variety of bottoms. Definitely worth investing in.
MMLaFleur|https://mmlafleur.com/products/soyoung-t-shirt-fine-rib-cotton-ivory|Soyoung T-Shirt - Organic Ribbed Pima Cotton :: Ivory|||80|Tops|7676222472387|84|1|0|5|8|70|2025-01-11|||Flattering, just right T
MMLaFleur|https://mmlafleur.com/products/malley-black|Malley Top - Organic Ribbed Pima Cotton :: Black|||90|T-Shirts|7899080786115|17|0|0|0|2|15|2025-02-15||Love this tee so much.|Love this tee so much.
MMLaFleur|https://mmlafleur.com/products/malley-black|Malley Top - Organic Ribbed Pima Cotton :: Black|||90|T-Shirts|7899080786115|17|0|0|0|2|15|2025-01-29||High quality basic tee/top. Perfect|High quality basic tee/top. Perfect thickness for year-round wear (in AC in summer of course)! I will look for this top in more colors in the future!
MMLaFleur|https://mmlafleur.com/products/malley-black|Malley Top - Organic Ribbed Pima Cotton :: Black|||90|T-Shirts|7899080786115|17|0|0|0|2|15|2025-01-13||Perfect tee. I absolutely love|"Perfect tee. I absolutely love this top and found it to be a wonderful upgrade/replacement for my other MM pima tees, which I've had for about three years now. I wasn't able to size up, as other reviewers recommended, so I stuck with my normal size small and it fits perfectly (bust=35"")."
MMLaFleur|https://mmlafleur.com/products/malley-black|Malley Top - Organic Ribbed Pima Cotton :: Black|||90|T-Shirts|7899080786115|17|0|0|0|2|15|2024-12-20||Happiness|Beautiful fabric, stunning color!
MMLaFleur|https://mmlafleur.com/products/malley-black|Malley Top - Organic Ribbed Pima Cotton :: Black|||90|T-Shirts|7899080786115|17|0|0|0|2|15|2024-10-17||I own several of the|I own several of the ribbed pima cotton tops, but this is my first Malley. I love it, a perfect fit and the Ube is beautiful. I ordered a Large, my normal size. It does stretch out just a bit with wear and I will likely air dry it to ensure it doesn't shrink. In the past I have purchased the XL so I can just throw it in the dryer. These do shrink, but not quite enough to warrant the up-size for me.
MMLaFleur|https://mmlafleur.com/products/axam-top-compact-cotton-ivory|Axam Layering Turtleneck - Organic Ribbed Pima Cotton :: Ivory|||90|T-Shirts|7920719954115|215|0|1|6|19|189|2025-05-28||I'm a sucker for this|I'm a sucker for this fabric. The pattern is unique, the turtleneck is just right, and the feel is cool and flattering. I always receive compliments when I wear.
MMLaFleur|https://mmlafleur.com/products/axam-top-compact-cotton-ivory|Axam Layering Turtleneck - Organic Ribbed Pima Cotton :: Ivory|||90|T-Shirts|7920719954115|215|0|1|6|19|189|2025-05-10||Literally the best layering turtle|Literally the best layering turtle neck I have ever purchased! I’m going back for more colors :-)
MMLaFleur|https://mmlafleur.com/products/axam-top-compact-cotton-ivory|Axam Layering Turtleneck - Organic Ribbed Pima Cotton :: Ivory|||90|T-Shirts|7920719954115|215|0|1|6|19|189|2025-05-09||Fit is perfect. Washes up|Fit is perfect. Washes up well. Adds polish to many different bottoms in my closet.
MMLaFleur|https://mmlafleur.com/products/axam-top-compact-cotton-ivory|Axam Layering Turtleneck - Organic Ribbed Pima Cotton :: Ivory|||90|T-Shirts|7920719954115|215|0|1|6|19|189|2025-05-03||Very soft and easy to|Very soft and easy to wear as well as flattering. Unless you want it quite snug, size up.
MMLaFleur|https://mmlafleur.com/products/axam-top-compact-cotton-ivory|Axam Layering Turtleneck - Organic Ribbed Pima Cotton :: Ivory|||90|T-Shirts|7920719954115|215|0|1|6|19|189|2025-04-30||Love the softness and versatility|Love the softness and versatility of this functional wardrobe piece. Can’t wait to add more colors to my collection!
MMLaFleur|https://mmlafleur.com/products/wyatt-dark-navy|Wyatt Tank - Organic Cotton Slub :: Dark Navy|||70|Tops|8089251414211|1|0|0|0|0|1|2023-12-23|||This piece can be dressed up or just casual with jeans. It's a bit roomy, I ordered a size up since it's a final sale. A large would have been a perfect fit. Beautifully made.
MMLaFleur|https://mmlafleur.com/products/kenya-white|Kenya T-Shirt - Organic Cotton Slub :: White|||80|T-Shirts|8067011084483|2|0|0|0|0|2|2025-04-29||T-Shirt Perfection|This shirt is awesome! It is the perfect weight and has a beautiful texture. I will enjoy wearing this top in the spring, summer, and fall.
MMLaFleur|https://mmlafleur.com/products/kenya-white|Kenya T-Shirt - Organic Cotton Slub :: White|||80|T-Shirts|8067011084483|2|0|0|0|0|2|2025-04-27||Great scoop neck|Thank you for a true white shirt instead of ivory. The scoop neck is not too low. I didn’t think I’d like how cropped it is but it looks great under a blazer or cardigan.
MMLaFleur|https://mmlafleur.com/products/paige-compact-cotton-top-black|Paige Tank - Organic Ribbed Pima Cotton :: Black|||70|T-Shirts|7675753758915|103|0|4|7|13|79|2025-05-03||Perfectly basic, perfectly functional, wearable|Perfectly basic, perfectly functional, wearable and timeless. A comfortable classic.
MMLaFleur|https://mmlafleur.com/products/tinsley-ecru-navy|Tinsley Wide-Leg Trouser - Breeze Stripe :: Ecru/Navy|||299|Pants|8093082353859|40|1|0|3|7|29|2025-05-24||Another triumphant piece in the|Another triumphant piece in the “looks professional but secretly feels like pajamas” category. The Tinsleys are simply sublime - cut, length, drape, versatility, fit - these are the dark horse pants at MM.
MMLaFleur|https://mmlafleur.com/products/tinsley-ecru-navy|Tinsley Wide-Leg Trouser - Breeze Stripe :: Ecru/Navy|||299|Pants|8093082353859|40|1|0|3|7|29|2025-05-18||Love these pants. Incredibly comfortable,|Love these pants. Incredibly comfortable, while also looking sleek and professional. Easy to wash too.
MMLaFleur|https://mmlafleur.com/products/tinsley-ecru-navy|Tinsley Wide-Leg Trouser - Breeze Stripe :: Ecru/Navy|||299|Pants|8093082353859|40|1|0|3|7|29|2025-05-18||Take the plunge and buy|Take the plunge and buy the ivory! They’re even more gorgeous in person and the fabric and fit is incredible. The Tinsleys and Hortons are my two MM pant powerhouses, and since these have inner snaps to adjust the hem, I find myself tilting ever more toward the versatility of theTinsleys to go between heels and flats. Another MM home run.
MMLaFleur|https://mmlafleur.com/products/elena-eggshell|Elena Culotte - Everyday Crepe with Topstitch :: Eggshell|||299|Pants|8075475157187|76|0|0|1|10|65|2025-05-28||Multi-Use Piece You Must Have|A great piece to add to your collection! The fit and fabric are beautiful - the feel and weight are luxe. My normal size fit perfectly. I've worn the culotte casually with flats and a sweater and dressier with heels and a blazer. I felt confident and professional, and very up to date. The MML clothes in my closet never fail me - I can always count on looking sharp!
MMLaFleur|https://mmlafleur.com/products/elena-eggshell|Elena Culotte - Everyday Crepe with Topstitch :: Eggshell|||299|Pants|8075475157187|76|0|0|1|10|65|2025-05-26||Chameleon Style|These pants are exceptional. The waist is comfortable but polished. The feel is lightweight yet substantial. The look can transition from work with the matching blazer to more casual wear with a tee and sweatshirt. I find myself enjoying this style with the Para pullover. The care (machine washable) is awesome. The feel is lightweight yet substantial.
MMLaFleur|https://mmlafleur.com/products/elena-eggshell|Elena Culotte - Everyday Crepe with Topstitch :: Eggshell|||299|Pants|8075475157187|76|0|0|1|10|65|2025-05-23||These pants are amazing. They|These pants are amazing. They are comfortable and chic and feel so soft and non-constricting. I can dress them up and down and look all out together.
MMLaFleur|https://mmlafleur.com/products/elena-eggshell|Elena Culotte - Everyday Crepe with Topstitch :: Eggshell|||299|Pants|8075475157187|76|0|0|1|10|65|2025-05-23||Usually Travel items from other|Usually Travel items from other brands get pilling between the thighs and these don't do that. They were super comfy for a series of flights and could we reworn later in the trip with tennis shoes or flats, Happy with the color. Super versatile without being boring black.
MMLaFleur|https://mmlafleur.com/products/elena-eggshell|Elena Culotte - Everyday Crepe with Topstitch :: Eggshell|||299|Pants|8075475157187|76|0|0|1|10|65|2025-05-23||Love these pants and how|Love these pants and how easy they are to put on and style for work. Now need them in multiple colors.
MMLaFleur|https://mmlafleur.com/products/bari-midnight-wash|Bari Barrel-Leg Jean - Stretch Denim :: Midnight Wash|||279|Pants|8067011641539|4|0|0|0|0|4|2025-05-22||I didn’t know these were|I didn’t know these were the jeans I needed in my wardrobe! They’re super comfy and just the right fit! They’re easy to dress up or down with the contrast stitching. I would purchase these jeans again in a different color. Thank you once again M M LaFleur for another great style!
MMLaFleur|https://mmlafleur.com/products/bari-midnight-wash|Bari Barrel-Leg Jean - Stretch Denim :: Midnight Wash|||279|Pants|8067011641539|4|0|0|0|0|4|2025-05-21||Great quality in a current style|"I love these jeans. The style is definitely trending (although I've liked it for a long time) and attractive. The denim is top quality and well sewn. The fit is true to size and there's just the right amount of stretch so that the great fit also allows me to move.
These have a polished look that can go from casual to work or night out. I'm very happy that I got them and consider them a good investment that I'll wear for years."
MMLaFleur|https://mmlafleur.com/products/bari-midnight-wash|Bari Barrel-Leg Jean - Stretch Denim :: Midnight Wash|||279|Pants|8067011641539|4|0|0|0|0|4|2025-05-19||The perfect, slightly curved barrel|The perfect, slightly curved barrel shape! Cute and easy to wear.
MMLaFleur|https://mmlafleur.com/products/archie-black|Archie Jean - Eco Better Than Denim :: Black|||169|Pants|7000234361027|36|0|1|2|7|26|2025-03-08||These pants get a five|These pants get a five star rating from me on wearability, it’s my 2nd pair, for heaven’s sake. However, as you may know from my IG message the day I received the pants, I get frustrated with the way you ship the clothes. Many items have to go to the dry cleaner before I can wear them, due to the creases set in for packaging. These pants were just like that, some of the packaging lines were straight, but even though I washed on cold and laid flat to dry, these pants still hold the crumpled wrinkles as they did when they arrived.
MMLaFleur|https://mmlafleur.com/products/archie-black|Archie Jean - Eco Better Than Denim :: Black|||169|Pants|7000234361027|36|0|1|2|7|26|2024-12-30||Love them. Love the style.|Love them. Love the style.
MMLaFleur|https://mmlafleur.com/products/archie-black|Archie Jean - Eco Better Than Denim :: Black|||169|Pants|7000234361027|36|0|1|2|7|26|2024-11-22||The Archie in black is|The Archie in black is one of my all time favorite pants. Please make more colors!
MMLaFleur|https://mmlafleur.com/products/archie-black|Archie Jean - Eco Better Than Denim :: Black|||169|Pants|7000234361027|36|0|1|2|7|26|2024-09-26||Love the fit of these|Love the fit of these jeans. Black is a versatile option and great for travel
MMLaFleur|https://mmlafleur.com/products/zhou-eco-soft-wave-black|Zhou Culotte - Eco Heavy Soft Wave :: Black|||199|Pants|7496493170883|123|3|3|7|11|99|2025-05-06||Wide without being too wide.|Wide without being too wide. Lightweight and does not wrinkle. Looks professional while also being tremendously comfortable. Runs a little big around the waist; I needed a size smaller than in the more tailored pants.
MMLaFleur|https://mmlafleur.com/products/zhou-eco-soft-wave-black|Zhou Culotte - Eco Heavy Soft Wave :: Black|||199|Pants|7496493170883|123|3|3|7|11|99|2025-04-24||These pants are great --|These pants are great -- they fit well and are comfortable. I now have them in two colors. I'm usually in between sizes and size down for these.
MMLaFleur|https://mmlafleur.com/products/zhou-eco-soft-wave-black|Zhou Culotte - Eco Heavy Soft Wave :: Black|||199|Pants|7496493170883|123|3|3|7|11|99|2025-04-06||Wonderful fit, very flattering|Wonderful fit, very flattering
MMLaFleur|https://mmlafleur.com/products/bronny-black-white|Bronny Cummerbund Trouser - Porto Weave :: Black/White|||199|Pants|8022044639427|1|0|0|0|1|0|2025-03-25||Fantastic style, but definitely order|Fantastic style, but definitely order a size (or two!) up.
MMLaFleur|https://mmlafleur.com/products/roma-black|Roma Jean - Eco Better Than Denim :: Black|||159|Pants|7760696312003|14|0|0|0|2|12|2025-06-09||Super smart, super comfortable and|Super smart, super comfortable and makes you feel very “put together”. A definite staple on weekend trips and work trips; can be dressed up or dressed down.
MMLaFleur|https://mmlafleur.com/products/roma-black|Roma Jean - Eco Better Than Denim :: Black|||159|Pants|7760696312003|14|0|0|0|2|12|2025-06-01||Excellent! I wear them frequently.|Excellent! I wear them frequently. They fit me perfectly as I can adjust the length. Love them!
MMLaFleur|https://mmlafleur.com/products/roma-black|Roma Jean - Eco Better Than Denim :: Black|||159|Pants|7760696312003|14|0|0|0|2|12|2025-04-11||Great fitting and super comfortable!|Great fitting and super comfortable!
MMLaFleur|https://mmlafleur.com/products/roma-black|Roma Jean - Eco Better Than Denim :: Black|||159|Pants|7760696312003|14|0|0|0|2|12|2025-03-30||Best jeans I have ever|Best jeans I have ever worn. Comfortable, fit perfectly, live the snap hem to adjust length! Brilliant!
MMLaFleur|https://mmlafleur.com/products/roma-black|Roma Jean - Eco Better Than Denim :: Black|||159|Pants|7760696312003|14|0|0|0|2|12|2025-02-01||I happened upon this website|I happened upon this website after googling for help in finding good quality, comfortable fashionable work attire. I was absolutely delighted to find that there was a personal styling service that was included at no charge. My stylist, Lisa, was absolutely amazing, and made it very easy to text back-and-forth to ensure that she understood my style preferences. She listened to what I had to say, including notes about my body type and wet. I know to be flattering for myself the personalized bento box that she shared with me was awesome, and I came away with a couple of classic pieces. I loved these pants so much, that I’ve already purchased a second pair in a different color. They are extremely flattering and have the perfect amount of stretch for my curvy, yet muscular build. A great transitional piece that can be dressed down or dressed up. Cannot recommend enough.
MMLaFleur|https://mmlafleur.com/products/rowe-midnight-wash|Rowe '70s Jean - Stretch Denim :: Midnight Wash|||269|Pants|8067011150019|4|0|0|0|2|2|2025-04-14||Beautiful pants. Obviously long for|Beautiful pants. Obviously long for me I'm only 5'5. Meant for tall people. They run tts. I got the 0 but def need the 2 which is more my size
MMLaFleur|https://mmlafleur.com/products/rowe-midnight-wash|Rowe '70s Jean - Stretch Denim :: Midnight Wash|||269|Pants|8067011150019|4|0|0|0|2|2|2025-04-05||The Rowe jeans are absolutely|The Rowe jeans are absolutely beautiful and high quality. My hips are curvier than the gorgeous model, which 1) “pulled” the pockets and made the white pocket lining very visible on me and 2) made the white stitching of the zipper an unflattering focal point. Sadly, I had to return them.
MMLaFleur|https://mmlafleur.com/products/rowe-midnight-wash|Rowe '70s Jean - Stretch Denim :: Midnight Wash|||269|Pants|8067011150019|4|0|0|0|2|2|2025-03-07||Love these|Love these jeans! Super flattering. They do run a bit large though. Other than, great jeans.
MMLaFleur|https://mmlafleur.com/products/rowe-midnight-wash|Rowe '70s Jean - Stretch Denim :: Midnight Wash|||269|Pants|8067011150019|4|0|0|0|2|2|2025-03-07||These run small in both|"These run small in both hips and waist. Size up. Once you do, they are really nice jeans, more on the dressy side--definitely look better with heels, at least on me. Really were a good addition. I'm 5'8"" and as long as I have at least a 1"" heel, I don't need to hem them."
MMLaFleur|https://mmlafleur.com/products/colby-origami-suiting-cool-charcoal|Colby Travel Pant - OrigamiTech :: Cool Charcoal|||249|Pants|7675742978243|190|10|8|11|22|139|2025-06-03||great travel pants and great|great travel pants and great pants in general- with jacket that matches, this makes a great suit to take and wear anywhere. I had two of them on a 3 week European trip and they were great!! - pants alone with a sweater or pants and jacket as a suit in th evening- always felt “dressed” and no wrinkles. .
MMLaFleur|https://mmlafleur.com/products/colby-origami-suiting-cool-charcoal|Colby Travel Pant - OrigamiTech :: Cool Charcoal|||249|Pants|7675742978243|190|10|8|11|22|139|2025-05-28||I have several OrigamiTech pants|I have several OrigamiTech pants and jackets and I love them for traveling and everyday. The berry jam pants, which I purchased on final sale, are gorgeous. The color is much richer than shown - so versatile with taupe, black, navy. Another addition to my growing collection.
MMLaFleur|https://mmlafleur.com/products/milo-white|Milo Wide-Leg Jean - Eco Better Than Denim :: White|||269|Pants|8089251741891|229|4|3|8|39|175|2025-06-10||Excellent fit and fabric.|Excellent fit and fabric.
MMLaFleur|https://mmlafleur.com/products/milo-white|Milo Wide-Leg Jean - Eco Better Than Denim :: White|||269|Pants|8089251741891|229|4|3|8|39|175|2025-06-07||My favorite new pants. Style|"My favorite new pants.
Style and comfort"
MMLaFleur|https://mmlafleur.com/products/milo-white|Milo Wide-Leg Jean - Eco Better Than Denim :: White|||269|Pants|8089251741891|229|4|3|8|39|175|2025-05-24||Move this. Classy, comfortable, deep|Move this. Classy, comfortable, deep black, and pockets!
MMLaFleur|https://mmlafleur.com/products/milo-white|Milo Wide-Leg Jean - Eco Better Than Denim :: White|||269|Pants|8089251741891|229|4|3|8|39|175|2025-05-17||These jeans fit beautifully at|These jeans fit beautifully at the waist and hips. The length at 30” is fine for wearing with flats. Shortened with the snaps to 28”, just above the anklebone, fine for sandals, etc. They are too short to be worn with heels. I am 5’8”, size 16. The fabric is comfortable and washes beautifully. Because they are not distressed (thank goodness!) they are fine for slightly dressier occasions. Would love to see them in more colors. On another topic, please make tops in fresh white, not just ivory. I have a cool complexion and ivory doesn’t suit me. I would love to purchase tops, so I’m hoping for white.
MMLaFleur|https://mmlafleur.com/products/milo-white|Milo Wide-Leg Jean - Eco Better Than Denim :: White|||269|Pants|8089251741891|229|4|3|8|39|175|2025-05-17||These pants are staples. They|These pants are staples. They look great for casual office days and weekends.
MMLaFleur|https://mmlafleur.com/products/abby-white|Abby Jean - Eco Better Than Denim :: White|||279|Pants|8089255411907|24|0|0|0|6|18|2025-05-30||I love these pants! I|I love these pants! I never thought they would look good on me ( pear shaped; petite) but I tried them on in the store at the suggestion of the stylist and was so happily surprised. They are super stretchy and comfy and fun but not wild. They are full length rather than cropped on me ( 5’2”) but I like the way they flow. I took my regular MM size in these and they fit perfectly.
MMLaFleur|https://mmlafleur.com/products/abby-white|Abby Jean - Eco Better Than Denim :: White|||279|Pants|8089255411907|24|0|0|0|6|18|2025-05-23||Super cute print, and the|Super cute print, and the knit fabric is lighter-weight than expected so I could wear these almost year-round. Great fit as always, I’m 5’2”, 39-32-41 159lbs and my usual MMLF size 12 is perfect.
MMLaFleur|https://mmlafleur.com/products/abby-white|Abby Jean - Eco Better Than Denim :: White|||279|Pants|8089255411907|24|0|0|0|6|18|2025-05-10||Almost perfect.|Love love love these jeans. So many compliments. I have to admit being surprised by the minimal thread on the button. After just a few wears, it is about to fall off. Thankfully, this is something I can fix, but it could be an area for improvement.
MMLaFleur|https://mmlafleur.com/products/abby-white|Abby Jean - Eco Better Than Denim :: White|||279|Pants|8089255411907|24|0|0|0|6|18|2025-05-07||Game changer. Especially when worn|Game changer. Especially when worn with the matching jacket. The weight, stretch, and the structure of the pants is as perfect for travel as it is racing from the boardroom to the youth soccer field. And the color, well, just imagine the stir I caused when I walked into a room full of black suits! Thank you MM
MMLaFleur|https://mmlafleur.com/products/abby-white|Abby Jean - Eco Better Than Denim :: White|||279|Pants|8089255411907|24|0|0|0|6|18|2025-05-01||Really flattering. Love the color.|Really flattering. Love the color. Easy to wear. Works for lots of places.
MMLaFleur|https://mmlafleur.com/products/arlo-natural|Arlo Breeze Pant - Cotton Viscose :: Natural|||299|Pants|8055549886659|12|0|0|0|1|11|2025-05-10||Perfect Versatile Pants|I love everything about these pants. The drape, quality material. Great constriction and style. The green color is great with a crisp white shirt for work or a white tee with white sneaks for work. Very happy with them!
MMLaFleur|https://mmlafleur.com/products/smith-dark-navy|Smith Straight Trouser - Washable Wool Twill :: Dark Navy|||289|Pants|7569679646915|68|3|0|2|7|56|2025-05-24||Excellent quality and the lining|Excellent quality and the lining will help it last. The weight is substantial but not overly warm. It seems quite breathable. I bought these in black previously so I knew size 00 would be perfect with only hemming needed (I'm 5'2'). I would not wash these by hand or in a machine since my experience with my black pair is that it will shrink.
MMLaFleur|https://mmlafleur.com/products/smith-dark-navy|Smith Straight Trouser - Washable Wool Twill :: Dark Navy|||289|Pants|7569679646915|68|3|0|2|7|56|2025-05-16||Great versatile pant. Perfect weight|Great versatile pant. Perfect weight fabric.
MMLaFleur|https://mmlafleur.com/products/smith-dark-navy|Smith Straight Trouser - Washable Wool Twill :: Dark Navy|||289|Pants|7569679646915|68|3|0|2|7|56|2025-05-15||This is a Straight Leg Horton|"I'm 5'6"" 150# ""athletic build"", waist 29"", hip 40"", thigh 24"", bust 36. 5"". I ordered a size 6. 

This pant is very similar to the Horton Flare but has a straight leg. I own Horton Flare in a size 4, and I needed a size 4 for this too because the 6 was too big in the waist. I returned because of fit and the fact they were so similar to pants I already owned."
MMLaFleur|https://mmlafleur.com/products/smith-dark-navy|Smith Straight Trouser - Washable Wool Twill :: Dark Navy|||289|Pants|7569679646915|68|3|0|2|7|56|2025-05-09||Lovely fabric. Just didn’t fit|Lovely fabric. Just didn’t fit my curvy frame.
MMLaFleur|https://mmlafleur.com/products/smith-dark-navy|Smith Straight Trouser - Washable Wool Twill :: Dark Navy|||289|Pants|7569679646915|68|3|0|2|7|56|2025-05-04||Professional looking, well-styled and easy|Professional looking, well-styled and easy to care for. Perfect!
MMLaFleur|https://mmlafleur.com/products/horton-dark-navy|Horton Flare Trouser - Washable Wool Twill :: Dark Navy|||299|Pants|7200917913795|84|2|3|3|15|61|2025-05-24||Fantastic construction and flattering fit|"Fantastic construction and flattering fit that makes you legs look long. I'm only 5'2"" so I needed to hem it, but it didn't loose the great flared shape. I love that it has lining and didn't find it too warm, which I thought might be a problem in the very warm climate I'm in. I liked it so much I bought in black too. Only gripe is the material picks up lint and pet hair easily."
MMLaFleur|https://mmlafleur.com/products/horton-dark-navy|Horton Flare Trouser - Washable Wool Twill :: Dark Navy|||299|Pants|7200917913795|84|2|3|3|15|61|2025-03-24||I have been waiting for|I have been waiting for a good sale and reason to purchase the navy Horton Flare trousers. I have them in lilac or violet and love the fit. The material is lightweight and the color is right on spot. This style pant is my favorite. However, I did purchase a size bigger and will have to alter the length. Overall great material. I will have these for years.
MMLaFleur|https://mmlafleur.com/products/horton-dark-navy|Horton Flare Trouser - Washable Wool Twill :: Dark Navy|||299|Pants|7200917913795|84|2|3|3|15|61|2025-03-07||I took a chance on|I took a chance on these and will keep them because I like the feel of the knit suiting and i like the look of the full suit in plaid. The high rise feels good. That being said, I had to size down and will still have to get the waist taken in. I'm a true US4, and went with US2 in the hortons.
MMLaFleur|https://mmlafleur.com/products/horton-dark-navy|Horton Flare Trouser - Washable Wool Twill :: Dark Navy|||299|Pants|7200917913795|84|2|3|3|15|61|2025-02-04||Beautiful cut and material.|"Material is amazing and flow of the leg. Flare was nice as well and feel against skin. 
Bought the last larger size - 14. But it’s quite big on me. May alter or have to return."
MMLaFleur|https://mmlafleur.com/products/horton-dark-navy|Horton Flare Trouser - Washable Wool Twill :: Dark Navy|||299|Pants|7200917913795|84|2|3|3|15|61|2025-01-25||Awesome|Awesome
MMLaFleur|https://mmlafleur.com/products/tessa-bluebell|Tessa Kick Flare Trouser - Washable Wool Twill :: Bluebell|||279|Pants|8024746000579|5|0|0|0|2|3|2025-05-28||I love these pants, there|"I love these pants, there aren’t very many styles I can wear without alterations but the Tessa is luckily one of those that fits just right. 
I love the fabric as well, it’s soft and beautiful and washable and the color is absolutely amazing."
MMLaFleur|https://mmlafleur.com/products/tessa-bluebell|Tessa Kick Flare Trouser - Washable Wool Twill :: Bluebell|||279|Pants|8024746000579|5|0|0|0|2|3|2025-05-14||I love these trousers! I|I love these trousers! I bought the Rina Sculptural Pant to go with the Rossi Executive Blazer, but I like these pants with the suit jacket even better. I have an athletic/lanky build and these fit perfectly. Material is gorgeous and I received many compliments on the color.
MMLaFleur|https://mmlafleur.com/products/tessa-bluebell|Tessa Kick Flare Trouser - Washable Wool Twill :: Bluebell|||279|Pants|8024746000579|5|0|0|0|2|3|2025-05-04||Love the length and the|Love the length and the color. These are my new faves!
MMLaFleur|https://mmlafleur.com/products/tessa-bluebell|Tessa Kick Flare Trouser - Washable Wool Twill :: Bluebell|||279|Pants|8024746000579|5|0|0|0|2|3|2025-04-12||Great color and feel. They|Great color and feel. They fit perfectly but I didn’t like how the pockets seemed to bulge, even tho they were not tight. I did size up as recommended. They went back sadly.
MMLaFleur|https://mmlafleur.com/products/tessa-bluebell|Tessa Kick Flare Trouser - Washable Wool Twill :: Bluebell|||279|Pants|8024746000579|5|0|0|0|2|3|2025-04-09||Nice material, great color|Wanted to love these pants, but they have pockets on the hips. I have hips. Pockets on the hips always stick out on me. I ordered a size larger, but despite being extremely loose, the pockets still stuck out. I can't justify the additional $80 in tailoring to get the pockets sewn shut and to hem them to a manageable length.
MMLaFleur|https://mmlafleur.com/products/elena-prussian-blue|Elena Travel Culotte - OrigamiTech :: Prussian Blue|||269|Pants|8024725389507|76|0|0|1|10|65|2025-05-28||Multi-Use Piece You Must Have|A great piece to add to your collection! The fit and fabric are beautiful - the feel and weight are luxe. My normal size fit perfectly. I've worn the culotte casually with flats and a sweater and dressier with heels and a blazer. I felt confident and professional, and very up to date. The MML clothes in my closet never fail me - I can always count on looking sharp!
MMLaFleur|https://mmlafleur.com/products/elena-prussian-blue|Elena Travel Culotte - OrigamiTech :: Prussian Blue|||269|Pants|8024725389507|76|0|0|1|10|65|2025-05-26||Chameleon Style|These pants are exceptional. The waist is comfortable but polished. The feel is lightweight yet substantial. The look can transition from work with the matching blazer to more casual wear with a tee and sweatshirt. I find myself enjoying this style with the Para pullover. The care (machine washable) is awesome. The feel is lightweight yet substantial.
MMLaFleur|https://mmlafleur.com/products/elena-prussian-blue|Elena Travel Culotte - OrigamiTech :: Prussian Blue|||269|Pants|8024725389507|76|0|0|1|10|65|2025-05-23||These pants are amazing. They|These pants are amazing. They are comfortable and chic and feel so soft and non-constricting. I can dress them up and down and look all out together.
MMLaFleur|https://mmlafleur.com/products/elena-prussian-blue|Elena Travel Culotte - OrigamiTech :: Prussian Blue|||269|Pants|8024725389507|76|0|0|1|10|65|2025-05-23||Usually Travel items from other|Usually Travel items from other brands get pilling between the thighs and these don't do that. They were super comfy for a series of flights and could we reworn later in the trip with tennis shoes or flats, Happy with the color. Super versatile without being boring black.
MMLaFleur|https://mmlafleur.com/products/elena-prussian-blue|Elena Travel Culotte - OrigamiTech :: Prussian Blue|||269|Pants|8024725389507|76|0|0|1|10|65|2025-05-23||Love these pants and how|Love these pants and how easy they are to put on and style for work. Now need them in multiple colors.
MMLaFleur|https://mmlafleur.com/products/milo-saddle|Milo Wide-Leg Jean - Eco Better Than Denim :: Saddle|||269|Pants|7899038548163|229|4|3|8|39|175|2025-06-10||Excellent fit and fabric.|Excellent fit and fabric.
MMLaFleur|https://mmlafleur.com/products/milo-saddle|Milo Wide-Leg Jean - Eco Better Than Denim :: Saddle|||269|Pants|7899038548163|229|4|3|8|39|175|2025-06-07||My favorite new pants. Style|"My favorite new pants.
Style and comfort"
MMLaFleur|https://mmlafleur.com/products/milo-saddle|Milo Wide-Leg Jean - Eco Better Than Denim :: Saddle|||269|Pants|7899038548163|229|4|3|8|39|175|2025-05-24||Move this. Classy, comfortable, deep|Move this. Classy, comfortable, deep black, and pockets!
MMLaFleur|https://mmlafleur.com/products/milo-saddle|Milo Wide-Leg Jean - Eco Better Than Denim :: Saddle|||269|Pants|7899038548163|229|4|3|8|39|175|2025-05-17||These jeans fit beautifully at|These jeans fit beautifully at the waist and hips. The length at 30” is fine for wearing with flats. Shortened with the snaps to 28”, just above the anklebone, fine for sandals, etc. They are too short to be worn with heels. I am 5’8”, size 16. The fabric is comfortable and washes beautifully. Because they are not distressed (thank goodness!) they are fine for slightly dressier occasions. Would love to see them in more colors. On another topic, please make tops in fresh white, not just ivory. I have a cool complexion and ivory doesn’t suit me. I would love to purchase tops, so I’m hoping for white.
MMLaFleur|https://mmlafleur.com/products/milo-saddle|Milo Wide-Leg Jean - Eco Better Than Denim :: Saddle|||269|Pants|7899038548163|229|4|3|8|39|175|2025-05-17||These pants are staples. They|These pants are staples. They look great for casual office days and weekends.
MMLaFleur|https://mmlafleur.com/products/bia-macaroon|Bia Pleated Trouser - Air Twill :: Macaroon|||329|Pants|7603516375235|32|0|0|1|8|23|2025-05-31||Fantastic pants! True to size|Fantastic pants! True to size and love the wide leg style with the draping of this fabrication.
MMLaFleur|https://mmlafleur.com/products/harrison-black|Harrison Wide Pleated Jean - Better Than Denim :: Black|||289|Pants|8046251770051|1|0|0|0|1|0|2025-04-30||Great idea, but I wasn't|Great idea, but I wasn't sure about the execution. It could be that the cut of the pants wasn't right for my body type, however. I wasn't sure if these were meant to be worn low on the waist or higher up. Either way, I couldn't get the pleats to lay flat. I am a standard hourglass and always wear a size 4 in the Milos. I don't know if sizing up would have helped.
MMLaFleur|https://mmlafleur.com/products/adler-black|Adler Stretch Culotte - Eco PowerStretch :: Black|||279|Pants|8020799520963|1|0|0|0|0|1|2025-05-26||Very comfortable and looks smart!|Very comfortable and looks smart!
MMLaFleur|https://mmlafleur.com/products/allyn-black|Allyn Kick Flare Pant - Butter Ponte :: Black|||239|Pants|8024647925955|22|0|1|0|2|19|2025-03-16||Holy grail pants. They look|Holy grail pants. They look like professional pants but feel like sweatpants. The waist is incredibly comfortable and the sleek fabric and seams look great. I have them in three colors now and hope there will be more colors made (or some patterns, perhaps?).
MMLaFleur|https://mmlafleur.com/products/allyn-black|Allyn Kick Flare Pant - Butter Ponte :: Black|||239|Pants|8024647925955|22|0|1|0|2|19|2024-08-10||Adorable and comfy!|The pants are stylish and very comfortable!
MMLaFleur|https://mmlafleur.com/products/allyn-black|Allyn Kick Flare Pant - Butter Ponte :: Black|||239|Pants|8024647925955|22|0|1|0|2|19|2024-07-13||Not what I expected|Love the color but the pant is shorter than I expected (I am 5-3) and I probably should have sized down. When I wear them all day, they start to sag down even though they are stretchy fabric and should be comfortably tight and stretchy.
MMLaFleur|https://mmlafleur.com/products/allyn-black|Allyn Kick Flare Pant - Butter Ponte :: Black|||239|Pants|8024647925955|22|0|1|0|2|19|2024-06-03||Elevated and comfy|I love the Allyn pant and the electric blue is a nice change from black. Even my husband likes the color! The fit is perfect - like yoga pants but elevated. And wearable for 3 seasons in New England. Nice improvement from the earlier roll down waist band issues.
MMLaFleur|https://mmlafleur.com/products/allyn-black|Allyn Kick Flare Pant - Butter Ponte :: Black|||239|Pants|8024647925955|22|0|1|0|2|19|2024-04-12||Super comfy and love pairing|Super comfy and love pairing these with other tops in my wardrobe!
MMLaFleur|https://mmlafleur.com/products/hart-black|Hart Flare Trouser - Butter Ponte :: Black|||279|Pants|8022043951299|5|0|0|0|1|4|2025-05-01||Wow! The Hart pants are|Wow! The Hart pants are as comfortable as yoga pants, but retain its shape and are professional for work. At 5’3” height, they fit perfectly with 2-3” heels. Hope MM makes them in more colors.
MMLaFleur|https://mmlafleur.com/products/hart-black|Hart Flare Trouser - Butter Ponte :: Black|||279|Pants|8022043951299|5|0|0|0|1|4|2025-04-12||Obsessed|I had to get these pants when I saw how they gave the model legs for days - who doesn't want that silhouette?? - and I was not disappointed. The ponte fabric is thick and flattering but breathable. These are like yoga pants but for the office. LOVE! MM is really stepping up their pants game lately and I am here for it.
MMLaFleur|https://mmlafleur.com/products/hart-black|Hart Flare Trouser - Butter Ponte :: Black|||279|Pants|8022043951299|5|0|0|0|1|4|2025-04-09||Beautiful material, flattering fit, comfortable, but SO LONG!|"Really, really liked these pants. I even ordered them twice (and returned them twice). Beautiful material and very flattering fit. I'm 5'1"" and usually have to hem, but these pants seem even longer than usual. They just aren't special enough to justify the additional $50. 00 for hemming. For a tall person (wearing heels), fabulous pants!!"
MMLaFleur|https://mmlafleur.com/products/hart-black|Hart Flare Trouser - Butter Ponte :: Black|||279|Pants|8022043951299|5|0|0|0|1|4|2025-03-25||True to size and the|True to size and the most comfortable travel pants EVER
MMLaFleur|https://mmlafleur.com/products/hart-black|Hart Flare Trouser - Butter Ponte :: Black|||279|Pants|8022043951299|5|0|0|0|1|4|2025-03-16||I love these pants! The|I love these pants! The fit is perfect, the length is great and I hope they make them in blue someday!
MMLaFleur|https://mmlafleur.com/products/rina-black|Rina Sculptural Pant - OrigamiTech :: Black|||279|Pants|8022044934339|7|0|0|0|2|5|2025-05-28||I love these pants. Combined|I love these pants. Combined with the Bluebell Rossi jacket, this is my new power suit. I get compliments every time I wear it. The pants are very long. I’m 5’ 7’’ and I had to have a good 3 to 4 inches hemmed. However, once I got them to the right length, they are perfect and this is the outfit I wear on the days I need the most confidence.
MMLaFleur|https://mmlafleur.com/products/rina-black|Rina Sculptural Pant - OrigamiTech :: Black|||279|Pants|8022044934339|7|0|0|0|2|5|2025-05-03||Great fabric and color, and|"Great fabric and color, and the fit is really good too. They arrived excessively long, so I have to pay to get them hemmed, and I'm on the tall side (5' 6""), so that was a little disappointed. Note that these are really big and flowy, so if you don't like that look, don't buy them."
MMLaFleur|https://mmlafleur.com/products/rina-black|Rina Sculptural Pant - OrigamiTech :: Black|||279|Pants|8022044934339|7|0|0|0|2|5|2025-04-24||These are beautiful but they|"These are beautiful but they run small to MM sizing. I have 2 pairs of the Bia pants in size 4 and wear them very regularly and I also have the Milo jeans in size 4 (though I sometimes wish I had sized those up to a 6 for a bit looser fit). These I ordered up to a 6 and they were way too small. I returned for an 8 and they fit nicely now . So they are beautiful but run 2 sizes small. I also had to size up to an 8 in the matching Moreland Travel jacket and I am actually usually smaller on top than bottom. Always a Small or 2-4 in tops. It is great to have pants like the Bia and these in longer inseams though. These are just perfect for me at 5'9"" and 138 lbs."
MMLaFleur|https://mmlafleur.com/products/rina-black|Rina Sculptural Pant - OrigamiTech :: Black|||279|Pants|8022044934339|7|0|0|0|2|5|2025-04-22||Truly wash and wear (after drying)|"These trousers have a great style. The fabric hangs nicely and they are truly wash and wear. My skepticism turned to belief. Like all MM LaFleur clothes, the quality is high and the fabric lovely. I'm going to travel in these without worrying about wrinkles and washing.
The length is slightly long for my frame, so great for those gals with longer legs. We can always hem pants, but it is really hard to make them longer! The 8 is a perfect fit for my usually size 8 body."
MMLaFleur|https://mmlafleur.com/products/rina-black|Rina Sculptural Pant - OrigamiTech :: Black|||279|Pants|8022044934339|7|0|0|0|2|5|2025-04-21||Great & lightweight!|Great & lightweight!
MMLaFleur|https://mmlafleur.com/products/lowen-black|Lowen Jetset Pant - Everyday Crepe with Topstitch :: Black|||299|Pants|8022044410051|4|0|0|0|0|4|2025-05-24||Gorgeous pant with a slimmer|Gorgeous pant with a slimmer fit through the thighs and subtle flare at the bottom. The ginger is a fabulous, fun color. I sized up for a more fluid fit, but could have gone with my regular MM pants size.
MMLaFleur|https://mmlafleur.com/products/lowen-black|Lowen Jetset Pant - Everyday Crepe with Topstitch :: Black|||299|Pants|8022044410051|4|0|0|0|0|4|2025-05-23||So many complements!|I bought this suit for a big speaking event, and got a slew of complements. Color is fabulous, and I love the details like the snaps on the pants that allow you to adjust length without hemming. I don’t usually wear a jacket cut so long, given that I’m short, but worked well.
MMLaFleur|https://mmlafleur.com/products/lowen-black|Lowen Jetset Pant - Everyday Crepe with Topstitch :: Black|||299|Pants|8022044410051|4|0|0|0|0|4|2025-05-16||Needed a black straight leg|Needed a black straight leg pant that could do double duty between business casual and evening glam and this pant with the crepe fabric and top stitching suits both perfectly. Fits well, true to size, length adjustable for shoe height variable, will travel well because wrinkle resistant. Wish it were available in cream or egg shell for spring/summer. Very chic but also comfy.
MMLaFleur|https://mmlafleur.com/products/lowen-black|Lowen Jetset Pant - Everyday Crepe with Topstitch :: Black|||299|Pants|8022044410051|4|0|0|0|0|4|2025-04-14||Best Suit Ever!!|Best Suit Ever!!
MMLaFleur|https://mmlafleur.com/products/kick-flare-foster-black|Kick Flare Foster Pant - Eco PowerStretch :: Black|||259|Pants|7675709423811|23|0|0|0|3|20|2025-05-26||Comfortable and flattering!|Comfortable and flattering!
MMLaFleur|https://mmlafleur.com/products/kick-flare-foster-black|Kick Flare Foster Pant - Eco PowerStretch :: Black|||259|Pants|7675709423811|23|0|0|0|3|20|2025-05-23||Best work pant I've ever|Best work pant I've ever tried!
MMLaFleur|https://mmlafleur.com/products/kick-flare-foster-black|Kick Flare Foster Pant - Eco PowerStretch :: Black|||259|Pants|7675709423811|23|0|0|0|3|20|2025-05-15||Size up if you have muscles in your legs.|"I'm 5'6"" 150# ""athletic build""; waist 29"", hip 40"", thigh 24"", bust 36. 5"". I ordered a size 6 and 8.

I couldn't even get my thigh into a size 6, so I ended up with the size 8. The fabric is good quality but not very stretchy, although I like the bit of structure. It is just wild to me that my MM pant size ranges from a 4 to an 8. What gives with your pattern blocks? 

Anyways, this pant does amazing things for my waist, legs and rear and is very comfortable. It is going in the rotation!"
MMLaFleur|https://mmlafleur.com/products/kick-flare-foster-black|Kick Flare Foster Pant - Eco PowerStretch :: Black|||259|Pants|7675709423811|23|0|0|0|3|20|2025-05-13||Love these! Was hesitant about|Love these! Was hesitant about the kick flare for a while but glad I tried it! It’s nice but not too pronounced. A nice change from my regular fosters and great fit as always. Wear a 2 in these as in other fosters.
MMLaFleur|https://mmlafleur.com/products/kick-flare-foster-black|Kick Flare Foster Pant - Eco PowerStretch :: Black|||259|Pants|7675709423811|23|0|0|0|3|20|2025-05-06||Another winner and quickly has|Another winner and quickly has become my new favorite pants. Comfortable and easy to care for (machine wash, air dry), and continues to look neat and polished.
MMLaFleur|https://mmlafleur.com/products/foster-black|Foster Cigarette Pant - PowerStretch :: Black|||259|Pants|6725045944515|218|15|13|17|31|142|2025-05-09||I bought this pant in|I bought this pant in both black and bone because it's so flattering. Love the side zip. The fabric moves with you yet holds its shape, no baggy knees. Can be casual or dressy. Love that length can be shortened with ease. Hope dark navy gets restocked in my size because will buy that in a heart beat! Had to go up one size but didnt mind that for the perfect fit everywhere else. If you like the look of a slim pant, check out this piece.
MMLaFleur|https://mmlafleur.com/products/foster-black|Foster Cigarette Pant - PowerStretch :: Black|||259|Pants|6725045944515|218|15|13|17|31|142|2025-05-06||These are my favorite dress|These are my favorite dress pants! I have 5 pairs in 3 colors (black, navy, and olive green). They’re stretchy enough to be comfortable and (accommodate fluctuations in weigh), but structured and sleek enough for the office. The fabric is breathable in the summer. Tried on pairs in lighter colors but returned - fabric is too lightweight - can see panty lines underneath. Love the side-panel zipper with the little buttons - very secure.
MMLaFleur|https://mmlafleur.com/products/foster-black|Foster Cigarette Pant - PowerStretch :: Black|||259|Pants|6725045944515|218|15|13|17|31|142|2025-05-04||Super practical for biz casual|Super practical for biz casual
MMLaFleur|https://mmlafleur.com/products/foster-black|Foster Cigarette Pant - PowerStretch :: Black|||259|Pants|6725045944515|218|15|13|17|31|142|2025-05-02||I really like the fit|I really like the fit of the Foster cigarette pants. For me, I am usually a size 6 pants and in these, went with 8. I kept the black, returned the navy for store credit, because have so many navy pants.
MMLaFleur|https://mmlafleur.com/products/foster-black|Foster Cigarette Pant - PowerStretch :: Black|||259|Pants|6725045944515|218|15|13|17|31|142|2025-05-02||Classic contemporary professional look|"Love the fabric and the look suzed up 2 sizes 😜 anxious to wear them on an international flight.
Helps me look professional and fresh."
MMLaFleur|https://mmlafleur.com/products/daria-bright-ivory|Daria '90s Jean - Eco Better Than Denim :: Bright Ivory|||239|Pants|8023702995139|42|0|1|0|5|36|2025-05-24||Love these so much and|Love these so much and am very grateful I picked up a backup pair because I somehow lost my first pair and they’re sold out! These are the ones I reach for over and over again - even more than Milo’s!!
MMLaFleur|https://mmlafleur.com/products/daria-bright-ivory|Daria '90s Jean - Eco Better Than Denim :: Bright Ivory|||239|Pants|8023702995139|42|0|1|0|5|36|2025-05-13||The Daria Jeans are the|"The Daria Jeans are the BEST. Because the fabric is stretchy, the high waist does not feel suffocating like other high waisted jeans. The short pant leg is also super flattering and easy to make look casual with sneakers or nicer with a short heal. My one complaint is that these jeans don't have the built in hem button as some MM Lafleur pants -- I'm 5' 4"" and I need to ""hem"" to make the rise hit above my ankles -- but I found that a simple fold holds all day. I could probably iron them and make the fold last through washes, but who likes to iron, you know? I also LOVE the white color -- fair warning, you need skin colored undies underneath to avoid the weird flash of pink flowers or something. I will probably purchase these in other colors."
MMLaFleur|https://mmlafleur.com/products/daria-bright-ivory|Daria '90s Jean - Eco Better Than Denim :: Bright Ivory|||239|Pants|8023702995139|42|0|1|0|5|36|2025-05-13||I tried these on and|"I tried these on and immediately ordered the white pair. I wore them on repeat during a recent trip - they fit well, don’t stretch out, and have deep pockets. I also love the length: they show just enough ankle when worn with sneakers or flats, which is perfect for my 5'6"" frame."
MMLaFleur|https://mmlafleur.com/products/daria-bright-ivory|Daria '90s Jean - Eco Better Than Denim :: Bright Ivory|||239|Pants|8023702995139|42|0|1|0|5|36|2025-04-22||So happy with these jeans.|So happy with these jeans. I have tried the Hockley, Sammataro, and Milo and this is the best fit for me. I am 28 waist, 38 hips (126 lbs, 5 ft 5) and the Daria size 4 is perfect for my shape. I wear the Sammataro in 4, it fits more like a legging. Hockley in 4 the waist was too big. Milo in 4 was too slim/straight through the hips. Daria is super comfortable and can be dressed up or down. Highly recommend for the curvy gals!
MMLaFleur|https://mmlafleur.com/products/daria-bright-ivory|Daria '90s Jean - Eco Better Than Denim :: Bright Ivory|||239|Pants|8023702995139|42|0|1|0|5|36|2025-03-17||I can't stop wearing them.|I can't stop wearing them. :)
MMLaFleur|https://mmlafleur.com/products/jordan-black|Jordan Wide-Leg Trouser - Butter Ponte :: Black|||279|Pants|8023704600771|22|0|0|0|4|18|2025-05-11||These are great pants—high quality|These are great pants—high quality and stylish. I didn't end up keeping them because the legs were as wide leg in the thigh area as I would have hoped. Perhaps the style is supposed to be fit more snugly in the thigh but I was looking for a wide leg-fitting ponte pant because I prefer my clothing to be looser fitting.
MMLaFleur|https://mmlafleur.com/products/jordan-black|Jordan Wide-Leg Trouser - Butter Ponte :: Black|||279|Pants|8023704600771|22|0|0|0|4|18|2025-04-20||I’ll be heartbroken if MM|I’ll be heartbroken if MM doesn’t continue making these in other styles and colors. I wore them twice the first week. First pair of pants in this fabric that ACTUALLY look professional and don’t just say they’re going to. 10/10
MMLaFleur|https://mmlafleur.com/products/jordan-black|Jordan Wide-Leg Trouser - Butter Ponte :: Black|||279|Pants|8023704600771|22|0|0|0|4|18|2025-04-12||These are the best pants.|"These are the best pants. They look good and are comfortable. I have been searching high and low for good pants as it seems others are now so cheaply made that they are junk. I am 5'10"" and a size 8/M and usually buy tall sizes. These are barely long enough with flats, which is an accomplishment, but I will probably let down the hem and make them an inch or so longer. these could probably be lengthened to a 36"" inseam."
MMLaFleur|https://mmlafleur.com/products/jordan-black|Jordan Wide-Leg Trouser - Butter Ponte :: Black|||279|Pants|8023704600771|22|0|0|0|4|18|2025-02-22||Best of both worlds|Draping of dress pants, comfort of sweats. These will now be my go-to for work travel. Hot matching jacket for a coordinated modern suit look. Love it.
MMLaFleur|https://mmlafleur.com/products/jordan-black|Jordan Wide-Leg Trouser - Butter Ponte :: Black|||279|Pants|8023704600771|22|0|0|0|4|18|2024-12-22||Exchanged for a smaller size.|Exchanged for a smaller size. The material is nice and thick and drapes well. Please make pants in short lengths!
MMLaFleur|https://mmlafleur.com/products/mejia-dark-navy|Mejia Pant - Washable Wool Twill :: Dark Navy|||289|Pants|7200922501315|107|5|2|9|15|76|2025-05-26||I won’t know until I|I won’t know until I wear it, but I chose it for the fabric and the styling. I assume it will be great.
MMLaFleur|https://mmlafleur.com/products/zuri-black|Zuri Pant - Washable Wool Twill :: Black|||329|Pants|7956157726915|6|0|0|1|1|4|2025-05-05||Absolutely in love with these|Absolutely in love with these pants! The fit is impeccable—tailored but comfortable. I don’t believe there’s a more flattering pair of trousers out there.
MMLaFleur|https://mmlafleur.com/products/zuri-black|Zuri Pant - Washable Wool Twill :: Black|||329|Pants|7956157726915|6|0|0|1|1|4|2024-10-17||Comfortable and on trend -|Comfortable and on trend - even for petites
MMLaFleur|https://mmlafleur.com/products/zuri-black|Zuri Pant - Washable Wool Twill :: Black|||329|Pants|7956157726915|6|0|0|1|1|4|2024-01-31||Runs way large|I normally wear a size 2 in MMLaFleur pants. The size 2 on these pants was way too big (I would have guessed they were a size 4 or 6). I would have exchanged for a 0 but it's out of stock.
MMLaFleur|https://mmlafleur.com/products/zuri-black|Zuri Pant - Washable Wool Twill :: Black|||329|Pants|7956157726915|6|0|0|1|1|4|2023-12-30||So Chic!|I was worried that these would dwarf me as I’m 5’3. I did have to have them hemmed but they are one of my favorite pair of pants. I love the silhouette!
MMLaFleur|https://mmlafleur.com/products/zuri-black|Zuri Pant - Washable Wool Twill :: Black|||329|Pants|7956157726915|6|0|0|1|1|4|2023-10-19||Gorgeous drape|Beautiful trousers, with a dramatic shape. Unfortunately, the faced waistband does not work well for me, so I returned them.
MMLaFleur|https://mmlafleur.com/products/tali-tan|Tali Breeze Cardigan - Tape Yarn  :: Tan|||289|Jackets|8117492646083|1|0|0|0|1|0|2025-06-01||I love this cardigan. It’s|I love this cardigan. It’s perfect for layering and has a light airy feel. My only feedback is the length compared to the shell- untucked together to proportions look slightly off. It still a keeper. TTS for me.
MMLaFleur|https://mmlafleur.com/products/teddy-navy-ivory|Teddy Breeze Jacket - Summer Pinstripe :: Navy/Ivory|||399|Jackets|8067012067523|2|0|0|0|0|2|2025-05-19||Gorgeous fabric and perfect for|Gorgeous fabric and perfect for adding a bit of polish to outfits in humid summer weather. I took my regular size for an intentionally oversized, breezy fit, but could have easily sized down one or two sizes.
MMLaFleur|https://mmlafleur.com/products/zosia-black|Zosia Cardigan - Crochet Knit :: Black|||269|Jackets|8089257083075|2|0|0|0|0|2|2025-06-07||I love this cardigan. The|I love this cardigan. The knit pattern detail is so lovely and the color is a rich, deep black. Fits TTS for me. The black is heavier weight than the ivory. I wear it in place of a blazer in the office and it looks amazing with jeans too.
MMLaFleur|https://mmlafleur.com/products/zosia-black|Zosia Cardigan - Crochet Knit :: Black|||269|Jackets|8089257083075|2|0|0|0|0|2|2025-05-31||A very special cardi! Gorgeous…|"A very special cardi! Gorgeous… and they just brought it back in Black, for Spring /Summer 2025! 
It does run a tad small, sized up at my stylist’s recommendation."
MMLaFleur|https://mmlafleur.com/products/emery-black-white|Emery Safari Blazer - Porto Weave :: Black/White|||299|Jackets|8022044868803|2|0|0|0|0|2|2025-04-30||Love it for travel!|I always seem to need a jacket to fly and this jacket was SO versatile. It looked great with black and gray slacks as well as my Filomina blouse in white!!
MMLaFleur|https://mmlafleur.com/products/emery-black-white|Emery Safari Blazer - Porto Weave :: Black/White|||299|Jackets|8022044868803|2|0|0|0|0|2|2025-04-26||Fits perfectly and works right|Fits perfectly and works right into the rotation easy to dress up or down. Looks polished as a suit and easy with jeans and separates
MMLaFleur|https://mmlafleur.com/products/tyner-mixed-check|Tyner Director Blazer - Sharkskin :: Mixed Check|||329|Jackets|8024577278147|3|0|0|0|2|1|2025-04-21||Great smart jacket! Goes with|Great smart jacket! Goes with everything!!
MMLaFleur|https://mmlafleur.com/products/tyner-mixed-check|Tyner Director Blazer - Sharkskin :: Mixed Check|||329|Jackets|8024577278147|3|0|0|0|2|1|2025-03-03|||So happy with this—a little long but lovely
MMLaFleur|https://mmlafleur.com/products/tyner-mixed-check|Tyner Director Blazer - Sharkskin :: Mixed Check|||329|Jackets|8024577278147|3|0|0|0|2|1|2024-10-29||Great jacket, fantastic color, but|Great jacket, fantastic color, but this chino fabric was just too rigid for me as I like a drapier blazer. I ultimately returned this because what I really want is a chocolate brown Yiyan. I was hoping this would be an acceptable substitute, but no. I took my smaller MM size in this one.
MMLaFleur|https://mmlafleur.com/products/athena-ginger|Athena Jetset Blazer - Everyday Crepe with Topstitch :: Ginger|||349|Jackets|8022044836035|1|0|0|0|0|1|2025-04-09||Love it|"I bought this jacket as part of the suit (with the Lowen Jetset Pants) and I love both pieces. The color is beautiful, a touch more rust-toned in person, as opposed to a bright orange. The fit is close to the body and streamlined, but not tight (fabric is slightly stretchy). I wore it on a short commuter flight heading to a court appearance, and to court. It was super comfortable, did not wrinkle, and I received no less than five compliments. It fits true to size (I'm size 12, with a curvy/athletic build). At 5' 8"", the pants are the right length for me to wear with flats or heels, which is ideal if you want to wear the suit when you are traveling. More colors in both the jacket and pants, please!"
MMLaFleur|https://mmlafleur.com/products/cody-black|Cody Boyfriend Jardigan :: Black|||249|Jackets|8022044213443|4|0|0|1|1|2|2025-04-21||Finally!|Love this version of the Jardigan. Fit is fantastic and the button ensures that I have belly coverage and the Jardigan does not flap open in the breeze. So flattering. I've tried the Jardigan in all shapes and forms. None of the previous ones really worked for me, but this one does!
MMLaFleur|https://mmlafleur.com/products/cody-black|Cody Boyfriend Jardigan :: Black|||249|Jackets|8022044213443|4|0|0|1|1|2|2025-04-05||It looks and feels great.|It looks and feels great. Only complaint, the fabric is a bit heavy / slippery and the double breast buttons come undone often. The buttons need to be larger/have a rubbery edge or finish.
MMLaFleur|https://mmlafleur.com/products/cody-black|Cody Boyfriend Jardigan :: Black|||249|Jackets|8022044213443|4|0|0|1|1|2|2025-02-24||Love it! Structured and comfortable!|Love it! Structured and comfortable!
MMLaFleur|https://mmlafleur.com/products/ayla-midnight-wash|Ayla V-Neck Jacket - Stretch Denim :: Midnight Wash|||329|Jackets|8067011018947|3|0|0|0|0|3|2025-05-22||Chic and good fit.|Chic and good fit.
MMLaFleur|https://mmlafleur.com/products/ayla-midnight-wash|Ayla V-Neck Jacket - Stretch Denim :: Midnight Wash|||329|Jackets|8067011018947|3|0|0|0|0|3|2025-04-13||I purchased this in the|I purchased this in the OrigamiTech fabric in Olive. It runs large. I sized down one. If my shoulders were not as broad/arms muscular, I would have tried sizing down two sizes. Despite that--it is a really cute and versatile jacket in a good neutral color.
MMLaFleur|https://mmlafleur.com/products/ayla-midnight-wash|Ayla V-Neck Jacket - Stretch Denim :: Midnight Wash|||329|Jackets|8067011018947|3|0|0|0|0|3|2025-04-03||.|.
MMLaFleur|https://mmlafleur.com/products/kane-midnight-wash|Kane Cropped Jacket - Stretch Denim :: Midnight Wash|||299|Jackets|8080231170243|1|0|0|0|0|1|2025-05-19||Fabulous jean jacket that looks|Fabulous jean jacket that looks adorable with the matching Bari jeans and will be super useful thrown over dresses for a casual look.
MMLaFleur|https://mmlafleur.com/products/moreland-jacket-origami-suiting-cool-charcoal|Moreland Travel Blazer - OrigamiTech :: Cool Charcoal|||349|Jackets|6725163122883|282|4|6|12|35|225|2025-06-10||I do like the blazer.|I do like the blazer. Wore it to an official business event paired with a skirt. It was a hot and hit day but the blazer was comfortable. I likest he versatility of it and it wears comfortably
MMLaFleur|https://mmlafleur.com/products/moreland-jacket-origami-suiting-cool-charcoal|Moreland Travel Blazer - OrigamiTech :: Cool Charcoal|||349|Jackets|6725163122883|282|4|6|12|35|225|2025-05-22||Mixed Review|This suit ended up being more informal than anticipated. It is fine for the day of travel to sit on a plane or train, but isn’t appropriate for a business meeting. The jacket is probably better with a dress than with the accompanying pants.
MMLaFleur|https://mmlafleur.com/products/moreland-jacket-origami-suiting-cool-charcoal|Moreland Travel Blazer - OrigamiTech :: Cool Charcoal|||349|Jackets|6725163122883|282|4|6|12|35|225|2025-05-21||Fab suit|Love MM always…and this suit is perfect for everyday and especially for travel! Just wore to a conference, and just did a quick iron job on it before wearing it and I was good to go! Love it super comfy and I feel like a star in it!
MMLaFleur|https://mmlafleur.com/products/moreland-jacket-origami-suiting-cool-charcoal|Moreland Travel Blazer - OrigamiTech :: Cool Charcoal|||349|Jackets|6725163122883|282|4|6|12|35|225|2025-05-19||Love this suit. I get|Love this suit. I get so many compliments when I wear it. The fit is perfect.
MMLaFleur|https://mmlafleur.com/products/moreland-jacket-origami-suiting-cool-charcoal|Moreland Travel Blazer - OrigamiTech :: Cool Charcoal|||349|Jackets|6725163122883|282|4|6|12|35|225|2025-05-18||love it- great fit! right|love it- great fit! right weight
MMLaFleur|https://mmlafleur.com/products/yiyan-dark-navy|Yiyan Classic Blazer - Wool Twill :: Dark Navy|||499|Jackets|7200942948547|72|2|5|5|13|47|2025-05-18||Perfect jacket! Great fabric!|Perfect jacket! Great fabric!
MMLaFleur|https://mmlafleur.com/products/rossi-bluebell|Rossi Executive Blazer - Wool Twill :: Bluebell|||529|Jackets|8022044475587|10|0|0|0|1|9|2025-06-04||First and second purchase was|First and second purchase was the blazer and matching pants. Absolutely beautiful and well made. On to my next purchase…. .
MMLaFleur|https://mmlafleur.com/products/rossi-bluebell|Rossi Executive Blazer - Wool Twill :: Bluebell|||529|Jackets|8022044475587|10|0|0|0|1|9|2025-05-31||Perfect jacket to grab and go|Love the length works great over slimmer skirts and pants.
MMLaFleur|https://mmlafleur.com/products/aniya-bluebell|Aniya Crop Jacket - Wool Twill :: Bluebell|||369|Jackets|8023714398403|8|0|0|0|3|5|2025-04-12||This is my second Aniya|This is my second Aniya because I’ve discovered the value of having a cropped jacket with great lines in my rotation, especially with dresses and high waisted pants. The measurements are a bit different than the first iteration and I’m pleasantly surprised that it still works just fine on my long-ish torso. The black/white crosshatch is a nice neutral that I can pair with navy or black. It’s that classic style that reminds me of (in a very good way) of my grandmother’s stylish outfits.
MMLaFleur|https://mmlafleur.com/products/aniya-bluebell|Aniya Crop Jacket - Wool Twill :: Bluebell|||369|Jackets|8023714398403|8|0|0|0|3|5|2025-04-09||Loved the color and the|Loved the color and the fabric. However, the shoulder pads made me look like a line backer. I returned it.
MMLaFleur|https://mmlafleur.com/products/aniya-bluebell|Aniya Crop Jacket - Wool Twill :: Bluebell|||369|Jackets|8023714398403|8|0|0|0|3|5|2025-04-04||Minor alterations needed as shoulders|Minor alterations needed as shoulders are too padded/wide and sleeves too long for petite frame but Bluebell color is gorgeous and length is great. Love the cloth buttons. Bought the pants to make a suit and it will be a great outfit for spring and summer.
MMLaFleur|https://mmlafleur.com/products/aniya-bluebell|Aniya Crop Jacket - Wool Twill :: Bluebell|||369|Jackets|8023714398403|8|0|0|0|3|5|2025-03-31||Gorgeous jacket! The color and|Gorgeous jacket! The color and craftsmanship are even better in person. It is true to size and exceptionally flattering.
MMLaFleur|https://mmlafleur.com/products/aniya-bluebell|Aniya Crop Jacket - Wool Twill :: Bluebell|||369|Jackets|8023714398403|8|0|0|0|3|5|2025-03-22||Needs a good steam and|Needs a good steam and the sleeves shortened, but otherwise beautiful color and good fit
MMLaFleur|https://mmlafleur.com/products/russell-bluebell|Russell Button Down - Washable Wool Twill :: Bluebell|||299|Tops|8024745803971|3|0|0|0|0|3|2025-04-21||Gorgeous color|Love the fabric and fit of this shirt. Looks professional, but is very comfortable. Color is fantastic. Runs very large. I ordered a size smaller than my normal.
MMLaFleur|https://mmlafleur.com/products/russell-bluebell|Russell Button Down - Washable Wool Twill :: Bluebell|||299|Tops|8024745803971|3|0|0|0|0|3|2025-04-12||Loved color and jacket. Returned|Loved color and jacket. Returned for smaller size, much too big and hoping for right fit.
MMLaFleur|https://mmlafleur.com/products/russell-bluebell|Russell Button Down - Washable Wool Twill :: Bluebell|||299|Tops|8024745803971|3|0|0|0|0|3|2025-03-29||This Shacket style is a|This Shacket style is a sleeper hit and a perfect addition to my power casual wardrobe. The wool is substantial yet refined, not too thick. I love wearing it as an easy layer over other tops for both warmth and style. It runs large, so went with a small rather than my usual medium. The color is absolutely gorgeous l, complements many others and will play well for most seasons. Perfect for 60 degree weather.
MMLaFleur|https://mmlafleur.com/products/ayla-olive|Ayla Travel Jacket - OrigamiTech :: Olive|||349|Jackets|8022045098179|3|0|0|0|0|3|2025-05-22||Chic and good fit.|Chic and good fit.
MMLaFleur|https://mmlafleur.com/products/ayla-olive|Ayla Travel Jacket - OrigamiTech :: Olive|||349|Jackets|8022045098179|3|0|0|0|0|3|2025-04-13||I purchased this in the|I purchased this in the OrigamiTech fabric in Olive. It runs large. I sized down one. If my shoulders were not as broad/arms muscular, I would have tried sizing down two sizes. Despite that--it is a really cute and versatile jacket in a good neutral color.
MMLaFleur|https://mmlafleur.com/products/ayla-olive|Ayla Travel Jacket - OrigamiTech :: Olive|||349|Jackets|8022045098179|3|0|0|0|0|3|2025-04-03||.|.
MMLaFleur|https://mmlafleur.com/products/yasmine-saddle|Yasmine Blazer - Wool Twill :: Saddle|||499|Jackets|8023705583811|26|0|0|0|6|20|2025-05-24||"I am 5'2"" and 104#"|"I am 5'2"" and 104# and this blazer in size 00 is perfect, no alterations needed. I previously bought this in black and came back to buy it in navy. It is a truly deep neutral navy that works on cooler skin tones. The material is substantial, yet it was not too hot in the warm climate I'm in. The quality is excellent and the stretch seams make it very comfortable. The only thing I don't love is the material picks up lint and pet hair easily. I wish it came in more ""fun"" colors."
MMLaFleur|https://mmlafleur.com/products/yasmine-saddle|Yasmine Blazer - Wool Twill :: Saddle|||499|Jackets|8023705583811|26|0|0|0|6|20|2025-05-05||Love it. Had to size|Love it. Had to size up to close the buttons. Arrived a little wrinkly but not a deal breaker.
MMLaFleur|https://mmlafleur.com/products/yasmine-saddle|Yasmine Blazer - Wool Twill :: Saddle|||499|Jackets|8023705583811|26|0|0|0|6|20|2025-01-10|||Excellent material and fit
MMLaFleur|https://mmlafleur.com/products/yasmine-saddle|Yasmine Blazer - Wool Twill :: Saddle|||499|Jackets|8023705583811|26|0|0|0|6|20|2024-07-24||The most comfortable blazer|"I just upgraded my suiting to these from MM and can't believe how comfortable I am in them. I usually size up in suit jackets because without stretch I get uncomfortable and squirmy (ADHD) and I feel so much better wearing the right size now! The stretch in these suits are such a relief.

I'm 5'5"" and got one Yiyan and one Yasmine in different colors -- I'm right between normal and petite sizing depending on the item, and like having the variety. With my longer Yiyan I wear skinnier cut pants, and straight/wide leg with my Yasmine."
MMLaFleur|https://mmlafleur.com/products/yasmine-saddle|Yasmine Blazer - Wool Twill :: Saddle|||499|Jackets|8023705583811|26|0|0|0|6|20|2024-07-12|||Love the stretch inside the lining. Great jacket for suiting or with jeans or a dress!
MMLaFleur|https://mmlafleur.com/products/neale-jacket-washable-wool-twill-black|Neale Jacket - Wool Twill :: Black|||359|Jackets|7606372565187|29|2|0|1|5|21|2025-05-18||Nice jacket, easy to wear|Nice jacket, easy to wear over the Cynthia dress!
MMLaFleur|https://mmlafleur.com/products/neale-jacket-washable-wool-twill-black|Neale Jacket - Wool Twill :: Black|||359|Jackets|7606372565187|29|2|0|1|5|21|2025-05-12||Great jacket. Exactly what I|Great jacket. Exactly what I was looking for when wearing dresses to work!
MMLaFleur|https://mmlafleur.com/products/neale-jacket-washable-wool-twill-black|Neale Jacket - Wool Twill :: Black|||359|Jackets|7606372565187|29|2|0|1|5|21|2025-03-29||Nice cut, great material. Not|Nice cut, great material. Not really worth the price though.
MMLaFleur|https://mmlafleur.com/products/neale-jacket-washable-wool-twill-black|Neale Jacket - Wool Twill :: Black|||359|Jackets|7606372565187|29|2|0|1|5|21|2024-12-15||I appreciate the pants very|I appreciate the pants very good fit and feel. As well as the reliable comfort and class in all garments purchased from MM LaFleur.
MMLaFleur|https://mmlafleur.com/products/neale-jacket-washable-wool-twill-black|Neale Jacket - Wool Twill :: Black|||359|Jackets|7606372565187|29|2|0|1|5|21|2024-11-18|||The jacket was a gift for my daughter for an interview, the fit and look were perfect.
MMLaFleur|https://mmlafleur.com/products/ohara-black|O'Hara Boyfriend Blazer - Everyday Crepe :: Black|||399|Jackets|7684992729283|79|1|1|8|13|56|2025-05-01||The quality of the blazer|"The quality of the blazer is great. The sizing is large. In retrospect, I should've exchanged it for a smaller size. I am 5'7"" and 145lbs, athletic build. The size 6 on me is BIG. I recommend sizing down."
MMLaFleur|https://mmlafleur.com/products/ohara-black|O'Hara Boyfriend Blazer - Everyday Crepe :: Black|||399|Jackets|7684992729283|79|1|1|8|13|56|2025-04-18||I|I
MMLaFleur|https://mmlafleur.com/products/ohara-black|O'Hara Boyfriend Blazer - Everyday Crepe :: Black|||399|Jackets|7684992729283|79|1|1|8|13|56|2025-04-04||Love it. I’ve been wearing|Love it. I’ve been wearing it every office day since I got it. Crushed my presentation to c-suite in it
MMLaFleur|https://mmlafleur.com/products/ohara-black|O'Hara Boyfriend Blazer - Everyday Crepe :: Black|||399|Jackets|7684992729283|79|1|1|8|13|56|2025-03-26||I really liked this blazer.|I really liked this blazer. I got a ten and it draped beautifully, not to tight. HOWEVER, I wanted to use it as part of a suit and there were not any matching pants that I could find
MMLaFleur|https://mmlafleur.com/products/ohara-black|O'Hara Boyfriend Blazer - Everyday Crepe :: Black|||399|Jackets|7684992729283|79|1|1|8|13|56|2025-03-17||Nice and light-weight. The fit|Nice and light-weight. The fit is definitely on the boxy side. Looks good with the pants and the dress.
MMLaFleur|https://mmlafleur.com/products/merritt-jardigan-latte|Merritt Wrap Jardigan :: Latte|||339|Jackets|7956151042243|248|7|7|21|32|181|2025-05-13||I gave this four stars|I gave this four stars because, despite a few drawbacks, I still like it. There are no pockets, which is a downside, and the fabric is heavier than I expected - I tend to prefer very soft materials. Additionally, the shoulder pads are sewn in, a small detail but worth noting. That said, I wore it, and on the first day, I received several compliments!
MMLaFleur|https://mmlafleur.com/products/merritt-jardigan-latte|Merritt Wrap Jardigan :: Latte|||339|Jackets|7956151042243|248|7|7|21|32|181|2025-05-12||Love this jardigan! It’s a|Love this jardigan! It’s a perfect in between of comfort and professional! It’s also very soft.
MMLaFleur|https://mmlafleur.com/products/merritt-jardigan-latte|Merritt Wrap Jardigan :: Latte|||339|Jackets|7956151042243|248|7|7|21|32|181|2025-04-25||These items are perfect for|These items are perfect for traveling.
MMLaFleur|https://mmlafleur.com/products/woolf-jardigan-latte|Woolf Jardigan :: Latte|||299|Jackets|6725135728835|188|16|7|16|28|121|2025-05-04||Everyone should own one. Looks|Everyone should own one. Looks great and is very comfortable.
MMLaFleur|https://mmlafleur.com/products/woolf-jardigan-latte|Woolf Jardigan :: Latte|||299|Jackets|6725135728835|188|16|7|16|28|121|2025-03-29||Easy to wear with business|Easy to wear with business to casual outfits.
MMLaFleur|https://mmlafleur.com/products/woolf-jardigan-latte|Woolf Jardigan :: Latte|||299|Jackets|6725135728835|188|16|7|16|28|121|2025-02-12||Good quality, versatile piece for|Good quality, versatile piece for the office.
MMLaFleur|https://mmlafleur.com/products/woolf-jardigan-latte|Woolf Jardigan :: Latte|||299|Jackets|6725135728835|188|16|7|16|28|121|2025-02-01||I have several jardigans, with|I have several jardigans, with this style as my favorite. Everytime I wear it to work I receive several compliments. I do recommend sizing up.
MMLaFleur|https://mmlafleur.com/products/woolf-jardigan-latte|Woolf Jardigan :: Latte|||299|Jackets|6725135728835|188|16|7|16|28|121|2024-12-28||Just what I needed|Just what I needed
MMLaFleur|https://mmlafleur.com/products/athena-black|Athena Jetset Blazer - Everyday Crepe with Topstitch :: Black|||499|Jackets|8024758223043|1|0|0|0|0|1|2025-04-09||Love it|"I bought this jacket as part of the suit (with the Lowen Jetset Pants) and I love both pieces. The color is beautiful, a touch more rust-toned in person, as opposed to a bright orange. The fit is close to the body and streamlined, but not tight (fabric is slightly stretchy). I wore it on a short commuter flight heading to a court appearance, and to court. It was super comfortable, did not wrinkle, and I received no less than five compliments. It fits true to size (I'm size 12, with a curvy/athletic build). At 5' 8"", the pants are the right length for me to wear with flats or heels, which is ideal if you want to wear the suit when you are traveling. More colors in both the jacket and pants, please!"
MMLaFleur|https://mmlafleur.com/products/frankie-black|Frankie Jacket - Everyday Crepe with Topstitch :: Black|||529|Jackets|7686784024771|7|0|0|0|2|5|2025-04-08||This jacket is so lovely!|This jacket is so lovely! My regular size wasn’t available so I went with the medium. Sadly, the sleeves were too long and the volume and weight of the material made the jacket too heavy for easy packing. Considered tailoring I loved it so much, but it made the overall price point higher than I budgeted so I sent it back. I do highly recommend it to others, however!
MMLaFleur|https://mmlafleur.com/products/frankie-black|Frankie Jacket - Everyday Crepe with Topstitch :: Black|||529|Jackets|7686784024771|7|0|0|0|2|5|2025-03-26||This is literally the most|"This is literally the most gorgeous coat/jacket I've ever had. It drapes beautifully, doesn't wrinkle during wear, travels so well, and makes me feel like ""I've arrived. "" The white trim is SUCH a nice touch because sometimes all-black coats can be so boring. This touch makes the jacket go with literally everything."
MMLaFleur|https://mmlafleur.com/products/frankie-black|Frankie Jacket - Everyday Crepe with Topstitch :: Black|||529|Jackets|7686784024771|7|0|0|0|2|5|2024-10-19||I was excited to get|I was excited to get this coat, but I think I am in between sizes. I’m normally a 10 in coats (8 in tops) and got a Medium. It fit on the shoulders but was big everywhere else. Unfortunately that didn’t make it look great on me. It’s really cute. It’s a thin jacket—perfect for over suit coats or other layered dressy clothes or when it isn’t that cold out. The stitching really adds to the coat, although as someone with larger hips, I would prefer to not have the stitching on the lower pockets.
MMLaFleur|https://mmlafleur.com/products/frankie-black|Frankie Jacket - Everyday Crepe with Topstitch :: Black|||529|Jackets|7686784024771|7|0|0|0|2|5|2024-10-19||The jacket is this fall’s|The jacket is this fall’s favorite. Excellent tailoring.
MMLaFleur|https://mmlafleur.com/products/frankie-black|Frankie Jacket - Everyday Crepe with Topstitch :: Black|||529|Jackets|7686784024771|7|0|0|0|2|5|2024-09-17||I absolutely love this jacket|"I absolutely love this jacket but I had to return because at 5'3"", it just felt too big even in an extra small."
MMLaFleur|https://mmlafleur.com/products/rossi-black|Rossi Executive Blazer - Washable Wool Twill :: Black|||529|Jackets|8022044180675|10|0|0|0|1|9|2025-06-04||First and second purchase was|First and second purchase was the blazer and matching pants. Absolutely beautiful and well made. On to my next purchase…. .
MMLaFleur|https://mmlafleur.com/products/rossi-black|Rossi Executive Blazer - Washable Wool Twill :: Black|||529|Jackets|8022044180675|10|0|0|0|1|9|2025-05-31||Perfect jacket to grab and go|Love the length works great over slimmer skirts and pants.
MMLaFleur|https://mmlafleur.com/products/cody-dot-knit|Cody Boyfriend Jardigan - Dot Jardigan Knit :: Dark Navy/Ivory|||359|Jackets|8067012001987|4|0|0|1|1|2|2025-04-21||Finally!|Love this version of the Jardigan. Fit is fantastic and the button ensures that I have belly coverage and the Jardigan does not flap open in the breeze. So flattering. I've tried the Jardigan in all shapes and forms. None of the previous ones really worked for me, but this one does!
MMLaFleur|https://mmlafleur.com/products/cody-dot-knit|Cody Boyfriend Jardigan - Dot Jardigan Knit :: Dark Navy/Ivory|||359|Jackets|8067012001987|4|0|0|1|1|2|2025-04-05||It looks and feels great.|It looks and feels great. Only complaint, the fabric is a bit heavy / slippery and the double breast buttons come undone often. The buttons need to be larger/have a rubbery edge or finish.
MMLaFleur|https://mmlafleur.com/products/cody-dot-knit|Cody Boyfriend Jardigan - Dot Jardigan Knit :: Dark Navy/Ivory|||359|Jackets|8067012001987|4|0|0|1|1|2|2025-02-24||Love it! Structured and comfortable!|Love it! Structured and comfortable!
MMLaFleur|https://mmlafleur.com/products/jolie-dot-knit|Jolie Lapel Jardigan - Dot Jardigan Knit :: Dark Navy/Ivory|||259|Jackets|8075476467907|71|0|0|2|8|61|2025-05-16||Wearing it in Florida now!|Wearing it in Florida now!
MMLaFleur|https://mmlafleur.com/products/jolie-dot-knit|Jolie Lapel Jardigan - Dot Jardigan Knit :: Dark Navy/Ivory|||259|Jackets|8075476467907|71|0|0|2|8|61|2025-04-26||Great look and light enough|Great look and light enough for Florida
MMLaFleur|https://mmlafleur.com/products/jolie-dot-knit|Jolie Lapel Jardigan - Dot Jardigan Knit :: Dark Navy/Ivory|||259|Jackets|8075476467907|71|0|0|2|8|61|2025-04-10||Comfortable, classy, versatile.|Comfortable, classy, versatile.
MMLaFleur|https://mmlafleur.com/products/jolie-dot-knit|Jolie Lapel Jardigan - Dot Jardigan Knit :: Dark Navy/Ivory|||259|Jackets|8075476467907|71|0|0|2|8|61|2025-04-09||​Love my Jolie Lapel Jardigan​|​Love my Jolie Lapel Jardigan​ in black​--perfect drape, not too long nor too heavy, it easily adds a lift to my outfits.
MMLaFleur|https://mmlafleur.com/products/jolie-dot-knit|Jolie Lapel Jardigan - Dot Jardigan Knit :: Dark Navy/Ivory|||259|Jackets|8075476467907|71|0|0|2|8|61|2025-02-27||Love my Jolie Cardigan!|Love my Jolie Cardigan!
MMLaFleur|https://mmlafleur.com/products/porter-blazer-interweave-black-white|Porter Jacket - Interweave :: Black / White|||629|Jackets|6725167251651|42|1|1|8|3|29|2025-04-01||Absolutely love this piece. I've|Absolutely love this piece. I've gotten so many compliments. It's very comfortable and stylish. Highly recommend.
MMLaFleur|https://mmlafleur.com/products/porter-blazer-interweave-black-white|Porter Jacket - Interweave :: Black / White|||629|Jackets|6725167251651|42|1|1|8|3|29|2025-01-22||Expensive, classic, forever piece. Love|Expensive, classic, forever piece. Love it.
MMLaFleur|https://mmlafleur.com/products/porter-blazer-interweave-black-white|Porter Jacket - Interweave :: Black / White|||629|Jackets|6725167251651|42|1|1|8|3|29|2024-12-15||I've had my eye on|I've had my eye on this for a while and I finally pulled the trigger - and so glad I did! I absolutely love it. Other reviews had said it ran it bit small so I ordered the L and It fits well. The sleeves are a bit long, but easy to turn up the cuffs and it looks great. I often turn up the cuffs on my jackets anyway. Anyway, I am super pleased with this lovely jacket.
MMLaFleur|https://mmlafleur.com/products/porter-blazer-interweave-black-white|Porter Jacket - Interweave :: Black / White|||629|Jackets|6725167251651|42|1|1|8|3|29|2024-11-19||Gorgeous jacket, well made and|Gorgeous jacket, well made and super flattering!
MMLaFleur|https://mmlafleur.com/products/porter-blazer-interweave-black-white|Porter Jacket - Interweave :: Black / White|||629|Jackets|6725167251651|42|1|1|8|3|29|2024-10-08||I’ve been craving this jacket|I’ve been craving this jacket since I first saw it, just waiting for a sale. It does not disappoint. It looks and feels wonderful, and I’m thrilled. My usual size M fits perfectly on my long torso, not short-waisted as so many jackets can be. This will be my go-to all season.
MMLaFleur|https://mmlafleur.com/products/lilia-blazer-interweave-black-white|Lilia Jacket - Interweave :: Black / White|||499|Jackets|6725167218883|35|0|1|2|4|28|2025-04-28||Absolutely the best purchase. Got|Absolutely the best purchase. Got more than 10 compliments on day 1 of wearing it. Love it!
MMLaFleur|https://mmlafleur.com/products/lilia-blazer-interweave-black-white|Lilia Jacket - Interweave :: Black / White|||499|Jackets|6725167218883|35|0|1|2|4|28|2025-04-24||Lovely, unique, and high quality.|Lovely, unique, and high quality. The arm fringe is quite long so that might take some getting used to. Love the white/ivory subtle weave.
MMLaFleur|https://mmlafleur.com/products/lilia-blazer-interweave-black-white|Lilia Jacket - Interweave :: Black / White|||499|Jackets|6725167218883|35|0|1|2|4|28|2024-11-15||Beautiful and classy. I can|Beautiful and classy. I can wear with jeans or dress up. Great addition to my wardrobe.
MMLaFleur|https://mmlafleur.com/products/lilia-blazer-interweave-black-white|Lilia Jacket - Interweave :: Black / White|||499|Jackets|6725167218883|35|0|1|2|4|28|2024-10-09||It’s a keeper!|This jacket is awesome! Not very warm, easy to layer, and it really elevates the outfit. Sleeves are a bit long and will need tailoring. I am 5-3. It’s a keeper!
MMLaFleur|https://mmlafleur.com/products/lilia-blazer-interweave-black-white|Lilia Jacket - Interweave :: Black / White|||499|Jackets|6725167218883|35|0|1|2|4|28|2024-09-22||I saw this on an|I saw this on an influencer at a Chicago Store styling event. I would not have appreciated the hip and edgy capacity of this piece if I hadn’t seen it on her. She paired it with a fedora hat, cream pants and big chunky earrings. I’m going to try that for myself. I’m often cold in meetings so this will be a good piece that can go from boardroom to happy hour.
MMLaFleur|https://mmlafleur.com/products/fina-black|Fina Dress - Crochet Knit :: Black|||299|Dresses|8150685384899|1|0|0|0|0|1|2024-08-08|||Really beautiful. Runs small and there is no stretch, so I wish I had sized up. Love the pattern though and flattering placements of the crochet design.
MMLaFleur|https://mmlafleur.com/products/zosia-black|Zosia Cardigan - Crochet Knit :: Black|||269|Jackets|8089257083075|2|0|0|0|0|2|2025-06-07||I love this cardigan. The|I love this cardigan. The knit pattern detail is so lovely and the color is a rich, deep black. Fits TTS for me. The black is heavier weight than the ivory. I wear it in place of a blazer in the office and it looks amazing with jeans too.
MMLaFleur|https://mmlafleur.com/products/zosia-black|Zosia Cardigan - Crochet Knit :: Black|||269|Jackets|8089257083075|2|0|0|0|0|2|2025-05-31||A very special cardi! Gorgeous…|"A very special cardi! Gorgeous… and they just brought it back in Black, for Spring /Summer 2025! 
It does run a tad small, sized up at my stylist’s recommendation."
MMLaFleur|https://mmlafleur.com/products/tali-tan|Tali Breeze Cardigan - Tape Yarn  :: Tan|||289|Jackets|8117492646083|1|0|0|0|1|0|2025-06-01||I love this cardigan. It’s|I love this cardigan. It’s perfect for layering and has a light airy feel. My only feedback is the length compared to the shell- untucked together to proportions look slightly off. It still a keeper. TTS for me.
MMLaFleur|https://mmlafleur.com/products/becca-light-gray-black|Becca Pointelle Tee - Cotton Silk Knit :: Light Gray/Black|||179|Tops|8046256292035|3|0|0|0|1|2|2025-05-09||Beautiful sweater. Just not my|Beautiful sweater. Just not my shade of ivory and snug in the bust.
MMLaFleur|https://mmlafleur.com/products/becca-light-gray-black|Becca Pointelle Tee - Cotton Silk Knit :: Light Gray/Black|||179|Tops|8046256292035|3|0|0|0|1|2|2025-04-13||Very cute versatile tee. I|Very cute versatile tee. I love the silver/grey color (and I'm not usually a grey fan). Will look good alone or under jackets. Seems very durable.
MMLaFleur|https://mmlafleur.com/products/becca-light-gray-black|Becca Pointelle Tee - Cotton Silk Knit :: Light Gray/Black|||179|Tops|8046256292035|3|0|0|0|1|2|2025-02-04||Beautiful fabric and color|"Loved the fit of this sweater on my body. Bought an XL where I usually buy M or L. 
A bit short in body so that’s why I have it 4 stars."
MMLaFleur|https://mmlafleur.com/products/larissa-light-gray-black|Larissa Pointelle Sweater - Cotton Silk Knit :: Light Gray/Black|||229|Tops|8041538355395|32|0|0|0|2|30|2025-06-05||I loved everything about this|I loved everything about this sweater. I had it in size large in the pink, but the Syrah was not available in large so I thought I would try the medium. It was a bit tight and a bit short so I had to return it. I would have exchanged it for the large, but there were no sizes left in this style in the Syrah color. Beautiful fabric, great design with buttons down the back. Colleagues at work have commented on the pink one that I already had. More like this, please!
MMLaFleur|https://mmlafleur.com/products/larissa-light-gray-black|Larissa Pointelle Sweater - Cotton Silk Knit :: Light Gray/Black|||229|Tops|8041538355395|32|0|0|0|2|30|2025-04-27||Love this new twist on|Love this new twist on a basic. Perfect silk/cotton blend, too.
MMLaFleur|https://mmlafleur.com/products/larissa-light-gray-black|Larissa Pointelle Sweater - Cotton Silk Knit :: Light Gray/Black|||229|Tops|8041538355395|32|0|0|0|2|30|2025-04-27||Love it. The quality and|Love it. The quality and the detailing is so nice. The buttons in back add something extra. This color is so pretty.
MMLaFleur|https://mmlafleur.com/products/larissa-light-gray-black|Larissa Pointelle Sweater - Cotton Silk Knit :: Light Gray/Black|||229|Tops|8041538355395|32|0|0|0|2|30|2025-04-20||Top quality|The quality of the material is superb. The style is so classy. This top can be worn casually and also is very chic with a blazer or dressy jacket. The cotton/silk blend is the most comfortable blend ever!
MMLaFleur|https://mmlafleur.com/products/larissa-light-gray-black|Larissa Pointelle Sweater - Cotton Silk Knit :: Light Gray/Black|||229|Tops|8041538355395|32|0|0|0|2|30|2025-04-12||I absolutely love this sweater!|I absolutely love this sweater!
MMLaFleur|https://mmlafleur.com/products/miriam-sunset-stripe|Miriam Oversized Cardigan - Multi Knit :: Sunset Stripe|||189|Knitwear|8022044049603|3|0|0|0|0|3|2025-06-08||It’s a lovely unique piece.|It’s a lovely unique piece. It works well in my smaller size and I’ll be grabbing it in cooler weather to wear over a t-shirt and jeans or Milos.
MMLaFleur|https://mmlafleur.com/products/miriam-sunset-stripe|Miriam Oversized Cardigan - Multi Knit :: Sunset Stripe|||189|Knitwear|8022044049603|3|0|0|0|0|3|2025-04-30||Really nice sweater, nice cotton-y|Really nice sweater, nice cotton-y texture and substantial. Stripes are burnt orange (which looks nice), black interspersed with cream, and cream. Interesting and pretty visual texturing. I am a L in most tops here but got a M in this bc I don’t feel great in the “baggy over baggy” look, so this size on me looks more like a lady jacket with my wide-leg pants. It will go great with navy and black bottoms and I’m excited to wear it!
MMLaFleur|https://mmlafleur.com/products/miriam-sunset-stripe|Miriam Oversized Cardigan - Multi Knit :: Sunset Stripe|||189|Knitwear|8022044049603|3|0|0|0|0|3|2025-02-24||I’m in love!|The Miriam cardigan is one of those special pieces I have grown to expect from MM. It is soft but heavier cotton providing nice warmth. It feels so high quality and special in both the fabric and print. Goes well with so many things in my closet especially black and denim. It’s a lovely piece which surely will sell out soon!
MMLaFleur|https://mmlafleur.com/products/jamie-morning-sky|Jamie Pointelle Tank - Light Merino :: Morning Sky|||199|Tops|8022045130947|7|0|0|0|2|5|2025-03-18||Beautiful color and fit|Beautiful color and fit
MMLaFleur|https://mmlafleur.com/products/jamie-morning-sky|Jamie Pointelle Tank - Light Merino :: Morning Sky|||199|Tops|8022045130947|7|0|0|0|2|5|2025-03-18||Pretty and comfortable|Pretty and comfortable
MMLaFleur|https://mmlafleur.com/products/jamie-morning-sky|Jamie Pointelle Tank - Light Merino :: Morning Sky|||199|Tops|8022045130947|7|0|0|0|2|5|2025-03-17||I love the color. The|I love the color. The fabric is high-quality.
MMLaFleur|https://mmlafleur.com/products/jamie-morning-sky|Jamie Pointelle Tank - Light Merino :: Morning Sky|||199|Tops|8022045130947|7|0|0|0|2|5|2025-03-07||I love the color in|I love the color in the Morning Sky and the slight detailing on this Tank. Its TTS and is the perfect weight. The only reason I downgraded it one star is that I wish it was an hafl inch to inch longer.
MMLaFleur|https://mmlafleur.com/products/jamie-morning-sky|Jamie Pointelle Tank - Light Merino :: Morning Sky|||199|Tops|8022045130947|7|0|0|0|2|5|2025-03-01||Lovely color and excellent quality.|Lovely color and excellent quality. Unfortunately it is too big and baggy on me. For reference, I typically wear sizes 0 petite, 00 regular and sometimes 0. I bought the cardigan version too, and while that also runs large, it drapes nicely and looks flattering.
MMLaFleur|https://mmlafleur.com/products/rosalia-morning-sky|Rosalia Pointelle Cardigan - Light Merino :: Morning Sky|||299|Tops|8036890706115|6|0|0|0|2|4|2025-03-18||Nice material. Runs a little|Nice material. Runs a little large.
MMLaFleur|https://mmlafleur.com/products/rosalia-morning-sky|Rosalia Pointelle Cardigan - Light Merino :: Morning Sky|||299|Tops|8036890706115|6|0|0|0|2|4|2025-03-17||The armholes are a bit|The armholes are a bit over sized, but otherwise it’s very nice quality.
MMLaFleur|https://mmlafleur.com/products/rosalia-morning-sky|Rosalia Pointelle Cardigan - Light Merino :: Morning Sky|||299|Tops|8036890706115|6|0|0|0|2|4|2025-03-05||Perfect for S. C. weather when|Perfect for S. C. weather when you don't want to wear a blazer but still have that finished look.
MMLaFleur|https://mmlafleur.com/products/rosalia-morning-sky|Rosalia Pointelle Cardigan - Light Merino :: Morning Sky|||299|Tops|8036890706115|6|0|0|0|2|4|2025-03-01||Lovely color and excellent quality.|Lovely color and excellent quality. It is a little oversized on me (normally 0 petite), but the drape makes it look more elegant than sloppy. The buttons come up high enough to wear as a regular top.
MMLaFleur|https://mmlafleur.com/products/rosalia-morning-sky|Rosalia Pointelle Cardigan - Light Merino :: Morning Sky|||299|Tops|8036890706115|6|0|0|0|2|4|2025-02-27||I bought both the cardigan|I bought both the cardigan and the tank - love them both. Perfect for spring!
MMLaFleur|https://mmlafleur.com/products/kiki-ivory-black|Kiki Crewneck Sweater - Marl Knit :: Ivory/Black|||199|Knitwear|8023701881027|19|0|1|0|6|12|2025-04-30||Beautiful color and material! I|Beautiful color and material! I have this sweater in both colors and it’s my go to layer for work and weekend.
MMLaFleur|https://mmlafleur.com/products/kiki-ivory-black|Kiki Crewneck Sweater - Marl Knit :: Ivory/Black|||199|Knitwear|8023701881027|19|0|1|0|6|12|2025-04-20||I love this weather. It's|I love this weather. It's soft and the color is vibrant. I've gotten a lot of compliments on it and feel great wearing it!
MMLaFleur|https://mmlafleur.com/products/kiki-ivory-black|Kiki Crewneck Sweater - Marl Knit :: Ivory/Black|||199|Knitwear|8023701881027|19|0|1|0|6|12|2025-03-18||Beautiful color but a bit|Beautiful color but a bit too boxy and thick in the arms
MMLaFleur|https://mmlafleur.com/products/mel-ivory|Mel Pointelle Cardigan - Cotton Silk Knit :: Ivory|||199|Tops|7675709194435|5|0|0|0|0|5|2025-05-24||Love this piece! It’s elegant,|"Love this piece!
It’s elegant, breathable, and the pointelle detailing at the seams is beautiful. I first ordered a Small, which was too big, but the Happy Return/exchange service was seamless. I received the XS in just a few days. Perfect fit and great experience!"
MMLaFleur|https://mmlafleur.com/products/mel-ivory|Mel Pointelle Cardigan - Cotton Silk Knit :: Ivory|||199|Tops|7675709194435|5|0|0|0|0|5|2024-11-27||Resilience of silk|"Whenever I see cotton/silk clothing, I 
have a tendency to buy it. 100%cotton normally does not keep it's shape over time. Cotton/silk clothing last so much longer and never fades or loses its shape.
Please offer more clothing like this."
MMLaFleur|https://mmlafleur.com/products/mel-ivory|Mel Pointelle Cardigan - Cotton Silk Knit :: Ivory|||199|Tops|7675709194435|5|0|0|0|0|5|2024-11-08||This is so simple, but|"This is so simple, but so perfect. it fits the 5’ lady and goes with everything. Wearing now with Lisey in cutout and Dark Olive Curieand everything goes so nicely.

MM LaF please consider other neutral colors!"
MMLaFleur|https://mmlafleur.com/products/mel-ivory|Mel Pointelle Cardigan - Cotton Silk Knit :: Ivory|||199|Tops|7675709194435|5|0|0|0|0|5|2024-04-02||Gorgeous!|Love this cardigan and matching sleeveless shell. Looks great with black Milo jeans!
MMLaFleur|https://mmlafleur.com/products/crimmins-ivory|Crimmins Pointelle Tank - Cotton Silk Knit :: Ivory|||149|Tops|7675709522115|10|0|0|0|3|7|2025-04-30||I love this top so|"I love this top so much that I purchased it in both colors. I will say that I am partial to wearing natural fibers and so I prefer the cotton silk knits as opposed to Eco Soft Wave. (As much as I love the beautiful drapey look of ESW, I don't like how it feels on my skin. ) 
Please keep producing the pointelle tops and sweaters!"
MMLaFleur|https://mmlafleur.com/products/crimmins-ivory|Crimmins Pointelle Tank - Cotton Silk Knit :: Ivory|||149|Tops|7675709522115|10|0|0|0|3|7|2024-12-15||This was a lovely sweater|This was a lovely sweater but I returned it. I had to order the large size for my torso but the sleeve hole was then too big and gapped in the front.
MMLaFleur|https://mmlafleur.com/products/crimmins-ivory|Crimmins Pointelle Tank - Cotton Silk Knit :: Ivory|||149|Tops|7675709522115|10|0|0|0|3|7|2024-04-14||High quality versatile top|I really love this top so much. I’m thinking of buying a second one for when it wears out. It looks great under a suit jacket and it is also perfect for evening attire. The fabric is very soft and fit excellent.
MMLaFleur|https://mmlafleur.com/products/crimmins-ivory|Crimmins Pointelle Tank - Cotton Silk Knit :: Ivory|||149|Tops|7675709522115|10|0|0|0|3|7|2024-04-14||Gorgeous!|Love this shell- the stitching detail is divine.
MMLaFleur|https://mmlafleur.com/products/toula-ivory|Toula Pointelle Dress - Cotton Silk Knit :: Ivory|||269|Knitwear|7661763821763|10|0|0|0|1|9|2025-03-17||Beautiful dress, I am 5’6”|Beautiful dress, I am 5’6” 145 and probably could have sized down to XS due to the larger armholes.
MMLaFleur|https://mmlafleur.com/products/toula-ivory|Toula Pointelle Dress - Cotton Silk Knit :: Ivory|||269|Knitwear|7661763821763|10|0|0|0|1|9|2025-03-08||The Toula dress is understated|The Toula dress is understated and classy in a luxurious cotton silk knit. The v-neck is stylish along with the buttons down the front. Fits true to size. LOVE the Syrah color - MM, please make more pieces in this color.
MMLaFleur|https://mmlafleur.com/products/toula-ivory|Toula Pointelle Dress - Cotton Silk Knit :: Ivory|||269|Knitwear|7661763821763|10|0|0|0|1|9|2024-10-10||Lovely piece, easy to wear|"I have the Tool Vest Dress in Black. I would prefer to wear it as a dress - vs a vest- It is quite flattering - you do not have to have a perfect body for it too look good. Its not too snug - just right. 
It can be worn most of the year - but in Winter maybe wear it as a vest layer. ( I have not yet tried.).
it's also a reasonably priced piece."
MMLaFleur|https://mmlafleur.com/products/toula-ivory|Toula Pointelle Dress - Cotton Silk Knit :: Ivory|||269|Knitwear|7661763821763|10|0|0|0|1|9|2024-10-05||Very comfortable, sleek and flattering.|Very comfortable, sleek and flattering. Love the pockets.
MMLaFleur|https://mmlafleur.com/products/toula-ivory|Toula Pointelle Dress - Cotton Silk Knit :: Ivory|||269|Knitwear|7661763821763|10|0|0|0|1|9|2024-10-02||Great dress-- flattering, comfortable, so|Great dress-- flattering, comfortable, so nice! I just hope it won't snag too easily in a work environment
MMLaFleur|https://mmlafleur.com/products/rae-black-white|Rae Day-to-Night Top - Mini Chevron Knit :: Black/White|||269|Tops|8080656761027|5|0|0|0|0|5|2025-06-01||Day to night for real!|"This top is worth every penny!
Beautiful fit and fabric and the cut is very sexy!
I’m 5’4” about 130 lbs and I wear a size small. 
Day to night for real!!
Love it!"
MMLaFleur|https://mmlafleur.com/products/rae-black-white|Rae Day-to-Night Top - Mini Chevron Knit :: Black/White|||269|Tops|8080656761027|5|0|0|0|0|5|2025-05-02||Gorgeous new top! Very soft|Gorgeous new top! Very soft knit, too heavy for summer but perfect other seasons. It feels a bit thick but does not look at all bulky on. I am between sizes. I sized up on other recommendations, but would have been fine sizing down too, very stretchy.
MMLaFleur|https://mmlafleur.com/products/rae-black-white|Rae Day-to-Night Top - Mini Chevron Knit :: Black/White|||269|Tops|8080656761027|5|0|0|0|0|5|2024-01-27||Lovely stuff -- as usual :)|The Rae Top is lovely. Love the intensity of the color and the sheen of the fabric. Based on other reviews, I sized up and I'm glad I did. It's a close fit, landing at the waist, prolly because of my shape. Hoping to see this in other brilliant colors soon!
MMLaFleur|https://mmlafleur.com/products/rae-black-white|Rae Day-to-Night Top - Mini Chevron Knit :: Black/White|||269|Tops|8080656761027|5|0|0|0|0|5|2023-11-30||Gorgeous and flattering top|Love this and love the color. Normally a small in MM LaFleur tops, I sized up after trying the small on and it was skintight in an uncomfortable way. Medium was ever so slightly looser than I’d want, but still fit very nicely. Would love to see this knit in other colors and cuts.
MMLaFleur|https://mmlafleur.com/products/rae-black-white|Rae Day-to-Night Top - Mini Chevron Knit :: Black/White|||269|Tops|8080656761027|5|0|0|0|0|5|2023-11-16||Soft and Easy!|Great top for a variety of looks. It is soft against the skin, and the color goes with more than you think. I also love it for travel - no wrinkles or fuss!
MMLaFleur|https://mmlafleur.com/products/sonny-black-white|Sonny Day-to-Night Tank - Mini Chevron Knit :: Black/White|||199|Tops|8067012133059|1|0|0|0|0|1|2025-06-01||Sexy and sophisticated!|"So beautiful!
Sexy, stylish AND comfortable!
Love it!"
MMLaFleur|https://mmlafleur.com/products/cody-dot-knit|Cody Boyfriend Jardigan - Dot Jardigan Knit :: Dark Navy/Ivory|||359|Jackets|8067012001987|4|0|0|1|1|2|2025-04-21||Finally!|Love this version of the Jardigan. Fit is fantastic and the button ensures that I have belly coverage and the Jardigan does not flap open in the breeze. So flattering. I've tried the Jardigan in all shapes and forms. None of the previous ones really worked for me, but this one does!
MMLaFleur|https://mmlafleur.com/products/cody-dot-knit|Cody Boyfriend Jardigan - Dot Jardigan Knit :: Dark Navy/Ivory|||359|Jackets|8067012001987|4|0|0|1|1|2|2025-04-05||It looks and feels great.|It looks and feels great. Only complaint, the fabric is a bit heavy / slippery and the double breast buttons come undone often. The buttons need to be larger/have a rubbery edge or finish.
MMLaFleur|https://mmlafleur.com/products/cody-dot-knit|Cody Boyfriend Jardigan - Dot Jardigan Knit :: Dark Navy/Ivory|||359|Jackets|8067012001987|4|0|0|1|1|2|2025-02-24||Love it! Structured and comfortable!|Love it! Structured and comfortable!
MMLaFleur|https://mmlafleur.com/products/jolie-dot-knit|Jolie Lapel Jardigan - Dot Jardigan Knit :: Dark Navy/Ivory|||259|Jackets|8075476467907|71|0|0|2|8|61|2025-05-16||Wearing it in Florida now!|Wearing it in Florida now!
MMLaFleur|https://mmlafleur.com/products/jolie-dot-knit|Jolie Lapel Jardigan - Dot Jardigan Knit :: Dark Navy/Ivory|||259|Jackets|8075476467907|71|0|0|2|8|61|2025-04-26||Great look and light enough|Great look and light enough for Florida
MMLaFleur|https://mmlafleur.com/products/jolie-dot-knit|Jolie Lapel Jardigan - Dot Jardigan Knit :: Dark Navy/Ivory|||259|Jackets|8075476467907|71|0|0|2|8|61|2025-04-10||Comfortable, classy, versatile.|Comfortable, classy, versatile.
MMLaFleur|https://mmlafleur.com/products/jolie-dot-knit|Jolie Lapel Jardigan - Dot Jardigan Knit :: Dark Navy/Ivory|||259|Jackets|8075476467907|71|0|0|2|8|61|2025-04-09||​Love my Jolie Lapel Jardigan​|​Love my Jolie Lapel Jardigan​ in black​--perfect drape, not too long nor too heavy, it easily adds a lift to my outfits.
MMLaFleur|https://mmlafleur.com/products/jolie-dot-knit|Jolie Lapel Jardigan - Dot Jardigan Knit :: Dark Navy/Ivory|||259|Jackets|8075476467907|71|0|0|2|8|61|2025-02-27||Love my Jolie Cardigan!|Love my Jolie Cardigan!
MMLaFleur|https://mmlafleur.com/products/choe-ivory|Choe Top - Eco 365Knit :: Ivory|||179|Tops|7600410820803|84|1|0|8|10|65|2025-04-21||Love it and have it|Love it and have it 2 other colors.
MMLaFleur|https://mmlafleur.com/products/choe-ivory|Choe Top - Eco 365Knit :: Ivory|||179|Tops|7600410820803|84|1|0|8|10|65|2025-03-29||Nice fit and easy to|Nice fit and easy to layer with jackets.
MMLaFleur|https://mmlafleur.com/products/choe-ivory|Choe Top - Eco 365Knit :: Ivory|||179|Tops|7600410820803|84|1|0|8|10|65|2025-02-08||Quality, beautiful, silhouette, a perfect|Quality, beautiful, silhouette, a perfect staple piece that can be dressed up or down. I really like that the hemline can be left untucked and look professional, work can be tucked in without creating bulk. I will be purchasing this an additional colors.
MMLaFleur|https://mmlafleur.com/products/choe-ivory|Choe Top - Eco 365Knit :: Ivory|||179|Tops|7600410820803|84|1|0|8|10|65|2025-02-02||Whenever these go on sale|Whenever these go on sale I get them. It’s an elevated way to wear a white t shirt. Worth the investment.
MMLaFleur|https://mmlafleur.com/products/choe-ivory|Choe Top - Eco 365Knit :: Ivory|||179|Tops|7600410820803|84|1|0|8|10|65|2024-10-21||A nice heavier shirt that|A nice heavier shirt that works for work, but oddly wrinkles more than one would think, given the material.
MMLaFleur|https://mmlafleur.com/products/peggy-black|Peggy Top - Eco 365Knit :: Black|||159|Tops|7664641278147|79|0|0|4|10|65|2025-04-19||Modern silhouette combined with comfort|Modern silhouette combined with comfort makes this Peggy top a chic choice for the office. Combined with the matching color Merritt wrap jardigan, I get compliments every time I wear it.
MMLaFleur|https://mmlafleur.com/products/peggy-black|Peggy Top - Eco 365Knit :: Black|||159|Tops|7664641278147|79|0|0|4|10|65|2025-04-04||Was very nice but returned|Was very nice but returned as rest of suit wasn’t petite friendly.
MMLaFleur|https://mmlafleur.com/products/peggy-black|Peggy Top - Eco 365Knit :: Black|||159|Tops|7664641278147|79|0|0|4|10|65|2025-03-17||This is a perfect knit|This is a perfect knit white tank! Goes with everything. An absolute closet staple.
MMLaFleur|https://mmlafleur.com/products/peggy-black|Peggy Top - Eco 365Knit :: Black|||159|Tops|7664641278147|79|0|0|4|10|65|2024-12-26||Wish it came with more patterns! A stripe along the side would look super sharp!|I love the depth of the V, as I love to showcase my necklaces. The design matches my body shape it can easily be styled with a suit jacket, a sweater over, or worn with a pair of colorful suit pants.
MMLaFleur|https://mmlafleur.com/products/peggy-black|Peggy Top - Eco 365Knit :: Black|||159|Tops|7664641278147|79|0|0|4|10|65|2024-12-15||love the feel/fet!|love the feel/fet!
MMLaFleur|https://mmlafleur.com/products/merritt-jardigan-latte|Merritt Wrap Jardigan :: Latte|||339|Jackets|7956151042243|248|7|7|21|32|181|2025-05-13||I gave this four stars|I gave this four stars because, despite a few drawbacks, I still like it. There are no pockets, which is a downside, and the fabric is heavier than I expected - I tend to prefer very soft materials. Additionally, the shoulder pads are sewn in, a small detail but worth noting. That said, I wore it, and on the first day, I received several compliments!
MMLaFleur|https://mmlafleur.com/products/merritt-jardigan-latte|Merritt Wrap Jardigan :: Latte|||339|Jackets|7956151042243|248|7|7|21|32|181|2025-05-12||Love this jardigan! It’s a|Love this jardigan! It’s a perfect in between of comfort and professional! It’s also very soft.
MMLaFleur|https://mmlafleur.com/products/merritt-jardigan-latte|Merritt Wrap Jardigan :: Latte|||339|Jackets|7956151042243|248|7|7|21|32|181|2025-04-25||These items are perfect for|These items are perfect for traveling.
MMLaFleur|https://mmlafleur.com/products/woolf-black|Woolf Jardigan :: Black|||299|Knitwear|6725057544387|188|16|7|16|28|121|2025-05-04||Everyone should own one. Looks|Everyone should own one. Looks great and is very comfortable.
MMLaFleur|https://mmlafleur.com/products/woolf-black|Woolf Jardigan :: Black|||299|Knitwear|6725057544387|188|16|7|16|28|121|2025-03-29||Easy to wear with business|Easy to wear with business to casual outfits.
MMLaFleur|https://mmlafleur.com/products/woolf-black|Woolf Jardigan :: Black|||299|Knitwear|6725057544387|188|16|7|16|28|121|2025-02-12||Good quality, versatile piece for|Good quality, versatile piece for the office.
MMLaFleur|https://mmlafleur.com/products/woolf-black|Woolf Jardigan :: Black|||299|Knitwear|6725057544387|188|16|7|16|28|121|2025-02-01||I have several jardigans, with|I have several jardigans, with this style as my favorite. Everytime I wear it to work I receive several compliments. I do recommend sizing up.
MMLaFleur|https://mmlafleur.com/products/woolf-black|Woolf Jardigan :: Black|||299|Knitwear|6725057544387|188|16|7|16|28|121|2024-12-28||Just what I needed|Just what I needed
MMLaFleur|https://mmlafleur.com/products/olia-ecru-navy|Olia Breeze Skirt - Breeze Stripe :: Ecru/Navy|||329|Skirts|8117492613315|3|0|0|0|0|3|2025-06-10||really love this skirt|really love this skirt
MMLaFleur|https://mmlafleur.com/products/olia-ecru-navy|Olia Breeze Skirt - Breeze Stripe :: Ecru/Navy|||329|Skirts|8117492613315|3|0|0|0|0|3|2025-05-27||Perfect skirt, so versatile and|Perfect skirt, so versatile and so comfortable. Just got back from 10 days in Europe where I wore it several times. Very happy with my purchase!
MMLaFleur|https://mmlafleur.com/products/olia-ecru-navy|Olia Breeze Skirt - Breeze Stripe :: Ecru/Navy|||329|Skirts|8117492613315|3|0|0|0|0|3|2025-05-23||The Olia is a beautifully|The Olia is a beautifully constructed and comfortable skirt. I am looking forward to wearing it with both dressier and more casual tops in a range of settings through the summer months. The size I usually wear in MM pants worked for this skirt too.
MMLaFleur|https://mmlafleur.com/products/olia-natural|Olia Breeze Skirt - Cotton Viscose :: Natural|||299|Skirts|8067011182787|3|0|0|0|0|3|2025-06-10||really love this skirt|really love this skirt
MMLaFleur|https://mmlafleur.com/products/olia-natural|Olia Breeze Skirt - Cotton Viscose :: Natural|||299|Skirts|8067011182787|3|0|0|0|0|3|2025-05-27||Perfect skirt, so versatile and|Perfect skirt, so versatile and so comfortable. Just got back from 10 days in Europe where I wore it several times. Very happy with my purchase!
MMLaFleur|https://mmlafleur.com/products/olia-natural|Olia Breeze Skirt - Cotton Viscose :: Natural|||299|Skirts|8067011182787|3|0|0|0|0|3|2025-05-23||The Olia is a beautifully|The Olia is a beautifully constructed and comfortable skirt. I am looking forward to wearing it with both dressier and more casual tops in a range of settings through the summer months. The size I usually wear in MM pants worked for this skirt too.
MMLaFleur|https://mmlafleur.com/products/eva-lilac-ivory|Eva Skirt - Stretch Tweed :: Lilac/Ivory|||95|Skirts|7760767779011|1|0|0|0|1|0|2021-09-27||Interesting shape, flattering|Material was light and comfortable and shape was flattering. Ran “true to size” which me in MM would have required an 8 , but I only ordered a 6 ( I have pieces in S, many 6s and a 10.). I returned but would have exchanged if the top had worked with it for a full-suit. Skirt portion was lovely.
MMLaFleur|https://mmlafleur.com/products/meghan-black-topstitch|Meghan Midi Skirt - Everyday Crepe with Topstitch :: Black|||279|Skirts|8024758190275|2|0|0|0|1|1|2025-04-12||Beautiful skirt|I liked this skirt so much! I got it with the matching tie-neck blouse and they look as chic together as they do in the pictures. The slit down the front is flattering and sexy, but not too sexy considering the midi length of the skirt. That's kind of the sweet spot I am going for with my office attire! I deducted one star because while I had to purchase a Size 4 to fit my hips, it gapped quite a bit around my waist. This is normal for me - I have a big butt! and a comparatively small waist - but I usually don't experience this issue with MM clothes. I still kept the skirt because it is beautiful and I got it on sale.
MMLaFleur|https://mmlafleur.com/products/meghan-black-topstitch|Meghan Midi Skirt - Everyday Crepe with Topstitch :: Black|||279|Skirts|8024758190275|2|0|0|0|1|1|2025-02-02||Love everything about this skirt!|Love everything about this skirt! The shape and front slit are perfect, and the top-stitching makes it a great match paired with my Frankie.
MMLaFleur|https://mmlafleur.com/products/orchard-tan-black|Orchard Skirt - Washable Silk :: Sahara Print|||229|Skirts|7061537587395|50|4|2|7|17|20|2025-02-18||A beautiful item. I hesitated|A beautiful item. I hesitated purchasing because its pricey… and ideally should be lined… so 4 stars vs 5… but its a great cooor story/pattern that works with many other colors and I already see a ton of ways to style and wear it almost year-round! Do follow guidance on sizing as there’s no “give” in the waist.
MMLaFleur|https://mmlafleur.com/products/orchard-tan-black|Orchard Skirt - Washable Silk :: Sahara Print|||229|Skirts|7061537587395|50|4|2|7|17|20|2025-02-02||I love this skirt! I’ve|I love this skirt! I’ve been wanting to wear the long silky skirts that have been in style but hadn’t found one that worked. Every one I tried was too thin or became so full of static it stuck to my behind in an unattractive way. Not this one! It lays beautifully and I can wear it with or without tights. I’d buy multiple in if they had other patterns.
MMLaFleur|https://mmlafleur.com/products/orchard-tan-black|Orchard Skirt - Washable Silk :: Sahara Print|||229|Skirts|7061537587395|50|4|2|7|17|20|2024-11-08||Much longer (maxi length) on|Much longer (maxi length) on me, but beautiful.
MMLaFleur|https://mmlafleur.com/products/orchard-tan-black|Orchard Skirt - Washable Silk :: Sahara Print|||229|Skirts|7061537587395|50|4|2|7|17|20|2024-10-26||The zipper does pucker a|The zipper does pucker a bit but is not consequential. I do love the fit and feel! Very versatile!
MMLaFleur|https://mmlafleur.com/products/orchard-tan-black|Orchard Skirt - Washable Silk :: Sahara Print|||229|Skirts|7061537587395|50|4|2|7|17|20|2024-10-26||Beautiful skirt, but sizing is|Beautiful skirt, but sizing is different from other MM LaFleur items. Waist is strangely small for the size.
MMLaFleur|https://mmlafleur.com/products/cobble-hill-skirt-origami-suiting-olive|Cobble Hill Skirt - OrigamiTech :: Olive|||119|Skirts|6725150638275|47|2|1|8|4|32|2025-04-25||Perfect skirt for traveling|Perfect skirt for traveling
MMLaFleur|https://mmlafleur.com/products/cobble-hill-skirt-origami-suiting-olive|Cobble Hill Skirt - OrigamiTech :: Olive|||119|Skirts|6725150638275|47|2|1|8|4|32|2025-01-22||Beautiful skirt for the office!|Beautiful skirt for the office!
MMLaFleur|https://mmlafleur.com/products/cobble-hill-skirt-origami-suiting-olive|Cobble Hill Skirt - OrigamiTech :: Olive|||119|Skirts|6725150638275|47|2|1|8|4|32|2025-01-20||Classic look.|A very classic skirt. I love the side vents in the back. Looks expensive. Its a high rise skirt!
MMLaFleur|https://mmlafleur.com/products/cobble-hill-skirt-origami-suiting-olive|Cobble Hill Skirt - OrigamiTech :: Olive|||119|Skirts|6725150638275|47|2|1|8|4|32|2024-12-08||Classic style and works great|Classic style and works great with the other suiting pieces. I love the dark navy color and got the matching Yiyan blazer and Smith trouser. I had to size up to accommodate my wider hips and will need to get the waist taken in, so I wish MM LaFleur offered curvy fit bottoms, but I expected some tailoring. My measurements are 36-30-44 and I got a size 14 instead of my usual 10 curvy or 12 regular.
MMLaFleur|https://mmlafleur.com/products/cobble-hill-skirt-origami-suiting-olive|Cobble Hill Skirt - OrigamiTech :: Olive|||119|Skirts|6725150638275|47|2|1|8|4|32|2024-09-22||It's tight at top so|It's tight at top so I bought a size 8, but after wearing it once, the rest of the skirt felt billowy and oversized. I should have bought a 6. I can exchange it because I wore it once, so I'm stuck.
MMLaFleur|https://mmlafleur.com/products/harlem-skirt-black|Harlem Skirt - Jardigan Knit :: Black|||119|Skirts|6725045190851|49|2|2|3|12|30|2025-03-23|||So comfy! I am typically a 6 or medium bottom depending on the style. It is stretchy enough that it fits me at 4 months pregnant and should for awhile yet. Glad to have an option to wear during and after pregnancy.
MMLaFleur|https://mmlafleur.com/products/harlem-skirt-black|Harlem Skirt - Jardigan Knit :: Black|||119|Skirts|6725045190851|49|2|2|3|12|30|2024-11-13||The fabric weight is amazing.|The fabric weight is amazing. So comfy with polished look. I like the fold over waist band.
MMLaFleur|https://mmlafleur.com/products/harlem-skirt-black|Harlem Skirt - Jardigan Knit :: Black|||119|Skirts|6725045190851|49|2|2|3|12|30|2024-09-20||I love it. A friend|I love it. A friend said it was like wearing pajamas to work and she was right!
MMLaFleur|https://mmlafleur.com/products/harlem-skirt-black|Harlem Skirt - Jardigan Knit :: Black|||119|Skirts|6725045190851|49|2|2|3|12|30|2024-08-19||Great fit for work|I'm a size 4-6 and went with M. Happy with the fit as it looks smooth and no muffin top - good for work. The fold over waist rests flat on my tummy. Feels stretchy comfy & looks sleek elegant. Got in navy and beige and wish I had gotten one more fun color!
MMLaFleur|https://mmlafleur.com/products/harlem-skirt-black|Harlem Skirt - Jardigan Knit :: Black|||119|Skirts|6725045190851|49|2|2|3|12|30|2024-06-29||Great all season skirt|Fits true to size, I like that I can fold the waist wherever I want it, makes a huge difference in getting the right fit. The material is nice as a skirt, comfortable and just thick enough to camouflage flaws. I love the look and later ordered a matching jardigan. Great piece for all seasons. I will definitely order again in another color!
MMLaFleur|https://mmlafleur.com/products/amara-plaid|Amara Skirt - Knit Suiting :: Plaid|||149|Skirts|7957572976835|1|0|0|0|1|0|2025-01-15||I love the skirt. It’s|"I love the skirt. It’s beautiful. I will say, I have long legs and it comes down longer on me than on the model and I’m not petite. 
The side seam started to come out after the first wear and I had to take to a seamstress to have it fixed, which is frustrating."
MMLaFleur|https://mmlafleur.com/products/whitney-mini-check|Whitney Skirt - Stretch Twill - Mini Check|||109|Skirts|7920702554307|18|1|0|1|1|15|2025-03-13|||Fits perfectly. Beautiful fabric.
MMLaFleur|https://mmlafleur.com/products/whitney-mini-check|Whitney Skirt - Stretch Twill - Mini Check|||109|Skirts|7920702554307|18|1|0|1|1|15|2024-09-19||This skirt and the matching|This skirt and the matching jacket are both outstanding. Great, durable material with a little stretch and very warm.
MMLaFleur|https://mmlafleur.com/products/whitney-mini-check|Whitney Skirt - Stretch Twill - Mini Check|||109|Skirts|7920702554307|18|1|0|1|1|15|2024-09-12||Very cute, fit perfectly, but|Very cute, fit perfectly, but returned it because it’s extremely short. If you don’t mind a short skirt, it’s adorable!
MMLaFleur|https://mmlafleur.com/products/whitney-mini-check|Whitney Skirt - Stretch Twill - Mini Check|||109|Skirts|7920702554307|18|1|0|1|1|15|2024-09-11||Love this skirt, I just|"Love this skirt, I just wish more colors were available in my size! Perfect length for the office on my 5'3"" frame."
MMLaFleur|https://mmlafleur.com/products/whitney-mini-check|Whitney Skirt - Stretch Twill - Mini Check|||109|Skirts|7920702554307|18|1|0|1|1|15|2024-06-06||Comfortable, perfect length skirt|Love this material. Needed a good skirt for the office for summer. Perfect length and fabric for summer and I’m sure it will transition nicely in the fall with some tights. I’m 5’8 and 145, size four fit perfectly.
MMLaFleur|https://mmlafleur.com/products/teddy-navy-ivory|Teddy Breeze Jacket - Summer Pinstripe :: Navy/Ivory|||399|Jackets|8067012067523|2|0|0|0|0|2|2025-05-19||Gorgeous fabric and perfect for|Gorgeous fabric and perfect for adding a bit of polish to outfits in humid summer weather. I took my regular size for an intentionally oversized, breezy fit, but could have easily sized down one or two sizes.
MMLaFleur|https://mmlafleur.com/products/olia-ecru-navy|Olia Breeze Skirt - Breeze Stripe :: Ecru/Navy|||329|Skirts|8117492613315|3|0|0|0|0|3|2025-06-10||really love this skirt|really love this skirt
MMLaFleur|https://mmlafleur.com/products/olia-ecru-navy|Olia Breeze Skirt - Breeze Stripe :: Ecru/Navy|||329|Skirts|8117492613315|3|0|0|0|0|3|2025-05-27||Perfect skirt, so versatile and|Perfect skirt, so versatile and so comfortable. Just got back from 10 days in Europe where I wore it several times. Very happy with my purchase!
MMLaFleur|https://mmlafleur.com/products/olia-ecru-navy|Olia Breeze Skirt - Breeze Stripe :: Ecru/Navy|||329|Skirts|8117492613315|3|0|0|0|0|3|2025-05-23||The Olia is a beautifully|The Olia is a beautifully constructed and comfortable skirt. I am looking forward to wearing it with both dressier and more casual tops in a range of settings through the summer months. The size I usually wear in MM pants worked for this skirt too.
MMLaFleur|https://mmlafleur.com/products/tinsley-ecru-navy|Tinsley Wide-Leg Trouser - Breeze Stripe :: Ecru/Navy|||299|Pants|8093082353859|40|1|0|3|7|29|2025-05-24||Another triumphant piece in the|Another triumphant piece in the “looks professional but secretly feels like pajamas” category. The Tinsleys are simply sublime - cut, length, drape, versatility, fit - these are the dark horse pants at MM.
MMLaFleur|https://mmlafleur.com/products/tinsley-ecru-navy|Tinsley Wide-Leg Trouser - Breeze Stripe :: Ecru/Navy|||299|Pants|8093082353859|40|1|0|3|7|29|2025-05-18||Love these pants. Incredibly comfortable,|Love these pants. Incredibly comfortable, while also looking sleek and professional. Easy to wash too.
MMLaFleur|https://mmlafleur.com/products/tinsley-ecru-navy|Tinsley Wide-Leg Trouser - Breeze Stripe :: Ecru/Navy|||299|Pants|8093082353859|40|1|0|3|7|29|2025-05-18||Take the plunge and buy|Take the plunge and buy the ivory! They’re even more gorgeous in person and the fabric and fit is incredible. The Tinsleys and Hortons are my two MM pant powerhouses, and since these have inner snaps to adjust the hem, I find myself tilting ever more toward the versatility of theTinsleys to go between heels and flats. Another MM home run.
MMLaFleur|https://mmlafleur.com/products/angel-mixed-check|Angel Elegant Dress - Sharkskin :: Mixed Check|||279|Dresses|8024586289347|7|0|0|0|2|5|2025-05-18||Perfect dress for many occasions.|Perfect dress for many occasions. I love the wool twill fabric and the soft breathable lining.
MMLaFleur|https://mmlafleur.com/products/angel-mixed-check|Angel Elegant Dress - Sharkskin :: Mixed Check|||279|Dresses|8024586289347|7|0|0|0|2|5|2025-04-23||Classy and comfortable|"This dress is gorgeous.
Perfect for work with a jacket and a scarf in the evening.
Love love love it!!"
MMLaFleur|https://mmlafleur.com/products/angel-mixed-check|Angel Elegant Dress - Sharkskin :: Mixed Check|||279|Dresses|8024586289347|7|0|0|0|2|5|2025-03-29||Nice dress but really no|Nice dress but really no fair showing it on a size 2 model. It does not look nearly as good on me. Maybe a few images of these clothes on normal sized women would be more reasonable!!
MMLaFleur|https://mmlafleur.com/products/angel-mixed-check|Angel Elegant Dress - Sharkskin :: Mixed Check|||279|Dresses|8024586289347|7|0|0|0|2|5|2024-10-25||Elegant…great fabric…easy,to,wear..lovely lines|Elegant…great fabric…easy,to,wear..lovely lines
MMLaFleur|https://mmlafleur.com/products/angel-mixed-check|Angel Elegant Dress - Sharkskin :: Mixed Check|||279|Dresses|8024586289347|7|0|0|0|2|5|2024-04-07||Lovely dress, but needs work|"This dress is a lovely color! Unfortunately, the included belt is too wide for the ""belt loops"" and they instantly snapped off. They aren't really needed, as the belt stays in place on its own. The bodice is a little loose fitting, and puts too much of my decolletage on display (I do want to get ahead at work, but not like that!). This can be fixed, however, as I plan to have it altered to take 3 inches off the length and use the removed fabric to create a modesty panel. It's a great dress, though. The fabric feels really nice (if a bit heavy), the stitching is good and it looks like it would be easy to tailor. I would actually recommend that when buying pieces of this quality to size up, and then have the item tailored for a perfect fit."
MMLaFleur|https://mmlafleur.com/products/rina-mixed-check|Rina Sculptural Pant - Sharkskin :: Mixed Check|||219|Suiting|8022044344515|7|0|0|0|2|5|2025-05-28||I love these pants. Combined|I love these pants. Combined with the Bluebell Rossi jacket, this is my new power suit. I get compliments every time I wear it. The pants are very long. I’m 5’ 7’’ and I had to have a good 3 to 4 inches hemmed. However, once I got them to the right length, they are perfect and this is the outfit I wear on the days I need the most confidence.
MMLaFleur|https://mmlafleur.com/products/rina-mixed-check|Rina Sculptural Pant - Sharkskin :: Mixed Check|||219|Suiting|8022044344515|7|0|0|0|2|5|2025-05-03||Great fabric and color, and|"Great fabric and color, and the fit is really good too. They arrived excessively long, so I have to pay to get them hemmed, and I'm on the tall side (5' 6""), so that was a little disappointed. Note that these are really big and flowy, so if you don't like that look, don't buy them."
MMLaFleur|https://mmlafleur.com/products/rina-mixed-check|Rina Sculptural Pant - Sharkskin :: Mixed Check|||219|Suiting|8022044344515|7|0|0|0|2|5|2025-04-24||These are beautiful but they|"These are beautiful but they run small to MM sizing. I have 2 pairs of the Bia pants in size 4 and wear them very regularly and I also have the Milo jeans in size 4 (though I sometimes wish I had sized those up to a 6 for a bit looser fit). These I ordered up to a 6 and they were way too small. I returned for an 8 and they fit nicely now . So they are beautiful but run 2 sizes small. I also had to size up to an 8 in the matching Moreland Travel jacket and I am actually usually smaller on top than bottom. Always a Small or 2-4 in tops. It is great to have pants like the Bia and these in longer inseams though. These are just perfect for me at 5'9"" and 138 lbs."
MMLaFleur|https://mmlafleur.com/products/rina-mixed-check|Rina Sculptural Pant - Sharkskin :: Mixed Check|||219|Suiting|8022044344515|7|0|0|0|2|5|2025-04-22||Truly wash and wear (after drying)|"These trousers have a great style. The fabric hangs nicely and they are truly wash and wear. My skepticism turned to belief. Like all MM LaFleur clothes, the quality is high and the fabric lovely. I'm going to travel in these without worrying about wrinkles and washing.
The length is slightly long for my frame, so great for those gals with longer legs. We can always hem pants, but it is really hard to make them longer! The 8 is a perfect fit for my usually size 8 body."
MMLaFleur|https://mmlafleur.com/products/rina-mixed-check|Rina Sculptural Pant - Sharkskin :: Mixed Check|||219|Suiting|8022044344515|7|0|0|0|2|5|2025-04-21||Great & lightweight!|Great & lightweight!
MMLaFleur|https://mmlafleur.com/products/tyner-mixed-check|Tyner Director Blazer - Sharkskin :: Mixed Check|||329|Jackets|8024577278147|3|0|0|0|2|1|2025-04-21||Great smart jacket! Goes with|Great smart jacket! Goes with everything!!
MMLaFleur|https://mmlafleur.com/products/tyner-mixed-check|Tyner Director Blazer - Sharkskin :: Mixed Check|||329|Jackets|8024577278147|3|0|0|0|2|1|2025-03-03|||So happy with this—a little long but lovely
MMLaFleur|https://mmlafleur.com/products/tyner-mixed-check|Tyner Director Blazer - Sharkskin :: Mixed Check|||329|Jackets|8024577278147|3|0|0|0|2|1|2024-10-29||Great jacket, fantastic color, but|Great jacket, fantastic color, but this chino fabric was just too rigid for me as I like a drapier blazer. I ultimately returned this because what I really want is a chocolate brown Yiyan. I was hoping this would be an acceptable substitute, but no. I took my smaller MM size in this one.
MMLaFleur|https://mmlafleur.com/products/arlo-natural|Arlo Breeze Pant - Cotton Viscose :: Natural|||299|Pants|8055549886659|12|0|0|0|1|11|2025-05-10||Perfect Versatile Pants|I love everything about these pants. The drape, quality material. Great constriction and style. The green color is great with a crisp white shirt for work or a white tee with white sneaks for work. Very happy with them!
MMLaFleur|https://mmlafleur.com/products/olia-natural|Olia Breeze Skirt - Cotton Viscose :: Natural|||299|Skirts|8067011182787|3|0|0|0|0|3|2025-06-10||really love this skirt|really love this skirt
MMLaFleur|https://mmlafleur.com/products/olia-natural|Olia Breeze Skirt - Cotton Viscose :: Natural|||299|Skirts|8067011182787|3|0|0|0|0|3|2025-05-27||Perfect skirt, so versatile and|Perfect skirt, so versatile and so comfortable. Just got back from 10 days in Europe where I wore it several times. Very happy with my purchase!
MMLaFleur|https://mmlafleur.com/products/olia-natural|Olia Breeze Skirt - Cotton Viscose :: Natural|||299|Skirts|8067011182787|3|0|0|0|0|3|2025-05-23||The Olia is a beautifully|The Olia is a beautifully constructed and comfortable skirt. I am looking forward to wearing it with both dressier and more casual tops in a range of settings through the summer months. The size I usually wear in MM pants worked for this skirt too.
MMLaFleur|https://mmlafleur.com/products/teddy-jacket-natural|Teddy Breeze Jacket - Cotton Viscose :: Natural|||399|Suiting|8067012427971|2|0|0|0|0|2|2025-05-19||Gorgeous fabric and perfect for|Gorgeous fabric and perfect for adding a bit of polish to outfits in humid summer weather. I took my regular size for an intentionally oversized, breezy fit, but could have easily sized down one or two sizes.
MMLaFleur|https://mmlafleur.com/products/horton-saddle|Horton Flare Trouser - Washable Wool Twill :: Saddle|||299|Suiting|8024639471811|84|2|3|3|15|61|2025-05-24||Fantastic construction and flattering fit|"Fantastic construction and flattering fit that makes you legs look long. I'm only 5'2"" so I needed to hem it, but it didn't loose the great flared shape. I love that it has lining and didn't find it too warm, which I thought might be a problem in the very warm climate I'm in. I liked it so much I bought in black too. Only gripe is the material picks up lint and pet hair easily."
MMLaFleur|https://mmlafleur.com/products/horton-saddle|Horton Flare Trouser - Washable Wool Twill :: Saddle|||299|Suiting|8024639471811|84|2|3|3|15|61|2025-03-24||I have been waiting for|I have been waiting for a good sale and reason to purchase the navy Horton Flare trousers. I have them in lilac or violet and love the fit. The material is lightweight and the color is right on spot. This style pant is my favorite. However, I did purchase a size bigger and will have to alter the length. Overall great material. I will have these for years.
MMLaFleur|https://mmlafleur.com/products/horton-saddle|Horton Flare Trouser - Washable Wool Twill :: Saddle|||299|Suiting|8024639471811|84|2|3|3|15|61|2025-03-07||I took a chance on|I took a chance on these and will keep them because I like the feel of the knit suiting and i like the look of the full suit in plaid. The high rise feels good. That being said, I had to size down and will still have to get the waist taken in. I'm a true US4, and went with US2 in the hortons.
MMLaFleur|https://mmlafleur.com/products/horton-saddle|Horton Flare Trouser - Washable Wool Twill :: Saddle|||299|Suiting|8024639471811|84|2|3|3|15|61|2025-02-04||Beautiful cut and material.|"Material is amazing and flow of the leg. Flare was nice as well and feel against skin. 
Bought the last larger size - 14. But it’s quite big on me. May alter or have to return."
MMLaFleur|https://mmlafleur.com/products/horton-saddle|Horton Flare Trouser - Washable Wool Twill :: Saddle|||299|Suiting|8024639471811|84|2|3|3|15|61|2025-01-25||Awesome|Awesome
MMLaFleur|https://mmlafleur.com/products/smith-saddle|Smith Straight Trouser - Washable Wool Twill :: Saddle|||289|Suiting|8036849615043|68|3|0|2|7|56|2025-05-24||Excellent quality and the lining|Excellent quality and the lining will help it last. The weight is substantial but not overly warm. It seems quite breathable. I bought these in black previously so I knew size 00 would be perfect with only hemming needed (I'm 5'2'). I would not wash these by hand or in a machine since my experience with my black pair is that it will shrink.
MMLaFleur|https://mmlafleur.com/products/smith-saddle|Smith Straight Trouser - Washable Wool Twill :: Saddle|||289|Suiting|8036849615043|68|3|0|2|7|56|2025-05-16||Great versatile pant. Perfect weight|Great versatile pant. Perfect weight fabric.
MMLaFleur|https://mmlafleur.com/products/smith-saddle|Smith Straight Trouser - Washable Wool Twill :: Saddle|||289|Suiting|8036849615043|68|3|0|2|7|56|2025-05-15||This is a Straight Leg Horton|"I'm 5'6"" 150# ""athletic build"", waist 29"", hip 40"", thigh 24"", bust 36. 5"". I ordered a size 6. 

This pant is very similar to the Horton Flare but has a straight leg. I own Horton Flare in a size 4, and I needed a size 4 for this too because the 6 was too big in the waist. I returned because of fit and the fact they were so similar to pants I already owned."
MMLaFleur|https://mmlafleur.com/products/smith-saddle|Smith Straight Trouser - Washable Wool Twill :: Saddle|||289|Suiting|8036849615043|68|3|0|2|7|56|2025-05-09||Lovely fabric. Just didn’t fit|Lovely fabric. Just didn’t fit my curvy frame.
MMLaFleur|https://mmlafleur.com/products/smith-saddle|Smith Straight Trouser - Washable Wool Twill :: Saddle|||289|Suiting|8036849615043|68|3|0|2|7|56|2025-05-04||Professional looking, well-styled and easy|Professional looking, well-styled and easy to care for. Perfect!
MMLaFleur|https://mmlafleur.com/products/yasmine-saddle|Yasmine Blazer - Wool Twill :: Saddle|||499|Jackets|8023705583811|26|0|0|0|6|20|2025-05-24||"I am 5'2"" and 104#"|"I am 5'2"" and 104# and this blazer in size 00 is perfect, no alterations needed. I previously bought this in black and came back to buy it in navy. It is a truly deep neutral navy that works on cooler skin tones. The material is substantial, yet it was not too hot in the warm climate I'm in. The quality is excellent and the stretch seams make it very comfortable. The only thing I don't love is the material picks up lint and pet hair easily. I wish it came in more ""fun"" colors."
MMLaFleur|https://mmlafleur.com/products/yasmine-saddle|Yasmine Blazer - Wool Twill :: Saddle|||499|Jackets|8023705583811|26|0|0|0|6|20|2025-05-05||Love it. Had to size|Love it. Had to size up to close the buttons. Arrived a little wrinkly but not a deal breaker.
MMLaFleur|https://mmlafleur.com/products/yasmine-saddle|Yasmine Blazer - Wool Twill :: Saddle|||499|Jackets|8023705583811|26|0|0|0|6|20|2025-01-10|||Excellent material and fit
MMLaFleur|https://mmlafleur.com/products/yasmine-saddle|Yasmine Blazer - Wool Twill :: Saddle|||499|Jackets|8023705583811|26|0|0|0|6|20|2024-07-24||The most comfortable blazer|"I just upgraded my suiting to these from MM and can't believe how comfortable I am in them. I usually size up in suit jackets because without stretch I get uncomfortable and squirmy (ADHD) and I feel so much better wearing the right size now! The stretch in these suits are such a relief.

I'm 5'5"" and got one Yiyan and one Yasmine in different colors -- I'm right between normal and petite sizing depending on the item, and like having the variety. With my longer Yiyan I wear skinnier cut pants, and straight/wide leg with my Yasmine."
MMLaFleur|https://mmlafleur.com/products/yasmine-saddle|Yasmine Blazer - Wool Twill :: Saddle|||499|Jackets|8023705583811|26|0|0|0|6|20|2024-07-12|||Love the stretch inside the lining. Great jacket for suiting or with jeans or a dress!
MMLaFleur|https://mmlafleur.com/products/yiyan-dark-navy|Yiyan Classic Blazer - Wool Twill :: Dark Navy|||499|Jackets|7200942948547|72|2|5|5|13|47|2025-05-18||Perfect jacket! Great fabric!|Perfect jacket! Great fabric!
MMLaFleur|https://mmlafleur.com/products/cobble-hill-dark-navy|Cobble Hill Skirt - Washable Wool Twill :: Dark Navy|||239|Suiting|7200724287683|47|2|1|8|4|32|2025-04-25||Perfect skirt for traveling|Perfect skirt for traveling
MMLaFleur|https://mmlafleur.com/products/cobble-hill-dark-navy|Cobble Hill Skirt - Washable Wool Twill :: Dark Navy|||239|Suiting|7200724287683|47|2|1|8|4|32|2025-01-22||Beautiful skirt for the office!|Beautiful skirt for the office!
MMLaFleur|https://mmlafleur.com/products/cobble-hill-dark-navy|Cobble Hill Skirt - Washable Wool Twill :: Dark Navy|||239|Suiting|7200724287683|47|2|1|8|4|32|2025-01-20||Classic look.|A very classic skirt. I love the side vents in the back. Looks expensive. Its a high rise skirt!
MMLaFleur|https://mmlafleur.com/products/cobble-hill-dark-navy|Cobble Hill Skirt - Washable Wool Twill :: Dark Navy|||239|Suiting|7200724287683|47|2|1|8|4|32|2024-12-08||Classic style and works great|Classic style and works great with the other suiting pieces. I love the dark navy color and got the matching Yiyan blazer and Smith trouser. I had to size up to accommodate my wider hips and will need to get the waist taken in, so I wish MM LaFleur offered curvy fit bottoms, but I expected some tailoring. My measurements are 36-30-44 and I got a size 14 instead of my usual 10 curvy or 12 regular.
MMLaFleur|https://mmlafleur.com/products/cobble-hill-dark-navy|Cobble Hill Skirt - Washable Wool Twill :: Dark Navy|||239|Suiting|7200724287683|47|2|1|8|4|32|2024-09-22||It's tight at top so|It's tight at top so I bought a size 8, but after wearing it once, the rest of the skirt felt billowy and oversized. I should have bought a 6. I can exchange it because I wore it once, so I'm stuck.
MMLaFleur|https://mmlafleur.com/products/rosie-dark-navy|Rosie Dress - Washable Wool Twill :: Dark Navy|||179|Suiting|7603516571843|7|0|1|0|2|4|2024-03-05||Very beautiful dress in my|Very beautiful dress in my favorite wool twill fabric, but unfortunately the dress was a bit too short for me. I would love to see a similar dress in the same fabric, but with a slightly longer length.
MMLaFleur|https://mmlafleur.com/products/rosie-dark-navy|Rosie Dress - Washable Wool Twill :: Dark Navy|||179|Suiting|7603516571843|7|0|1|0|2|4|2024-03-05||Very beautiful dress and very|Very beautiful dress and very nice fabric, but unfortunately, the dress was too short for me. The neckline was also a bit too wide for me. I would love to see similar dresses in the same wool twill fabric with a slightly longer length!
MMLaFleur|https://mmlafleur.com/products/rosie-dark-navy|Rosie Dress - Washable Wool Twill :: Dark Navy|||179|Suiting|7603516571843|7|0|1|0|2|4|2024-02-04||Easy work dress|I got this in Shiraz and am very pleased with the color and fit, which is flattering but not tight. While it is several inches above the knee, it is still long enough to be professional on me (and I am not a petite). Would buy again in other colors.
MMLaFleur|https://mmlafleur.com/products/rosie-dark-navy|Rosie Dress - Washable Wool Twill :: Dark Navy|||179|Suiting|7603516571843|7|0|1|0|2|4|2023-12-10||Beautiful Dress|I am so glad I took a chance on this dress. It is one of the nicest MMLF pieces I own, along with the Yasmine Blazer. The quality is outstanding, the styling is minimalist perfection, and the fabric has a wonderful drape and hand feel. Machine washable care is the icing on the cake. I have only worn this twice so far and have had complements all day long each time. The cut elongates the legs and feels very Claire Underwood-esque.
MMLaFleur|https://mmlafleur.com/products/rosie-dark-navy|Rosie Dress - Washable Wool Twill :: Dark Navy|||179|Suiting|7603516571843|7|0|1|0|2|4|2023-11-24|||The Rosie dress is a gorgeous dress and in washable wool - it’s smart and fits like a dream. Another great cut for a shorter frame like mine!
MMLaFleur|https://mmlafleur.com/products/mejia-dark-navy|Mejia Pant - Washable Wool Twill :: Dark Navy|||289|Pants|7200922501315|107|5|2|9|15|76|2025-05-26||I won’t know until I|I won’t know until I wear it, but I chose it for the fabric and the styling. I assume it will be great.
MMLaFleur|https://mmlafleur.com/products/neale-dark-navy|Neale Jacket - Wool Twill :: Dark Navy|||359|Suiting|7957330034883|29|2|0|1|5|21|2025-05-18||Nice jacket, easy to wear|Nice jacket, easy to wear over the Cynthia dress!
MMLaFleur|https://mmlafleur.com/products/neale-dark-navy|Neale Jacket - Wool Twill :: Dark Navy|||359|Suiting|7957330034883|29|2|0|1|5|21|2025-05-12||Great jacket. Exactly what I|Great jacket. Exactly what I was looking for when wearing dresses to work!
MMLaFleur|https://mmlafleur.com/products/neale-dark-navy|Neale Jacket - Wool Twill :: Dark Navy|||359|Suiting|7957330034883|29|2|0|1|5|21|2025-03-29||Nice cut, great material. Not|Nice cut, great material. Not really worth the price though.
MMLaFleur|https://mmlafleur.com/products/neale-dark-navy|Neale Jacket - Wool Twill :: Dark Navy|||359|Suiting|7957330034883|29|2|0|1|5|21|2024-12-15||I appreciate the pants very|I appreciate the pants very good fit and feel. As well as the reliable comfort and class in all garments purchased from MM LaFleur.
MMLaFleur|https://mmlafleur.com/products/neale-dark-navy|Neale Jacket - Wool Twill :: Dark Navy|||359|Suiting|7957330034883|29|2|0|1|5|21|2024-11-18|||The jacket was a gift for my daughter for an interview, the fit and look were perfect.
MMLaFleur|https://mmlafleur.com/products/cynthia-dark-navy|Cynthia Dress - Washable Wool Twill :: Dark Navy|||339|Dresses|7836106784963|36|1|3|5|4|23|2025-05-31||Stunning dress|Stunning dress
MMLaFleur|https://mmlafleur.com/products/cynthia-dark-navy|Cynthia Dress - Washable Wool Twill :: Dark Navy|||339|Dresses|7836106784963|36|1|3|5|4|23|2025-05-18||Perfect office dress! Makes a|Perfect office dress! Makes a great suit with the Neale or Yiyan Jacket! I love the wool twill fabric!
MMLaFleur|https://mmlafleur.com/products/cynthia-dark-navy|Cynthia Dress - Washable Wool Twill :: Dark Navy|||339|Dresses|7836106784963|36|1|3|5|4|23|2024-08-12||Great Dress!|Looks just as pictured/described and for once required no altering! The measurements the company provided matched the dress perfectly.
MMLaFleur|https://mmlafleur.com/products/cynthia-dark-navy|Cynthia Dress - Washable Wool Twill :: Dark Navy|||339|Dresses|7836106784963|36|1|3|5|4|23|2024-05-31||Fits perfect. No tailoring even|Fits perfect. No tailoring even needed.
MMLaFleur|https://mmlafleur.com/products/cynthia-dark-navy|Cynthia Dress - Washable Wool Twill :: Dark Navy|||339|Dresses|7836106784963|36|1|3|5|4|23|2024-04-17||Special dress|This dress makes me feel special! It fits like it was tailored to my body! This piece will play an important role in my new capsule!
MMLaFleur|https://mmlafleur.com/products/elena-prussian-blue|Elena Travel Culotte - OrigamiTech :: Prussian Blue|||269|Pants|8024725389507|76|0|0|1|10|65|2025-05-28||Multi-Use Piece You Must Have|A great piece to add to your collection! The fit and fabric are beautiful - the feel and weight are luxe. My normal size fit perfectly. I've worn the culotte casually with flats and a sweater and dressier with heels and a blazer. I felt confident and professional, and very up to date. The MML clothes in my closet never fail me - I can always count on looking sharp!
MMLaFleur|https://mmlafleur.com/products/elena-prussian-blue|Elena Travel Culotte - OrigamiTech :: Prussian Blue|||269|Pants|8024725389507|76|0|0|1|10|65|2025-05-26||Chameleon Style|These pants are exceptional. The waist is comfortable but polished. The feel is lightweight yet substantial. The look can transition from work with the matching blazer to more casual wear with a tee and sweatshirt. I find myself enjoying this style with the Para pullover. The care (machine washable) is awesome. The feel is lightweight yet substantial.
MMLaFleur|https://mmlafleur.com/products/elena-prussian-blue|Elena Travel Culotte - OrigamiTech :: Prussian Blue|||269|Pants|8024725389507|76|0|0|1|10|65|2025-05-23||These pants are amazing. They|These pants are amazing. They are comfortable and chic and feel so soft and non-constricting. I can dress them up and down and look all out together.
MMLaFleur|https://mmlafleur.com/products/elena-prussian-blue|Elena Travel Culotte - OrigamiTech :: Prussian Blue|||269|Pants|8024725389507|76|0|0|1|10|65|2025-05-23||Usually Travel items from other|Usually Travel items from other brands get pilling between the thighs and these don't do that. They were super comfy for a series of flights and could we reworn later in the trip with tennis shoes or flats, Happy with the color. Super versatile without being boring black.
MMLaFleur|https://mmlafleur.com/products/elena-prussian-blue|Elena Travel Culotte - OrigamiTech :: Prussian Blue|||269|Pants|8024725389507|76|0|0|1|10|65|2025-05-23||Love these pants and how|Love these pants and how easy they are to put on and style for work. Now need them in multiple colors.
MMLaFleur|https://mmlafleur.com/products/lancia-prussian-blue|Lancia Travel Dress - OrigamiTech :: Prussian Blue|||259|Dresses|8024652677315|27|0|0|0|3|24|2025-05-10||Flattering fit! breathable fabric good|Flattering fit! breathable fabric good for all seasons of professional travel
MMLaFleur|https://mmlafleur.com/products/lancia-prussian-blue|Lancia Travel Dress - OrigamiTech :: Prussian Blue|||259|Dresses|8024652677315|27|0|0|0|3|24|2025-05-09||Love origami tech for travel.|Love origami tech for travel. And it has pockets! Easy yet professional.
MMLaFleur|https://mmlafleur.com/products/lancia-prussian-blue|Lancia Travel Dress - OrigamiTech :: Prussian Blue|||259|Dresses|8024652677315|27|0|0|0|3|24|2025-05-06||Loved this dress and excited|Loved this dress and excited to wear it. Flattering but modest cut. Ordered in size 16 and fit well in the shoulders and chest even on my busty frame. The everyday crepe fabric is stretchy and light but still feels substantial. Not a fan on the contrasting topstitch, but the black is still professional.
MMLaFleur|https://mmlafleur.com/products/lancia-prussian-blue|Lancia Travel Dress - OrigamiTech :: Prussian Blue|||259|Dresses|8024652677315|27|0|0|0|3|24|2025-04-28||What a great fit and|What a great fit and look! Love the color!
MMLaFleur|https://mmlafleur.com/products/lancia-prussian-blue|Lancia Travel Dress - OrigamiTech :: Prussian Blue|||259|Dresses|8024652677315|27|0|0|0|3|24|2025-04-26||Beautifully made. Simple and easy|Beautifully made. Simple and easy to wear. Very professional looking.
MMLaFleur|https://mmlafleur.com/products/moreland-prussian-blue|Moreland Travel Blazer - OrigamiTech :: Prussian Blue|||349|Suiting|8024727388355|282|4|6|12|35|225|2025-06-10||I do like the blazer.|I do like the blazer. Wore it to an official business event paired with a skirt. It was a hot and hit day but the blazer was comfortable. I likest he versatility of it and it wears comfortably
MMLaFleur|https://mmlafleur.com/products/moreland-prussian-blue|Moreland Travel Blazer - OrigamiTech :: Prussian Blue|||349|Suiting|8024727388355|282|4|6|12|35|225|2025-05-22||Mixed Review|This suit ended up being more informal than anticipated. It is fine for the day of travel to sit on a plane or train, but isn’t appropriate for a business meeting. The jacket is probably better with a dress than with the accompanying pants.
MMLaFleur|https://mmlafleur.com/products/moreland-prussian-blue|Moreland Travel Blazer - OrigamiTech :: Prussian Blue|||349|Suiting|8024727388355|282|4|6|12|35|225|2025-05-21||Fab suit|Love MM always…and this suit is perfect for everyday and especially for travel! Just wore to a conference, and just did a quick iron job on it before wearing it and I was good to go! Love it super comfy and I feel like a star in it!
MMLaFleur|https://mmlafleur.com/products/moreland-prussian-blue|Moreland Travel Blazer - OrigamiTech :: Prussian Blue|||349|Suiting|8024727388355|282|4|6|12|35|225|2025-05-19||Love this suit. I get|Love this suit. I get so many compliments when I wear it. The fit is perfect.
MMLaFleur|https://mmlafleur.com/products/moreland-prussian-blue|Moreland Travel Blazer - OrigamiTech :: Prussian Blue|||349|Suiting|8024727388355|282|4|6|12|35|225|2025-05-18||love it- great fit! right|love it- great fit! right weight
MMLaFleur|https://mmlafleur.com/products/rina-olive|Rina Sculptural Pant - OrigamiTech :: Olive|||279|Suiting|8022044147907|7|0|0|0|2|5|2025-05-28||I love these pants. Combined|I love these pants. Combined with the Bluebell Rossi jacket, this is my new power suit. I get compliments every time I wear it. The pants are very long. I’m 5’ 7’’ and I had to have a good 3 to 4 inches hemmed. However, once I got them to the right length, they are perfect and this is the outfit I wear on the days I need the most confidence.
MMLaFleur|https://mmlafleur.com/products/rina-olive|Rina Sculptural Pant - OrigamiTech :: Olive|||279|Suiting|8022044147907|7|0|0|0|2|5|2025-05-03||Great fabric and color, and|"Great fabric and color, and the fit is really good too. They arrived excessively long, so I have to pay to get them hemmed, and I'm on the tall side (5' 6""), so that was a little disappointed. Note that these are really big and flowy, so if you don't like that look, don't buy them."
MMLaFleur|https://mmlafleur.com/products/rina-olive|Rina Sculptural Pant - OrigamiTech :: Olive|||279|Suiting|8022044147907|7|0|0|0|2|5|2025-04-24||These are beautiful but they|"These are beautiful but they run small to MM sizing. I have 2 pairs of the Bia pants in size 4 and wear them very regularly and I also have the Milo jeans in size 4 (though I sometimes wish I had sized those up to a 6 for a bit looser fit). These I ordered up to a 6 and they were way too small. I returned for an 8 and they fit nicely now . So they are beautiful but run 2 sizes small. I also had to size up to an 8 in the matching Moreland Travel jacket and I am actually usually smaller on top than bottom. Always a Small or 2-4 in tops. It is great to have pants like the Bia and these in longer inseams though. These are just perfect for me at 5'9"" and 138 lbs."
MMLaFleur|https://mmlafleur.com/products/rina-olive|Rina Sculptural Pant - OrigamiTech :: Olive|||279|Suiting|8022044147907|7|0|0|0|2|5|2025-04-22||Truly wash and wear (after drying)|"These trousers have a great style. The fabric hangs nicely and they are truly wash and wear. My skepticism turned to belief. Like all MM LaFleur clothes, the quality is high and the fabric lovely. I'm going to travel in these without worrying about wrinkles and washing.
The length is slightly long for my frame, so great for those gals with longer legs. We can always hem pants, but it is really hard to make them longer! The 8 is a perfect fit for my usually size 8 body."
MMLaFleur|https://mmlafleur.com/products/rina-olive|Rina Sculptural Pant - OrigamiTech :: Olive|||279|Suiting|8022044147907|7|0|0|0|2|5|2025-04-21||Great & lightweight!|Great & lightweight!
MMLaFleur|https://mmlafleur.com/products/ayla-olive|Ayla Travel Jacket - OrigamiTech :: Olive|||349|Jackets|8022045098179|3|0|0|0|0|3|2025-05-22||Chic and good fit.|Chic and good fit.
MMLaFleur|https://mmlafleur.com/products/ayla-olive|Ayla Travel Jacket - OrigamiTech :: Olive|||349|Jackets|8022045098179|3|0|0|0|0|3|2025-04-13||I purchased this in the|I purchased this in the OrigamiTech fabric in Olive. It runs large. I sized down one. If my shoulders were not as broad/arms muscular, I would have tried sizing down two sizes. Despite that--it is a really cute and versatile jacket in a good neutral color.
MMLaFleur|https://mmlafleur.com/products/ayla-olive|Ayla Travel Jacket - OrigamiTech :: Olive|||349|Jackets|8022045098179|3|0|0|0|0|3|2025-04-03||.|.
MMLaFleur|https://mmlafleur.com/products/cobble-hill-skirt-origami-suiting-olive|Cobble Hill Skirt - OrigamiTech :: Olive|||119|Skirts|6725150638275|47|2|1|8|4|32|2025-04-25||Perfect skirt for traveling|Perfect skirt for traveling
MMLaFleur|https://mmlafleur.com/products/cobble-hill-skirt-origami-suiting-olive|Cobble Hill Skirt - OrigamiTech :: Olive|||119|Skirts|6725150638275|47|2|1|8|4|32|2025-01-22||Beautiful skirt for the office!|Beautiful skirt for the office!
MMLaFleur|https://mmlafleur.com/products/cobble-hill-skirt-origami-suiting-olive|Cobble Hill Skirt - OrigamiTech :: Olive|||119|Skirts|6725150638275|47|2|1|8|4|32|2025-01-20||Classic look.|A very classic skirt. I love the side vents in the back. Looks expensive. Its a high rise skirt!
MMLaFleur|https://mmlafleur.com/products/cobble-hill-skirt-origami-suiting-olive|Cobble Hill Skirt - OrigamiTech :: Olive|||119|Skirts|6725150638275|47|2|1|8|4|32|2024-12-08||Classic style and works great|Classic style and works great with the other suiting pieces. I love the dark navy color and got the matching Yiyan blazer and Smith trouser. I had to size up to accommodate my wider hips and will need to get the waist taken in, so I wish MM LaFleur offered curvy fit bottoms, but I expected some tailoring. My measurements are 36-30-44 and I got a size 14 instead of my usual 10 curvy or 12 regular.
MMLaFleur|https://mmlafleur.com/products/cobble-hill-skirt-origami-suiting-olive|Cobble Hill Skirt - OrigamiTech :: Olive|||119|Skirts|6725150638275|47|2|1|8|4|32|2024-09-22||It's tight at top so|It's tight at top so I bought a size 8, but after wearing it once, the rest of the skirt felt billowy and oversized. I should have bought a 6. I can exchange it because I wore it once, so I'm stuck.
MMLaFleur|https://mmlafleur.com/products/colby-pant-origami-suiting-olive|Colby Travel Pant - OrigamiTech :: Olive|||249|Suiting|7675763294403|190|10|8|11|22|139|2025-06-03||great travel pants and great|great travel pants and great pants in general- with jacket that matches, this makes a great suit to take and wear anywhere. I had two of them on a 3 week European trip and they were great!! - pants alone with a sweater or pants and jacket as a suit in th evening- always felt “dressed” and no wrinkles. .
MMLaFleur|https://mmlafleur.com/products/colby-pant-origami-suiting-olive|Colby Travel Pant - OrigamiTech :: Olive|||249|Suiting|7675763294403|190|10|8|11|22|139|2025-05-28||I have several OrigamiTech pants|I have several OrigamiTech pants and jackets and I love them for traveling and everyday. The berry jam pants, which I purchased on final sale, are gorgeous. The color is much richer than shown - so versatile with taupe, black, navy. Another addition to my growing collection.
MMLaFleur|https://mmlafleur.com/products/gwynne-olive|Gwynne Dress - OrigamiTech :: Olive|||269|Suiting|7956149272771|31|0|0|2|11|18|2024-11-27||Bought this as a Christmas|Bought this as a Christmas gift for daughter. I can't review at this time.
MMLaFleur|https://mmlafleur.com/products/gwynne-olive|Gwynne Dress - OrigamiTech :: Olive|||269|Suiting|7956149272771|31|0|0|2|11|18|2024-09-22||Is it a dress? A coat? A jacket? Yes|I got the maroon in size 2. I usually wear 2 or 4 in dresses. Fabric has a bit of give and ample allowance of the backside when belted. I like the formality and timeless structure and always in market for dresses with sleeves. A keeper. Might even pick up in another color.
MMLaFleur|https://mmlafleur.com/products/gwynne-olive|Gwynne Dress - OrigamiTech :: Olive|||269|Suiting|7956149272771|31|0|0|2|11|18|2024-09-16||A lovely dress--so well made--and|"A lovely dress--so well made--and fit perfectly. Great length for me (5'5"")"
MMLaFleur|https://mmlafleur.com/products/gwynne-olive|Gwynne Dress - OrigamiTech :: Olive|||269|Suiting|7956149272771|31|0|0|2|11|18|2024-08-19||Perfect Travel Dress/Jacket Combo|"I love a wrinkle-resistant, multi-tasking garment for travel and this is perfect! I was on the fence between the new, longer version and this one but went with Olive since I wanted something that can go with black or navy for travel. As with everything MM LaFleur, the quality is beautiful. The fabric is the perfect thickness, not so thick that it makes you look bulky with it buttoned as a dress, but thick enough to work as a jacket. Very comfortable and not too short for me to wear without tights. This will work for a business event and also for daytime over a t-shirt and jeans. Tailored without being uncomfortable to raise my arms. I am 5'3"" usually take a 6 or 8 in MM LaFleur, purchased a 6."
MMLaFleur|https://mmlafleur.com/products/gwynne-olive|Gwynne Dress - OrigamiTech :: Olive|||269|Suiting|7956149272771|31|0|0|2|11|18|2024-07-28||Very wrinkled|Love the idea of a 2 in 1 piece and it being easy for travel and packing. The bummer- the arm length is a bit short for me and the next size up was huge. Unfortunately both sizes arrived super wrinkled. Seems contradictory to the design.
MMLaFleur|https://mmlafleur.com/products/maaza-dress-origamitech-olive|Maaza Travel Dress - OrigamiTech :: Olive|||249|Suiting|6891091099843|147|4|4|6|15|118|2025-04-25||This is my first Mazaa|This is my first Mazaa in the Origami Tech fabric, and I love how comfortable this dress is. I wish there would be more colors. Please make the Mazaa also in Prussian Blue!
MMLaFleur|https://mmlafleur.com/products/maaza-dress-origamitech-olive|Maaza Travel Dress - OrigamiTech :: Olive|||249|Suiting|6891091099843|147|4|4|6|15|118|2025-04-09||Professional and comfortable dress. Great|Professional and comfortable dress. Great length just above knee (5’5”). Love the stretch, the pockets and that it is machine washable. I have two of the Maaza dresses and one Lancia dress. I’ve switched my entire work wardrobe to Origami Tech.
MMLaFleur|https://mmlafleur.com/products/maaza-dress-origamitech-olive|Maaza Travel Dress - OrigamiTech :: Olive|||249|Suiting|6891091099843|147|4|4|6|15|118|2025-03-31||Very elegant and flattering style,|Very elegant and flattering style, quality fabric.
MMLaFleur|https://mmlafleur.com/products/artemis-olive|Artemis Travel Dress - OrigamiTech :: Olive|||369|Dresses|8022043984067|2|0|0|0|0|2|2025-05-02||The fabric is essentially athletic|The fabric is essentially athletic fabric in the best way: a much cooler & more comfortable dress for summer that would also work for other seasons. It has some stretch and fits my shoulders and arms (often a struggle).
MMLaFleur|https://mmlafleur.com/products/artemis-olive|Artemis Travel Dress - OrigamiTech :: Olive|||369|Dresses|8022043984067|2|0|0|0|0|2|2025-03-23||Gorgeous dress! I love the|Gorgeous dress! I love the overall styling and the sleeves. The origami tech fabric is always fabulous and it works especially well for this dress. It’s TTS for me - I took my usual size 6.
MMLaFleur|https://mmlafleur.com/products/cassandra-olive|Cassandra Dress - OrigamiTech :: Olive|||259|Dresses|7000233377987|21|0|0|0|6|15|2025-04-27||I love this dress. I’m|I love this dress. I’m 5’10” and it hits at mid calf. The fabric is smooth and lightweight and the color is lovely. I know I’ll get a lot of wear out of this piece!
MMLaFleur|https://mmlafleur.com/products/cassandra-olive|Cassandra Dress - OrigamiTech :: Olive|||259|Dresses|7000233377987|21|0|0|0|6|15|2024-09-26|||I expected a better quality in fabric. I was disappointed but noticed that the dress was well made.
MMLaFleur|https://mmlafleur.com/products/cassandra-olive|Cassandra Dress - OrigamiTech :: Olive|||259|Dresses|7000233377987|21|0|0|0|6|15|2024-08-10||Good fit. Beautiful color|Good fit. Beautiful color
MMLaFleur|https://mmlafleur.com/products/cassandra-olive|Cassandra Dress - OrigamiTech :: Olive|||259|Dresses|7000233377987|21|0|0|0|6|15|2024-07-22||Love the length!|I’m 5’9” 150 lbs (ordered size 6) and love the length of this dress, feels professional and elegant. The linen is great for warm summer commutes to the office. The plaque of fabric inside the dress where the buttons stopped kept getting caught on my knees when I walked, which was annoying, so had a tailor tack it down along with taking in the bust a bit. Overall a good dress to pick up in sale
MMLaFleur|https://mmlafleur.com/products/cassandra-olive|Cassandra Dress - OrigamiTech :: Olive|||259|Dresses|7000233377987|21|0|0|0|6|15|2024-05-15||Narrow through the chest|High quality product, love the neckline and the ability to wear open or buttoned. However, it runs really small in the bust. Tried two different sizes, and still didn't fit, and the second size was too large in the waist/hips. If you are larger busted, not the item for you. But didn't want to ding it too hard since it is a lovely piece, just didn't fit me
MMLaFleur|https://mmlafleur.com/products/aniya-bluebell|Aniya Crop Jacket - Wool Twill :: Bluebell|||369|Jackets|8023714398403|8|0|0|0|3|5|2025-04-12||This is my second Aniya|This is my second Aniya because I’ve discovered the value of having a cropped jacket with great lines in my rotation, especially with dresses and high waisted pants. The measurements are a bit different than the first iteration and I’m pleasantly surprised that it still works just fine on my long-ish torso. The black/white crosshatch is a nice neutral that I can pair with navy or black. It’s that classic style that reminds me of (in a very good way) of my grandmother’s stylish outfits.
MMLaFleur|https://mmlafleur.com/products/aniya-bluebell|Aniya Crop Jacket - Wool Twill :: Bluebell|||369|Jackets|8023714398403|8|0|0|0|3|5|2025-04-09||Loved the color and the|Loved the color and the fabric. However, the shoulder pads made me look like a line backer. I returned it.
MMLaFleur|https://mmlafleur.com/products/aniya-bluebell|Aniya Crop Jacket - Wool Twill :: Bluebell|||369|Jackets|8023714398403|8|0|0|0|3|5|2025-04-04||Minor alterations needed as shoulders|Minor alterations needed as shoulders are too padded/wide and sleeves too long for petite frame but Bluebell color is gorgeous and length is great. Love the cloth buttons. Bought the pants to make a suit and it will be a great outfit for spring and summer.
MMLaFleur|https://mmlafleur.com/products/aniya-bluebell|Aniya Crop Jacket - Wool Twill :: Bluebell|||369|Jackets|8023714398403|8|0|0|0|3|5|2025-03-31||Gorgeous jacket! The color and|Gorgeous jacket! The color and craftsmanship are even better in person. It is true to size and exceptionally flattering.
MMLaFleur|https://mmlafleur.com/products/aniya-bluebell|Aniya Crop Jacket - Wool Twill :: Bluebell|||369|Jackets|8023714398403|8|0|0|0|3|5|2025-03-22||Needs a good steam and|Needs a good steam and the sleeves shortened, but otherwise beautiful color and good fit
MMLaFleur|https://mmlafleur.com/products/rina-bluebell|Rina Sculptural Pant - Washable Wool Twill :: Bluebell|||339|Suiting|8022044803267|7|0|0|0|2|5|2025-05-28||I love these pants. Combined|I love these pants. Combined with the Bluebell Rossi jacket, this is my new power suit. I get compliments every time I wear it. The pants are very long. I’m 5’ 7’’ and I had to have a good 3 to 4 inches hemmed. However, once I got them to the right length, they are perfect and this is the outfit I wear on the days I need the most confidence.
MMLaFleur|https://mmlafleur.com/products/rina-bluebell|Rina Sculptural Pant - Washable Wool Twill :: Bluebell|||339|Suiting|8022044803267|7|0|0|0|2|5|2025-05-03||Great fabric and color, and|"Great fabric and color, and the fit is really good too. They arrived excessively long, so I have to pay to get them hemmed, and I'm on the tall side (5' 6""), so that was a little disappointed. Note that these are really big and flowy, so if you don't like that look, don't buy them."
MMLaFleur|https://mmlafleur.com/products/rina-bluebell|Rina Sculptural Pant - Washable Wool Twill :: Bluebell|||339|Suiting|8022044803267|7|0|0|0|2|5|2025-04-24||These are beautiful but they|"These are beautiful but they run small to MM sizing. I have 2 pairs of the Bia pants in size 4 and wear them very regularly and I also have the Milo jeans in size 4 (though I sometimes wish I had sized those up to a 6 for a bit looser fit). These I ordered up to a 6 and they were way too small. I returned for an 8 and they fit nicely now . So they are beautiful but run 2 sizes small. I also had to size up to an 8 in the matching Moreland Travel jacket and I am actually usually smaller on top than bottom. Always a Small or 2-4 in tops. It is great to have pants like the Bia and these in longer inseams though. These are just perfect for me at 5'9"" and 138 lbs."
MMLaFleur|https://mmlafleur.com/products/rina-bluebell|Rina Sculptural Pant - Washable Wool Twill :: Bluebell|||339|Suiting|8022044803267|7|0|0|0|2|5|2025-04-22||Truly wash and wear (after drying)|"These trousers have a great style. The fabric hangs nicely and they are truly wash and wear. My skepticism turned to belief. Like all MM LaFleur clothes, the quality is high and the fabric lovely. I'm going to travel in these without worrying about wrinkles and washing.
The length is slightly long for my frame, so great for those gals with longer legs. We can always hem pants, but it is really hard to make them longer! The 8 is a perfect fit for my usually size 8 body."
MMLaFleur|https://mmlafleur.com/products/rina-bluebell|Rina Sculptural Pant - Washable Wool Twill :: Bluebell|||339|Suiting|8022044803267|7|0|0|0|2|5|2025-04-21||Great & lightweight!|Great & lightweight!
MMLaFleur|https://mmlafleur.com/products/bronny-black-white|Bronny Cummerbund Trouser - Porto Weave :: Black/White|||199|Pants|8022044639427|1|0|0|0|1|0|2025-03-25||Fantastic style, but definitely order|Fantastic style, but definitely order a size (or two!) up.
MMLaFleur|https://mmlafleur.com/products/emery-black-white|Emery Safari Blazer - Porto Weave :: Black/White|||299|Jackets|8022044868803|2|0|0|0|0|2|2025-04-30||Love it for travel!|I always seem to need a jacket to fly and this jacket was SO versatile. It looked great with black and gray slacks as well as my Filomina blouse in white!!
MMLaFleur|https://mmlafleur.com/products/emery-black-white|Emery Safari Blazer - Porto Weave :: Black/White|||299|Jackets|8022044868803|2|0|0|0|0|2|2025-04-26||Fits perfectly and works right|Fits perfectly and works right into the rotation easy to dress up or down. Looks polished as a suit and easy with jeans and separates
MMLaFleur|https://mmlafleur.com/products/athena-ginger|Athena Jetset Blazer - Everyday Crepe with Topstitch :: Ginger|||349|Jackets|8022044836035|1|0|0|0|0|1|2025-04-09||Love it|"I bought this jacket as part of the suit (with the Lowen Jetset Pants) and I love both pieces. The color is beautiful, a touch more rust-toned in person, as opposed to a bright orange. The fit is close to the body and streamlined, but not tight (fabric is slightly stretchy). I wore it on a short commuter flight heading to a court appearance, and to court. It was super comfortable, did not wrinkle, and I received no less than five compliments. It fits true to size (I'm size 12, with a curvy/athletic build). At 5' 8"", the pants are the right length for me to wear with flats or heels, which is ideal if you want to wear the suit when you are traveling. More colors in both the jacket and pants, please!"
MMLaFleur|https://mmlafleur.com/products/lowen-ginger|Lowen Jetset Pant - Everyday Crepe with Topstitch :: Ginger|||199|Suiting|8024745967811|4|0|0|0|0|4|2025-05-24||Gorgeous pant with a slimmer|Gorgeous pant with a slimmer fit through the thighs and subtle flare at the bottom. The ginger is a fabulous, fun color. I sized up for a more fluid fit, but could have gone with my regular MM pants size.
MMLaFleur|https://mmlafleur.com/products/lowen-ginger|Lowen Jetset Pant - Everyday Crepe with Topstitch :: Ginger|||199|Suiting|8024745967811|4|0|0|0|0|4|2025-05-23||So many complements!|I bought this suit for a big speaking event, and got a slew of complements. Color is fabulous, and I love the details like the snaps on the pants that allow you to adjust length without hemming. I don’t usually wear a jacket cut so long, given that I’m short, but worked well.
MMLaFleur|https://mmlafleur.com/products/lowen-ginger|Lowen Jetset Pant - Everyday Crepe with Topstitch :: Ginger|||199|Suiting|8024745967811|4|0|0|0|0|4|2025-05-16||Needed a black straight leg|Needed a black straight leg pant that could do double duty between business casual and evening glam and this pant with the crepe fabric and top stitching suits both perfectly. Fits well, true to size, length adjustable for shoe height variable, will travel well because wrinkle resistant. Wish it were available in cream or egg shell for spring/summer. Very chic but also comfy.
MMLaFleur|https://mmlafleur.com/products/lowen-ginger|Lowen Jetset Pant - Everyday Crepe with Topstitch :: Ginger|||199|Suiting|8024745967811|4|0|0|0|0|4|2025-04-14||Best Suit Ever!!|Best Suit Ever!!
MMLaFleur|https://mmlafleur.com/products/rossi-bluebell|Rossi Executive Blazer - Wool Twill :: Bluebell|||529|Jackets|8022044475587|10|0|0|0|1|9|2025-06-04||First and second purchase was|First and second purchase was the blazer and matching pants. Absolutely beautiful and well made. On to my next purchase…. .
MMLaFleur|https://mmlafleur.com/products/rossi-bluebell|Rossi Executive Blazer - Wool Twill :: Bluebell|||529|Jackets|8022044475587|10|0|0|0|1|9|2025-05-31||Perfect jacket to grab and go|Love the length works great over slimmer skirts and pants.
MMLaFleur|https://mmlafleur.com/products/russell-bluebell|Russell Button Down - Washable Wool Twill :: Bluebell|||299|Tops|8024745803971|3|0|0|0|0|3|2025-04-21||Gorgeous color|Love the fabric and fit of this shirt. Looks professional, but is very comfortable. Color is fantastic. Runs very large. I ordered a size smaller than my normal.
MMLaFleur|https://mmlafleur.com/products/russell-bluebell|Russell Button Down - Washable Wool Twill :: Bluebell|||299|Tops|8024745803971|3|0|0|0|0|3|2025-04-12||Loved color and jacket. Returned|Loved color and jacket. Returned for smaller size, much too big and hoping for right fit.
MMLaFleur|https://mmlafleur.com/products/russell-bluebell|Russell Button Down - Washable Wool Twill :: Bluebell|||299|Tops|8024745803971|3|0|0|0|0|3|2025-03-29||This Shacket style is a|This Shacket style is a sleeper hit and a perfect addition to my power casual wardrobe. The wool is substantial yet refined, not too thick. I love wearing it as an easy layer over other tops for both warmth and style. It runs large, so went with a small rather than my usual medium. The color is absolutely gorgeous l, complements many others and will play well for most seasons. Perfect for 60 degree weather.
MMLaFleur|https://mmlafleur.com/products/tessa-bluebell|Tessa Kick Flare Trouser - Washable Wool Twill :: Bluebell|||279|Pants|8024746000579|5|0|0|0|2|3|2025-05-28||I love these pants, there|"I love these pants, there aren’t very many styles I can wear without alterations but the Tessa is luckily one of those that fits just right. 
I love the fabric as well, it’s soft and beautiful and washable and the color is absolutely amazing."
MMLaFleur|https://mmlafleur.com/products/tessa-bluebell|Tessa Kick Flare Trouser - Washable Wool Twill :: Bluebell|||279|Pants|8024746000579|5|0|0|0|2|3|2025-05-14||I love these trousers! I|I love these trousers! I bought the Rina Sculptural Pant to go with the Rossi Executive Blazer, but I like these pants with the suit jacket even better. I have an athletic/lanky build and these fit perfectly. Material is gorgeous and I received many compliments on the color.
MMLaFleur|https://mmlafleur.com/products/tessa-bluebell|Tessa Kick Flare Trouser - Washable Wool Twill :: Bluebell|||279|Pants|8024746000579|5|0|0|0|2|3|2025-05-04||Love the length and the|Love the length and the color. These are my new faves!
MMLaFleur|https://mmlafleur.com/products/tessa-bluebell|Tessa Kick Flare Trouser - Washable Wool Twill :: Bluebell|||279|Pants|8024746000579|5|0|0|0|2|3|2025-04-12||Great color and feel. They|Great color and feel. They fit perfectly but I didn’t like how the pockets seemed to bulge, even tho they were not tight. I did size up as recommended. They went back sadly.
MMLaFleur|https://mmlafleur.com/products/tessa-bluebell|Tessa Kick Flare Trouser - Washable Wool Twill :: Bluebell|||279|Pants|8024746000579|5|0|0|0|2|3|2025-04-09||Nice material, great color|Wanted to love these pants, but they have pockets on the hips. I have hips. Pockets on the hips always stick out on me. I ordered a size larger, but despite being extremely loose, the pockets still stuck out. I can't justify the additional $80 in tailoring to get the pockets sewn shut and to hem them to a manageable length.
MMLaFleur|https://mmlafleur.com/products/bia-black-topstitch|Bia Pleated Trouser - Everyday Crepe with Topstitch :: Black|||349|Suiting|8099878633667|32|0|0|1|8|23|2025-05-31||Fantastic pants! True to size|Fantastic pants! True to size and love the wide leg style with the draping of this fabrication.
MMLaFleur|https://mmlafleur.com/products/ohara-black-topstitch|O'Hara Boyfriend Blazer - Everyday Crepe with Topstitch :: Black|||399|Suiting|8023699718339|79|1|1|8|13|56|2025-05-01||The quality of the blazer|"The quality of the blazer is great. The sizing is large. In retrospect, I should've exchanged it for a smaller size. I am 5'7"" and 145lbs, athletic build. The size 6 on me is BIG. I recommend sizing down."
MMLaFleur|https://mmlafleur.com/products/ohara-black-topstitch|O'Hara Boyfriend Blazer - Everyday Crepe with Topstitch :: Black|||399|Suiting|8023699718339|79|1|1|8|13|56|2025-04-18||I|I
MMLaFleur|https://mmlafleur.com/products/ohara-black-topstitch|O'Hara Boyfriend Blazer - Everyday Crepe with Topstitch :: Black|||399|Suiting|8023699718339|79|1|1|8|13|56|2025-04-04||Love it. I’ve been wearing|Love it. I’ve been wearing it every office day since I got it. Crushed my presentation to c-suite in it
MMLaFleur|https://mmlafleur.com/products/ohara-black-topstitch|O'Hara Boyfriend Blazer - Everyday Crepe with Topstitch :: Black|||399|Suiting|8023699718339|79|1|1|8|13|56|2025-03-26||I really liked this blazer.|I really liked this blazer. I got a ten and it draped beautifully, not to tight. HOWEVER, I wanted to use it as part of a suit and there were not any matching pants that I could find
MMLaFleur|https://mmlafleur.com/products/ohara-black-topstitch|O'Hara Boyfriend Blazer - Everyday Crepe with Topstitch :: Black|||399|Suiting|8023699718339|79|1|1|8|13|56|2025-03-17||Nice and light-weight. The fit|Nice and light-weight. The fit is definitely on the boxy side. Looks good with the pants and the dress.
MMLaFleur|https://mmlafleur.com/products/elena-crepe-black|Elena Travel Culotte - Everyday Crepe :: Black|||299|Suiting|7961782845635|76|0|0|1|10|65|2025-05-28||Multi-Use Piece You Must Have|A great piece to add to your collection! The fit and fabric are beautiful - the feel and weight are luxe. My normal size fit perfectly. I've worn the culotte casually with flats and a sweater and dressier with heels and a blazer. I felt confident and professional, and very up to date. The MML clothes in my closet never fail me - I can always count on looking sharp!
MMLaFleur|https://mmlafleur.com/products/elena-crepe-black|Elena Travel Culotte - Everyday Crepe :: Black|||299|Suiting|7961782845635|76|0|0|1|10|65|2025-05-26||Chameleon Style|These pants are exceptional. The waist is comfortable but polished. The feel is lightweight yet substantial. The look can transition from work with the matching blazer to more casual wear with a tee and sweatshirt. I find myself enjoying this style with the Para pullover. The care (machine washable) is awesome. The feel is lightweight yet substantial.
MMLaFleur|https://mmlafleur.com/products/elena-crepe-black|Elena Travel Culotte - Everyday Crepe :: Black|||299|Suiting|7961782845635|76|0|0|1|10|65|2025-05-23||These pants are amazing. They|These pants are amazing. They are comfortable and chic and feel so soft and non-constricting. I can dress them up and down and look all out together.
MMLaFleur|https://mmlafleur.com/products/elena-crepe-black|Elena Travel Culotte - Everyday Crepe :: Black|||299|Suiting|7961782845635|76|0|0|1|10|65|2025-05-23||Usually Travel items from other|Usually Travel items from other brands get pilling between the thighs and these don't do that. They were super comfy for a series of flights and could we reworn later in the trip with tennis shoes or flats, Happy with the color. Super versatile without being boring black.
MMLaFleur|https://mmlafleur.com/products/elena-crepe-black|Elena Travel Culotte - Everyday Crepe :: Black|||299|Suiting|7961782845635|76|0|0|1|10|65|2025-05-23||Love these pants and how|Love these pants and how easy they are to put on and style for work. Now need them in multiple colors.
MMLaFleur|https://mmlafleur.com/products/carmela-black-topstitch|Carmela Streamline Dress - Everyday Crepe with Topstitch :: Black|||379|Dresses|8022044246211|3|0|0|0|0|3|2025-05-01||I love this dress. It's|"I love this dress. It's elegant and classy. I am 5'7"" and 145lbs. I ordered the 8 and it fits, but I think I probably could've sized down with no issues. Basically, it runs a little big, but not so big that I am swimming in it."
MMLaFleur|https://mmlafleur.com/products/carmela-black-topstitch|Carmela Streamline Dress - Everyday Crepe with Topstitch :: Black|||379|Dresses|8022044246211|3|0|0|0|0|3|2025-04-06||Love, love, love this dress!|Love, love, love this dress!
MMLaFleur|https://mmlafleur.com/products/carmela-black-topstitch|Carmela Streamline Dress - Everyday Crepe with Topstitch :: Black|||379|Dresses|8022044246211|3|0|0|0|0|3|2025-01-26||The lines, oh my. Simply|The lines, oh my. Simply a stunner of a dress.
MMLaFleur|https://mmlafleur.com/products/lancia-black-topstitch|Lancia Travel Dress - Everyday Crepe with Topstitch :: Black|||299|Suiting|8022886744259|27|0|0|0|3|24|2025-05-10||Flattering fit! breathable fabric good|Flattering fit! breathable fabric good for all seasons of professional travel
MMLaFleur|https://mmlafleur.com/products/lancia-black-topstitch|Lancia Travel Dress - Everyday Crepe with Topstitch :: Black|||299|Suiting|8022886744259|27|0|0|0|3|24|2025-05-09||Love origami tech for travel.|Love origami tech for travel. And it has pockets! Easy yet professional.
MMLaFleur|https://mmlafleur.com/products/lancia-black-topstitch|Lancia Travel Dress - Everyday Crepe with Topstitch :: Black|||299|Suiting|8022886744259|27|0|0|0|3|24|2025-05-06||Loved this dress and excited|Loved this dress and excited to wear it. Flattering but modest cut. Ordered in size 16 and fit well in the shoulders and chest even on my busty frame. The everyday crepe fabric is stretchy and light but still feels substantial. Not a fan on the contrasting topstitch, but the black is still professional.
MMLaFleur|https://mmlafleur.com/products/lancia-black-topstitch|Lancia Travel Dress - Everyday Crepe with Topstitch :: Black|||299|Suiting|8022886744259|27|0|0|0|3|24|2025-04-28||What a great fit and|What a great fit and look! Love the color!
MMLaFleur|https://mmlafleur.com/products/lancia-black-topstitch|Lancia Travel Dress - Everyday Crepe with Topstitch :: Black|||299|Suiting|8022886744259|27|0|0|0|3|24|2025-04-26||Beautifully made. Simple and easy|Beautifully made. Simple and easy to wear. Very professional looking.
MMLaFleur|https://mmlafleur.com/products/meghan-black-topstitch|Meghan Midi Skirt - Everyday Crepe with Topstitch :: Black|||279|Skirts|8024758190275|2|0|0|0|1|1|2025-04-12||Beautiful skirt|I liked this skirt so much! I got it with the matching tie-neck blouse and they look as chic together as they do in the pictures. The slit down the front is flattering and sexy, but not too sexy considering the midi length of the skirt. That's kind of the sweet spot I am going for with my office attire! I deducted one star because while I had to purchase a Size 4 to fit my hips, it gapped quite a bit around my waist. This is normal for me - I have a big butt! and a comparatively small waist - but I usually don't experience this issue with MM clothes. I still kept the skirt because it is beautiful and I got it on sale.
MMLaFleur|https://mmlafleur.com/products/meghan-black-topstitch|Meghan Midi Skirt - Everyday Crepe with Topstitch :: Black|||279|Skirts|8024758190275|2|0|0|0|1|1|2025-02-02||Love everything about this skirt!|Love everything about this skirt! The shape and front slit are perfect, and the top-stitching makes it a great match paired with my Frankie.
MMLaFleur|https://mmlafleur.com/products/sedgwick-belt-suede-black|Sedgwick Belt - Suede :: Black|||119|Accessories|6891090018499|3|0|0|0|0|3|2022-12-10||All purpose belt|I can use this for so many winter occasions. Good investment piece.
MMLaFleur|https://mmlafleur.com/products/sedgwick-belt-suede-black|Sedgwick Belt - Suede :: Black|||119|Accessories|6891090018499|3|0|0|0|0|3|2022-07-23||Nice quality belt|The belt looks nice. No vanity sizing. I needed to get a large (usually medium else where)
MMLaFleur|https://mmlafleur.com/products/sedgwick-belt-suede-black|Sedgwick Belt - Suede :: Black|||119|Accessories|6891090018499|3|0|0|0|0|3|2022-04-10||ice belt!|I've worn this a few times and it's a nice width for me - not too wide, not too narrow. It matches black suede shoes that I have and completes the outfit!
MMLaFleur|https://mmlafleur.com/products/beebe-belt-tan|Beebe Belt :: Tan|||50|Accessories|6891090116803|27|1|2|2|8|14|2025-04-25||Nicely made and true to|Nicely made and true to size- I wear an 8 in pants/dresses and a 6 in tops and bought this waist belt in a medium to cinch in dresses and blazers. Would have preferred the belt if it was slightly narrower and perhaps with gold or black hardware for the black leather option.
MMLaFleur|https://mmlafleur.com/products/beebe-belt-tan|Beebe Belt :: Tan|||50|Accessories|6891090116803|27|1|2|2|8|14|2024-09-17||On the smaller side.|On the smaller side.
MMLaFleur|https://mmlafleur.com/products/beebe-belt-tan|Beebe Belt :: Tan|||50|Accessories|6891090116803|27|1|2|2|8|14|2024-08-12||Beautiful Belt with Size Chart that could be improved with more details|"Gorgeous belt. The back of it was very smooth--something that another review had me worried about. I have a 30"" waist on my ideal days. I had to put this on the very largest hole to wear comfortably. Second hole in was corset-ish. I agonized over whether to choose M or L when ordering. I guess I should have tried L? I returned because if I am bloated in anyway this would not work and sometimes those are exactly the days you would want to suck in/cover with a wide belt. 

I wish the size chart gave the length of the belt and the hole positions, as it would have made my choices more obvious with my tape measure at home."
MMLaFleur|https://mmlafleur.com/products/beebe-belt-tan|Beebe Belt :: Tan|||50|Accessories|6891090116803|27|1|2|2|8|14|2023-12-08||Perfect!|Great belt...just the right width and very well made. This is my first order with M.M. Lafleur and won't be the last.
MMLaFleur|https://mmlafleur.com/products/beebe-belt-tan|Beebe Belt :: Tan|||50|Accessories|6891090116803|27|1|2|2|8|14|2023-12-08||Looks good|The belt looked nice. Had to exchange for a different size.
MMLaFleur|https://mmlafleur.com/products/garrett-belt-black|Garrett Belt :: Black|||40|Accessories|6725173346499|5|0|0|0|1|4|2022-10-05||Goes with everything belt|Love this. I wear it with dresses and pants. Recently paired with black etsuko dress and created a nice tone on tone look.
MMLaFleur|https://mmlafleur.com/products/garrett-belt-black|Garrett Belt :: Black|||40|Accessories|6725173346499|5|0|0|0|1|4|2022-08-23||If you’re not a belt wearer this could be your belt|I dont wear belts but love this- it has stretch ( but doesn’t look like a stretch belt) so it fits well, doesn’t ride up or gap. I purchased this to add polish to outfits as I return to work after lockdown and will incorporate it into many outfits.
MMLaFleur|https://mmlafleur.com/products/garrett-belt-black|Garrett Belt :: Black|||40|Accessories|6725173346499|5|0|0|0|1|4|2022-08-13||Could be longer|I got the XXL, my usual size with MM Lafleur, and while it technically fit, it could have been longer. Which would allow for more options in terms of ways to wear it. The body of the belt does not appear to be leather, just the covered buckle and tip. I do like a covered buckle. But it is a nice quality and very comfortable because of the stretch.
MMLaFleur|https://mmlafleur.com/products/garrett-belt-black|Garrett Belt :: Black|||40|Accessories|6725173346499|5|0|0|0|1|4|2022-07-31||Great adjustable belt!|Most belts are too big on me but this one adjusts regardless. Why not make this in red?
MMLaFleur|https://mmlafleur.com/products/garrett-belt-black|Garrett Belt :: Black|||40|Accessories|6725173346499|5|0|0|0|1|4|2022-07-23||Surprisingly stretchy belt|Since there are no holes, the blet can be worn at any point along the belt. Although it is leather, it is stretchy.
MMLaFleur|https://mmlafleur.com/products/wide-stitched-belt-black|Wide Stitched Belt :: Black|||130|Accessories|6725134450883|7|0|0|1|0|6|2025-05-01||Love the belt! I did|Love the belt! I did order a medium and was shocked that I had to exchange it for a large. It definitely runs small. Quality is terrific.
MMLaFleur|https://mmlafleur.com/products/wide-stitched-belt-black|Wide Stitched Belt :: Black|||130|Accessories|6725134450883|7|0|0|1|0|6|2024-09-08||Evelvates many dresses. Very versatile|Evelvates many dresses. Very versatile
MMLaFleur|https://mmlafleur.com/products/wide-stitched-belt-black|Wide Stitched Belt :: Black|||130|Accessories|6725134450883|7|0|0|1|0|6|2023-08-13||Love this belt. Runs a|Love this belt. Runs a bit small but it’s so elegant and flattering.
MMLaFleur|https://mmlafleur.com/products/wide-stitched-belt-black|Wide Stitched Belt :: Black|||130|Accessories|6725134450883|7|0|0|1|0|6|2022-08-11||Love the dress. I love|Love the dress. I love the belt, but I am so short-waisted that it doesn't look good on me.
MMLaFleur|https://mmlafleur.com/products/wide-stitched-belt-black|Wide Stitched Belt :: Black|||130|Accessories|6725134450883|7|0|0|1|0|6|2022-03-18||nice belt!|I bought this in XS, which is my normal size, and it fit me fine. I wondered about going for the S, but I do have a pretty small waist so the XS was a good choice. One thing about this belt is that it only has three holes. anyway, I have worn this several times and I am really enjoying it!
MMLaFleur|https://mmlafleur.com/products/wide-strap-belt-black|Wide Strap Belt :: Black|||60|Accessories|6725101420739|8|0|1|1|0|6|2023-12-01||Nice belt|Fits well. True to size chart. Well made. Wish I had bought the brown, too.
MMLaFleur|https://mmlafleur.com/products/wide-strap-belt-black|Wide Strap Belt :: Black|||60|Accessories|6725101420739|8|0|1|1|0|6|2023-07-04||Forever Accessory|Soft, flexible but sturdy leather. Just what I was hoping for in a quality belt so hard to find in ladies fashion. Why do men seem to get the only real leather belts these days? Shipped with care. Metal buckle protected with special wrapping. Matches my loafers perfectly! Great buy. Will be a forever piece.
MMLaFleur|https://mmlafleur.com/products/wide-strap-belt-black|Wide Strap Belt :: Black|||60|Accessories|6725101420739|8|0|1|1|0|6|2022-12-10||Good quality but runs really|Good quality but runs really small. I have a small waste at first small barely fit.
MMLaFleur|https://mmlafleur.com/products/wide-strap-belt-black|Wide Strap Belt :: Black|||60|Accessories|6725101420739|8|0|1|1|0|6|2022-09-27||Versatile Belt|This belt has quickly become my go-to belt. It looks great with jeans and all of my many pairs of the Meja pant. The color is rich and works with all other colors and shades. The belt is true to size.
MMLaFleur|https://mmlafleur.com/products/wide-strap-belt-black|Wide Strap Belt :: Black|||60|Accessories|6725101420739|8|0|1|1|0|6|2019-11-27||Love it!|Perfect belt for pants, or for belting a dress or sweater!
MMLaFleur|https://mmlafleur.com/products/desk-blotter-leather-caramel|Desk Blotter - Leather :: Caramel|||30|Accessories|6816920404163|1|0|0|0|0|1|2024-06-15|||So beautiful! Great quality
MMLaFleur|https://mmlafleur.com/products/pen-holder-leather-caramel|Pen Holder - Leather :: Caramel|||15|Accessories|6816920305859|1|0|0|0|0|1|2024-06-15|||Better than expected so absolutely beautiful
MMLaFleur|https://mmlafleur.com/products/passport-holder-kidskin-deep-green|Passport Holder - Kidskin :: Deep Green|||35|Accessories|6816920273091|2|0|0|0|1|1|2022-02-05||Thoughtfully designed passport case|High quality leather and nice design. The interior pockets accommodate the passport, receipts and slots for credit cards. It's beautiful and functional — everything I expect from MM.
MMLaFleur|https://mmlafleur.com/products/passport-holder-kidskin-deep-green|Passport Holder - Kidskin :: Deep Green|||35|Accessories|6816920273091|2|0|0|0|1|1|2022-01-21||Great purchase!|Just the best fit for carrying important travel and identification documents - a forever home to protect my passport, identity cards, cash and other papers and makes it a breeze carrying everything in one compact holder. Love the classic design and sophisticated look, appreciate the cloth bag it comes in to also protect the material of the holder itself. A long-lasting quality purchase, this one!
MMLaFleur|https://mmlafleur.com/products/ribbed-cashmere-socks-heather-gray|Ribbed Cashmere Socks :: Heather Gray|||40|Accessories|6725183471811|3|0|0|1|0|2|2022-01-25||Good buy|Goes with everything, nice and warm!
MMLaFleur|https://mmlafleur.com/products/ribbed-cashmere-socks-heather-gray|Ribbed Cashmere Socks :: Heather Gray|||40|Accessories|6725183471811|3|0|0|1|0|2|2022-01-25||Socks|Lovely socks 🧦, nice and warm.
MMLaFleur|https://mmlafleur.com/products/ribbed-cashmere-socks-heather-gray|Ribbed Cashmere Socks :: Heather Gray|||40|Accessories|6725183471811|3|0|0|1|0|2|2022-01-21||Dry clean only for socks???|Dry clean only for socks??? That was not the case with previous cashmere socks from MM.
MMLaFleur|https://mmlafleur.com/products/threads-opaque-tights-black|Threads Tights - Opaque :: Black|||15|Accessories|6780183380163|1|0|0|0|1|0|2022-01-26||They’re nice tights.|They’re nice tights.
MMLaFleur|https://mmlafleur.com/products/circle-cable-gloves-chianti|Circle Cable Gloves - Cashmere :: Chianti|||25|Accessories|7000232001731|1|0|0|0|0|1|2022-01-29||Warm and elegant|I love these cashmere gloves. I've never had gloves that are this long before, but they fit very nicely and keep my entire hand and wrist warm.
MMLaFleur|https://mmlafleur.com/products/packable-bag-big-origami-suiting-olive|Packable Bag Big - OrigamiTech :: Olive|||5|Accessories|6725154537667|1|0|0|0|1|0|2022-02-06||Functional|I like the packable bag. On the rare occasions where I travel these days, this bag keeps outfits organized.
