unique_id|competitor_name|extraction_date|product_name|brand|brand_type|grammage_quantity|grammage_unit|producthierarchy_level1|producthierarchy_level2|producthierarchy_level3|producthierarchy_level4|regular_price|selling_price|price_was|promotion_price|promotion_valid_from|promotion_valid_upto|promotion_type|percentage_discount|promotion_description|price_per_unit|currency|beadcrumb|pdp_url|Fat %|variants|product_description|instructions|storage_instructions|country_of_origin|allergens|nutritional_score|organictype|file_name_1|upc|ingredients|servings_per_pack
526386|albert_heijn|None|Lay's Paprika flavour value pack|Lay's|None|300.0|Gram|Home|Producten|Borrel, chips, snacks|Chips|2.49|2.49|||||None|||8.3 per KG|€||https://www.ah.nl/producten/product/wi526386/paprika-flavour-value-pack|27|None|Aardappelchips met paprikasmaak Geweldige smaak, minder zout** **Minstens 25% minder zout dan gewone aardappelchips. Verpakt onder beschermende atmosfeer.||Koel en droog bewaren.|None|None|B|Non-Organic|None|None|Ingrediënten: aardappelen, plantaardige oliën (zonnebloem, koolzaad, in wisselende hoeveelheden), paprikasmaak [suiker, zout, paprikapoeder, kaliumchloride, uienpoeder, aroma's, fructose, knoflookpoeder, kleurstof (paprika-extract), voedingszuur (citroenzuur), gerookte paprikapoeder], antioxidanten (extracten van rozemarijn, ascorbinezuur, tocoferolrijk extract, citroenzuur).|100 Gram
553924|albert_heijn|None|Croky Paprika|Croky|None|300.0|Gram|Home|Producten|Borrel, chips, snacks|Chips|2.59|2.59|||||None|||8.63 per KG|€||https://www.ah.nl/producten/product/wi553924/paprika|29|None|Aardappelchips met paprikasmaak. Verpakt onder beschermende atmosfeer.||Koel en droog bewaren.|None|None|D|Non-Organic|None|None|Ingrediënten: aardappelen, zonnebloemolie, paprikakruiding (zout, specerijen (0,8% paprika), suiker, dextrose, maïsbloem, smaakversterker (mononatriumglutamaat), kaliumchloride, aroma's, zuurteregelaar (natriumacetaten), voedingszuur (citroenzuur, appelzuur), zoetstof (stevioglycosiden), rookaroma).|100 Gram
442596|albert_heijn|None|Lay's Bugles nacho cheese|Lay's|None|160.0|Gram|Home|Producten|Borrel, chips, snacks|Chips|2.65|2.65|||||None|||16.56 per KG|€||https://www.ah.nl/producten/product/wi442596/bugles-nacho-cheese|31|None|Maïszoutje met kaassmaak||Koel en droog bewaren.|None|None|D|Non-Organic|None|None|Ingrediënten: maïs, zonnebloemolie, kaassmaak [weipermeaat (van MELK), weipoeder (van MELK), natuurlijk aroma (zwarte peper, rozemarijn, kurkuma, room en kaas (van MELK), uien-, tomaat-, KAASPOEDER, knoflookpoeder, zuurteregelaars (citroenzuur, melkzuur), kleurstof (paprika-extract)], zout, suiker. Kan soja en tarwe (gluten) bevatten.|100 Gram
128264|albert_heijn|None|Croky Bolognese|Croky|None|200.0|Gram|Home|Producten|Borrel, chips, snacks|Chips|2.29|2.29|||||None|||11.45 per KG|€||https://www.ah.nl/producten/product/wi128264/bolognese|29|None|Aardappelchips met bolognesesmaak. Verpakt onder beschermende atmosfeer.||Koel en droog bewaren|None|None|D|Non-Organic|None|None|Ingrediënten: 64% aardappelen (EU), 29% zonnebloemolie, bolognesekruiding (maïsbloem, zout, aroma, gehydrolyseerd SOJA-eitwit, dextrose, smaakversterker (mononatriumglutamaat), specerijen (waarvan 0,1% ui), 0,2% tomatenpoeder, zuurteregelaar (citroenzuur)).|100 Gram
167332|albert_heijn|None|Lay's Sensations Mexican peppers & cream|Lay's|None|150.0|Gram|Home|Producten|Borrel, chips, snacks|Chips|2.49|2.49||2.49|||None|||16.6 per KG|€||https://www.ah.nl/producten/product/wi167332/sensations-mexican-peppers-en-cream|25|None|Gemarineerde aardappelchips met hete peper- en roomsmaak Verpakt onder beschermende atmosfeer.||Koel en droog bewaren.|None|None|C|Non-Organic|None|None|Ingrediënten: aardappelen, plantaardige oliën (zonnebloem, koolzaad, in wisselende hoeveelheden), Mexicaanse pepers en roomsmaak [suiker, aroma's (bevat MELK), zure room poeder (van MELK), zout, weipoeder (van MELK), specerijen (bevat chillipoeder, paprikapoeder), voedingszuur (citroenzuur), kleurstof (paprika extract)], verstevigingsmiddel (calciumlactaat), antioxidanten (extracten van rozemarijn, ascorbinezuur, tocoferolrijk extract, citroenzuur).|100 Gram
448461|albert_heijn|None|AH Chips bolognese|AH|None|250.0|Gram|Home|Producten|Borrel, chips, snacks|Chips|1.35|1.35|||||None|||5.4 per KG|€||https://www.ah.nl/producten/product/wi448461/chips-bolognese|29|None|Aardappelchips met bolognesesmaak||Ten minste houdbaar tot en met: zie achterzijde. Vaak goed na deze datum. Kijk, ruik en proef. Donker en droog bewaren. De verpakking goed sluiten na gebruik.|None|None|D|Non-Organic|None|None|"Ingrediënten: 64% aardappel, 29% zonnebloemolie, maïsmeel, zout, aroma's, dextrose, gehydrolyseerd soja-eiwit, specerijen (o.a. 0,1% ui), 0,3% tomatenpoeder, rookaroma, voedingszuur (appelzuur [E296], citroenzuur [E330]).
Waarvan toegevoegde suikers 0.5g per 100 gram en waarvan toegevoegd zout 1.20g per 100 gram"|100 Gram
517004|albert_heijn|None|Cheetos Nibb-it sticks|Cheetos|None|150.0|Gram|Home|Producten|Borrel, chips, snacks|Chips|2.79|2.79|||||None|||18.6 per KG|€||https://www.ah.nl/producten/product/wi517004/nibb-it-sticks|22|None|Aardappelzoutje met hartige smaak||Koel en droog bewaren.|None|None|D|Non-Organic|None|None|Ingrediënten: aardappelpoeder, aardappelzetmeel, zonnebloemolie, rijstebloem, hartige smaak [lactose (van MELK), weipoeder (van MELK), suiker, smaakversterkers (mononatriumglutamaat, dinatriumguanylaat, dinatriuminosinaat), aroma's (bevat KAASPOEDER en boter (van MELK)), voedingszuur (citroenzuur), kaliumchloride], zout, emulgator (lecithine (bevat SOJA, MELKEIWIT)), kleurstoffen (curcumine, karmijn, annatto bixin, paprika-extract), specerijen.|100 Gram
574348|albert_heijn|None|Lay's Max red sweet chili|Lay's|None|185.0|Gram|Home|Producten|Borrel, chips, snacks|Chips|2.49|2.49|||||None|||13.46 per KG|€||https://www.ah.nl/producten/product/wi574348/max-red-sweet-chili|31|None|Geribbelde aardappelchips met zoete rode chilismaak Verpakt onder beschermende atmosfeer.||Koel en droog bewaren.|None|None|C|Non-Organic|None|None|Ingrediënten: aardappelen, plantaardige oliën (zonnebloem, koolzaad, in wisselende hoeveelheden), zoete rode chilismaak [maltodextrine, suiker, fructose, aroma, zout, smaakversterkers (mononatriumglutamaat, dinatrium-5'-ribonucleotiden), kaliumchloride, uienpoeder, knoflookpoeder, johannesbroodpitmeel, gedroogde tomaat, kruiden, rode chilipeper, melasse poeder, kleurstof (paprika-extract)], antioxidanten (extracten van rozemarijn, ascorbinezuur, tocoferolrijk extract, citroenzuur). |100 Gram
553933|albert_heijn|None|Lay's Max roasted onion & sour cream|Lay's|None|185.0|Gram|Home|Producten|Borrel, chips, snacks|Chips|2.39|2.39|||||None|||12.92 per KG|€||https://www.ah.nl/producten/product/wi553933/max-roasted-onion-en-sour-cream|31|None|Geribbelde aardappelchips met geroosterde ui- en zure roomsmaak Verpakt onder beschermende atmosfeer.||Koel en droog bewaren.|None|None|C|Non-Organic|None|None|Ingrediënten: aardappelen, plantaardige oliën (zonnebloem, koolzaad, in wisselende hoeveelheden), geroosterde ui & zure roomsmaak [suiker, ui, zout, aroma (bevat LACTOSE, en natriumcaseïnaat (bevat MELK)), kaliumchloride, peterselie, specerijen], antioxidanten (rozemarijnextract, ascorbinezuur, tocoferolrijk extract, citroenzuur).|100 Gram
574572|albert_heijn|None|Lay's Naturel|Lay's|None|100.0|Gram|Home|Producten|Borrel, chips, snacks|Chips|1.49|1.49|||||None|||14.9 per KG|€||https://www.ah.nl/producten/product/wi574572/naturel|29|None|Gezouten aardappelchips Geweldige smaak, minder zout** **25% minder zout dan gewone aardappelchips Verpakt onder beschermende atmosfeer.||Koel en droog bewaren.|None|None|C|Non-Organic|None|None|Ingrediënten: aardappelen, plantaardige oliën (zonnebloem, koolzaad, in wisselende hoeveelheden), zout, antioxidanten (rozemarijnextract, ascorbinezuur, tocoferolrijk extract, citroenzuur).|100 Gram
436453|albert_heijn|None|Doritos Nacho cheese|Doritos|None|272.0|Gram|Home|Producten|Borrel, chips, snacks|Chips|2.99|2.99|||||None|||10.99 per KG|€||https://www.ah.nl/producten/product/wi436453/nacho-cheese|22|None|Maïschips met kaassmaak Verpakt onder beschermende atmosfeer.||Koel en droog bewaren.|None|None|B|Non-Organic|None|None|Ingrediënten: maïs (73%), koolzaadolie, kaassmaak [weipoeder (MELK), aroma (MELK), zout, KARNEMELKPOEDER, kaaspoeder (MELK), tomatenpoeder, uienpoeder, kaliumchloride, suiker, knoflookpoeder, zuurteregelaars (citroenzuur, melkzuur), kleurstoffen (annatto bixin, karamel, paprika-extract), MELKEIWIT, specerijen, magere MELKPOEDER, smaakversterker (dinatrium-5'-ribonucleotide)], antioxidanten (extracten van rozemarijn, ascorbinezuur, tocoferolrijk extract, citroenzuur). Kan soja en tarwe (gluten) bevatten.|100 Gram
165198|albert_heijn|None|AH Kronkels paprika|AH|None|110.0|Gram|Home|Producten|Borrel, chips, snacks|Chips|1.09|1.09|||||None|||9.91 per KG|€||https://www.ah.nl/producten/product/wi165198/kronkels-paprika|21|None|Aardappelzoutjes met paprikasmaak||Ten minste houdbaar tot en met: zie achterzijde. Vaak goed na deze datum. Kijk, ruik en proef. Donker en droog bewaren. De verpakking goed sluiten na gebruik.|None|None|D|Non-Organic|None|None|"Ingrediënten: 37% aardappelzetmeel, 29% aardappelpoeder, zonnebloemolie, gemodificeerd aardappelzetmeel, specerijen (ui, 0,7% paprika, 0,2% gerookte paprika, knoflook, zwarte peper), kaliumchloride (dieetzout), zout, suiker, rijstebloem, gistextract, dextrose, voedingszuur (citroenzuur [E330]), extract van paprika.
Waarvan toegevoegde suikers 1.4g per 100 gram en waarvan toegevoegd zout 1.33g per 100 gram"|100 Gram
413068|albert_heijn|None|Chio Heartbreakers paprika|Chio|None|125.0|Gram|Home|Producten|Borrel, chips, snacks|Chips|1.99|1.99|||||None|||15.92 per KG|€||https://www.ah.nl/producten/product/wi413068/heartbreakers-paprika|29|None|AARDAPPEL-RIJSTSNACK MET PAPRIKA SMAAK||Droog en donker bewaren. Na openen beperkt houdbaar.|None|None|D|Non-Organic|None|None|INGREDIËNTEN: Aardappelpoeder 33%, zonnebloemolie, rijstmeel 15%, aardappelzetmeel, gemodificeerd aardappelzetmeel, suiker, zout, uipoeder, tomatenpoeder, gehydrolyseerd plantaardig eiwit, paprikapoeder, gistextract, specerijen, natuurlijk aroma, zuurteregelaar (natriumacetaten), kruiden, knoflookpoeder, kleurstof (paprika-extract).|100 Gram
448464|albert_heijn|None|AH Mini friet paprika|AH|None|150.0|Gram|Home|Producten|Borrel, chips, snacks|Chips|0.99|0.99|||||None|||6.6 per KG|€||https://www.ah.nl/producten/product/wi448464/mini-friet-paprika|28|None|Aardappelsticks met paprikasmaak||Ten minste houdbaar tot en met: zie achterzijde. Vaak goed na deze datum. Kijk, ruik en proef. Koel, donker en droog bewaren.|None|None|D|Non-Organic|None|None|"Ingrediënten: 65% aardappel, 28% plantaardige olie (raap, zonnebloem [in wisselende verhoudingen]), specerijen (o.a. 0,5%, 0,3% gerookte paprika, suiker, zout, dextrose, gistextract, kaliumchloride (dieetzout), glucosestroop, tomatenpoeder, voedingszuur (citroenzuur [E330]), oregano, kleurstof (paprika-extract [E160c], curcumine [E100]), capsicumextract.
Waarvan toegevoegde suikers 2.2g per 100 gram en waarvan toegevoegd zout 1.02g per 100 gram"|100 Gram
516965|albert_heijn|None|Lay's Max patatje joppie|Lay's|None|185.0|Gram|Home|Producten|Borrel, chips, snacks|Chips|2.39|2.39|||||None|||12.92 per KG|€||https://www.ah.nl/producten/product/wi516965/max-patatje-joppie|31|None|Geribbelde aardappelchips met Patatje Joppiesmaak Verpakt onder beschermende atmosfeer.||Koel en droog bewaren.|None|None|C|Non-Organic|None|None|Ingrediënten: aardappelen, plantaardige oliën (zonnebloem, koolzaad, in wisselende hoeveelheden), patatje Joppiesmaak [suiker, aroma's (bevat MOSTERD), kaliumchloride, uienpoeder, fructose, paprika, zout, knoflookpoeder, specerijen, sheanootolie, zwarte peper], antioxidanten (extracten van rozemarijn, ascorbinezuur, tocoferolrijk extract, citroenzuur).|100 Gram
584982|albert_heijn|None|Lay's Classic mix 12-pack|Lay's|None|12.0|Stuks|Home|Producten|Borrel, chips, snacks|Chips|5.49|5.49|||||None||||€||https://www.ah.nl/producten/product/wi584982/classic-mix-12-pack|27|None|Aardappelchips met paprikasmaak 27.5g # Maïszoutje met kaassmaak 27.5g # Gezouten aardappelchips 27.5g Verpakt onder beschermende atmosfeer.||Koel en droog bewaren.|None|None|B|Non-Organic|None|None|Ingrediënten: Aardappelchips met paprikasmaak 27,5g e - Ingrediënten: aardappelen, plantaardige oliën (zonnebloem, koolzaad, in wisselende hoeveelheden), paprikasmaak [suiker, zout, paprikapoeder, kaliumchloride, uienpoeder, aroma's, fructose, knoflookpoeder, kleurstof (paprika-extract), voedingszuur (citroenzuur), gerookte paprikapoeder], antioxidanten (extracten van rozemarijn, ascorbinezuur, tocoferolrijk extract, citroenzuur). Maïszoutje met kaassmaak 27,5g e - Ingrediënten: maïsbloem, zonnebloemolie, kaassmaak [weipermeaat (van MELK), weipoeder (van MELK), zout, natuurlijke aroma's (zwarte peper, rozemarijn, kurkuma, ROOM, KAAS), uienpoeder, tomaatpoeder, KAASPOEDER, knoflookpoeder, zuurteregelaars (citroenzuur, melkzuur), kleurstof (paprika-extract)], zout, suiker. Kan soja en tarwe (gluten) bevatten. Gezouten aardappelchips 27,5g e - Ingrediënten: aardappelen, plantaardige oliën (zonnebloem, koolzaad, in wisselende hoeveelheden), zout, antioxidanten (extracten van rozemarijn, ascorbinezuur, tocoferolrijk extract, citroenzuur).|100 Gram
451524|albert_heijn|None|Chio Heartbreakers classic partypack|Chio|None|170.0|Gram|Home|Producten|Borrel, chips, snacks|Chips|2.49|2.49|||||None|||14.65 per KG|€||https://www.ah.nl/producten/product/wi451524/heartbreakers-classic-partypack|29|None|Aardappel-rijstsnack||Droog en donker bewaren. Na openen beperkt hoiudbaar.|None|None|D|Non-Organic|None|None|INGREDIËNTEN: Aardappelpoeder 33%, zonnebloemolie, rijstmeel 15%, aardappelzetmeel, gemodificeerd aardappelzetmeel, zout, gedroogde glucosestroop, suiker, dextrose, gehydroliseerd plantaardig eiwit, gistextract, uienpoeder, kurkuma, tomatenpoeder, natuurlijk aroma, voedingszuur (citroenzuur, melkzuur), kleurstof (paprika extract).|100 Gram
460468|albert_heijn|None|AH Robuuste chips grof zeezout|AH|None|150.0|Gram|Home|Producten|Borrel, chips, snacks|Chips|2.19|2.19|||||None|||14.6 per KG|€||https://www.ah.nl/producten/product/wi460468/robuuste-chips-grof-zeezout|27|None|Aardappelchips met zeezout||Ten minste houdbaar tot en met: zie achterzijde. Vaak goed na deze datum. Kijk, ruik en proef. Koel, donker en droog bewaren. De verpakking goed sluiten na gebruik.|None|None|D|Non-Organic|None|None|"Ingrediënten: 72% aardappel, plantaardige olie (raap, zonnebloem [in wisselende verhoudingen]), zeezout.
Waarvan toegevoegde suikers 0.00g per 100 gram en waarvan toegevoegd zout 1.03g per 100 gram"|100 Gram
506600|albert_heijn|None|Cheetos Chipito kaas|Cheetos|None|125.0|Gram|Home|Producten|Borrel, chips, snacks|Chips|2.25|2.25|||||None|||18 per KG|€||https://www.ah.nl/producten/product/wi506600/chipito-kaas|23|None|Maïszoutje met kaassmaak||Koel en droog bewaren.|None|None|D|Non-Organic|None|None|Ingrediënten: maïs, koolzaadolie, kaassmaak [weipoeder (van MELK), zout, natuurlijk aroma (bevat MELK, KAAS, lactose (van MELK)), smaakversterker (mononatriumglutamaat), kaliumchloride, suiker, MELKbestanddelen, zuurteregelaars (citroenzuur), kleurstof (paprika-extract)]. Dit product kan soja en tarwe (gluten) bevatten. |100 Gram
553860|albert_heijn|None|Lay's Ringlings onions & fine herbs|Lay's|None|125.0|Gram|Home|Producten|Borrel, chips, snacks|Chips|2.49|2.49|||||None|||19.92 per KG|€||https://www.ah.nl/producten/product/wi553860/ringlings-onions-en-fine-herbs|29|None|Maïszoutje met ui-en fijne kruidensmaak Verpakt onder beschermende atmosfeer.||Koel en droog bewaren.|None|None|D|Non-Organic|None|None|Ingrediënten: maïsgries, koolzaadolie, ui- en fijne kruidensmaak [aroma (bevat SELDERIJ, peterselie, uienpoeder), MELKPOEDER, zout, smaakversterker (mononatrium glutamaat), dextrose], suiker, zout. Kan soja en tarwe (gluten) bevatten. |100 Gram
526359|albert_heijn|None|Croky Bolognese voordeel pack|Croky|None|300.0|Gram|Home|Producten|Borrel, chips, snacks|Chips|2.59|2.59|||||None|||8.63 per KG|€||https://www.ah.nl/producten/product/wi526359/bolognese-voordeel-pack|29|None|Aardappelchips met bolognesesmaak. Verpakt onder beschermende atmosfeer.||Koel en droog bewaren|None|None|D|Non-Organic|None|None|Ingrediënten: aardappelen, zonnebloemolie, bolognesekruiding (maïsbloem, zout, SOJA-eiwithydrolysaat, dextrose, aroma, smaakversterker (mononatriumglutamaat), specerijen (0.25% ui), tomaatpoeder (0.25%), voedingszuur (citroenzuur), rookaroma, wortelpoeder).|100 Gram
526377|albert_heijn|None|Lay's Barbecue|Lay's|None|200.0|Gram|Home|Producten|Borrel, chips, snacks|Chips|2.15|2.15|||||None|||10.75 per KG|€||https://www.ah.nl/producten/product/wi526377/barbecue|28|None|Aardappelchips met barbecue smaak Verpakt onder beschermende atmosfeer.||Koel en droog bewaren|None|None|C|Non-Organic|None|None|Ingrediënten: aardappelen, plantaardige oliën (zonnebloem, koolzaad, maïs, in wisselende hoeveelheden), barbecue smaak [suiker, zout, aroma (bevat SOJA), paprikapoeder, dextrose, uipoeder, tomaatpoeder, knoflookpoeder, zuurteregelaars (appelzuur, citroenzuur), johannisbroodpitmeel, kleurstof (paprika-extract), gerookte maltodextrine, gerookte zonnebloemolie].|100 Gram
460300|albert_heijn|None|Proper Sea salt lentil chips|Proper|None|85.0|Gram|Home|Producten|Borrel, chips, snacks|Chips|2.49|2.49|||||None|||29.29 per KG|€||https://www.ah.nl/producten/product/wi460300/sea-salt-lentil-chips|20.8|None|Linzenchips met zeezout. Verpakt onder een beschermende atmosfeer.|||None|None|D|Non-Organic|None|None|Ingrediënten: linzenmeel (30%), aardappelzetmeel, maïsmeel, zonnebloemolie, zout. Allergeneninformatie: gemaakt in een fabriek waar ook soja wordt verwerkt.|100 Gram
516961|albert_heijn|None|Lay's Max cheddar & onion|Lay's|None|185.0|Gram|Home|Producten|Borrel, chips, snacks|Chips|2.39|2.39|||||None|||12.92 per KG|€||https://www.ah.nl/producten/product/wi516961/max-cheddar-en-onion|31|None|Geribbelde aardappelchips met cheddar kaas- en uismaak Verpakt onder beschermende atmosfeer.||Koel en droog bewaren.|None|None|C|Non-Organic|None|None|Ingrediënten: aardappelen, plantaardige oliën (zonnebloem, koolzaad, in wisselende hoeveelheden), cheddar kaas- en uismaak [weipermeaat (van MELK), zout, suiker, aroma (bevat MELK), rijstebloem, uienpoeder, zuurteregelaars (citroenzuur, appelzuur), weiproteïne (van MELK), knoflookpoeder, cheddar kaaspoeder (van MELK), kleurstoffen (annatto bixin, paprika-extract), maltodextrine,weipoeder (van MELK), magere MELKPOEDER], antioxidanten (extracten van rozemarijn, ascorbinezuur, tocoferolrijk extract, citroenzuur).|100 Gram
574571|albert_heijn|None|Lay's Paprika|Lay's|None|100.0|Gram|Home|Producten|Borrel, chips, snacks|Chips|1.49|1.49|||||None|||14.9 per KG|€||https://www.ah.nl/producten/product/wi574571/paprika|27|None|Aardappelchips met paprikasmaak Geweldige smaak, minder zout** **Minstens 25% minder zout dan gewone aardappelchips. Verpakt onder beschermende atmosfeer.||Koel en droog bewaren.|None|None|B|Non-Organic|None|None|Ingrediënten: aardappelen, plantaardige oliën (zonnebloem, koolzaad, in wisselende hoeveelheden), paprikasmaak [suiker, zout, paprikapoeder, kaliumchloride, uienpoeder, aroma's, fructose, knoflookpoeder, kleurstof (paprika-extract), voedingszuur (citroenzuur), gerookte paprikapoeder], antioxidanten (extracten van rozemarijn, ascorbinezuur, tocoferolrijk extract, citroenzuur).|100 Gram
470034|albert_heijn|None|AH Biologisch Mango gedroogd|AH Biologisch|None|200.0|Gram|Home|Producten|Wholefoods|Fruit en bessen (superfoods)|4.99|4.99|||||None|||24.95 per KG|€||https://www.ah.nl/producten/product/wi470034/mango-gedroogd|0.9|None|Gedroogde mango Skal 001920 EU-bio-logo NL-BIO-01||Ten minste houdbaar tot en met: zie zijkant. Kijk, ruik en proef na deze datum. Koel, donker en droog bewaren. Na openen beperkt houdbaar.|None|None|D|Organic|None|None|"Ingrediënten: mango*.
Waarvan toegevoegde suikers 0.00g per 100 gram en waarvan toegevoegd zout 0.00g per 100 gram
*Van biologische oorsprong. 
Niet-EU Landbouw"|100 Gram
526747|albert_heijn|None|Lay's Oven baked cheese & onion|Lay's|None|150.0|Gram|Home|Producten|Borrel, chips, snacks|Chips|2.35|2.35||2.35|||None|||15.67 per KG|€||https://www.ah.nl/producten/product/wi526747/oven-baked-cheese-en-onion|13|None|Ovengebakken aardappelchips met kaas- en uiensmaak 50% less fat**  ** 50% minder vet dan gewone aardappelchips||Koel en droog bewaren.|None|None|B|Non-Organic|None|None|Ingrediënten: aardappelvlokken (64%), zetmeel (14%), zonnebloemolie, kaas en uiensmaak [weipermeaat (van MELK), zout, aroma's (bevat MELK), rijstebloem, uienpoeder, zuurteregelaars (citroenzuur, appelzuur), weiproteïne (van MELK), knoflookpoeder, cheddar kaaspoeder (van MELK), kleurstof (annatto bixin, paprika extract), maltodextrine, weipoeder (van MELK), magere MELKPOEDER], suiker, emulgator (lecithinen), kleurstof (annatto norbixin).|100 Gram
447643|albert_heijn|None|AH Luchtige pinda flips|AH|None|200.0|Gram|Home|Producten|Borrel, chips, snacks|Chips|0.99|0.99|||||None|||4.95 per KG|€||https://www.ah.nl/producten/product/wi447643/luchtige-pinda-flips|31|None|Maïssnack met 34% pinda||Ten minste houdbaar tot en met: zie achterzijde. Vaak goed na deze datum. Kijk, ruik en proef. Donker en droog bewaren. De verpakking goed sluiten na gebruik.|None|None|D|Non-Organic|None|None|"Ingrediënten: 51% maïsgrut, pinda, zonnebloemolie, zout, kaliumchloride (dieetzout).
Waarvan toegevoegde suikers 0.00g per 100 gram en waarvan toegevoegd zout 1.34g per 100 gram"|100 Gram
586940|albert_heijn|None|Lay's Roasted garlic & herbs|Lay's|None|185.0|Gram|Home|Producten|Borrel, chips, snacks|Chips|2.39|2.39|||||None|||12.92 per KG|€||https://www.ah.nl/producten/product/wi586940/roasted-garlic-en-herbs|31|None|Geribbelde aardappelchips met geroosterde knoflook en kruidensmaak Verpakt onder beschermende atmosfeer.||Koel en droog bewaren|None|None|C|Non-Organic|None|None|Ingrediënten: aardappelen, plantaardige oliën (zonnebloem, koolzaad, in wisselende hoeveelheden), geroosterde knoflook en kruidensmaak [natuurlijke aroma's, zout, suiker, zuurteregelaar (citroenzuur), marjolein, basilicum, tijmolie], antioxidanten (extracten van rozemarijn, ascorbinezuur, tocoferolrijk extract, citroenzuur).|100 Gram
457628|albert_heijn|None|Lay's Oven baked barbecue|Lay's|None|150.0|Gram|Home|Producten|Borrel, chips, snacks|Chips|2.35|2.35||2.35|||None|||15.67 per KG|€||https://www.ah.nl/producten/product/wi457628/oven-baked-barbecue|13|None|Ovengebakken aardappelchips met barbecuesmaak 50% less fat**  ** 50% minder vet dan gewone aardappelchips||Koel en droog bewaren|None|None|B|Non-Organic|None|None|Ingrediënten: aardappelvlokken (63%), zetmeel (14%), zonnebloemolie, barbecuesmaak [suiker, zout, aroma's, dextrose, paprikapoeder, uienpoeder, kaliumchloride, tomatenpoeder, knoflookpoeder, zuurteregelaars (citroenzuur, appelzuur), peterselie, kleurstof (paprika-extract), gerookte maltodextrine & zonnebloemolie], suiker, emulgator (lecithinen), kleurstof (annatto norbixin).|100 Gram
447644|albert_heijn|None|AH Kaas smaak flips|AH|None|200.0|Gram|Home|Producten|Borrel, chips, snacks|Chips|1.19|1.19|||||None|||5.95 per KG|€||https://www.ah.nl/producten/product/wi447644/kaas-smaak-flips|35|None|Maïszoutjes met 1,5% kaaspoeder||Ten minste houdbaar tot en met: zie achterzijde. Kijk, ruik en proef na deze datum. Donker en droog bewaren. De verpakking goed sluiten na gebruik.|None|None|E|Non-Organic|None|None|"Ingrediënten: 53% maïsgrut, zonnebloemolie, aroma, zout, melk, gistextract, vegetarisch weipoeder, voedingszuur (citroenzuur [E330]), rozemarijn, zuursel, microbieel stremsel.
Waarvan toegevoegde suikers 0.00g per 100 gram en waarvan toegevoegd zout 1.71g per 100 gram"|100 Gram
448462|albert_heijn|None|AH Chips cheese onion|AH|None|250.0|Gram|Home|Producten|Borrel, chips, snacks|Chips|1.35|1.35|||||None|||5.4 per KG|€||https://www.ah.nl/producten/product/wi448462/chips-cheese-onion|29|None|Aardappelchips met kaas-uiensmaak met 0,4% kaaspoeder||Ten minste houdbaar tot en met: zie achterzijde. Vaak goed na deze datum. Kijk, ruik en proef. Donker en droog bewaren. De verpakking goed sluiten na gebruik.|None|None|D|Non-Organic|None|None|"Ingrediënten: 64% aardappel, 29% zonnebloemolie, 1,7% uienpoeder, lactose, zout, weipoeder, kaliumchloride (dieetzout), suiker, melk, natuurlijk aroma (melk), zuursel, smeltzout (natriumfosfaten [E339]), stremsel.
Waarvan toegevoegde suikers 1.8g per 100 gram en waarvan toegevoegd zout 1.30g per 100 gram"|100 Gram
442595|albert_heijn|None|Doritos Sweet chilli pepper|Doritos|None|272.0|Gram|Home|Producten|Borrel, chips, snacks|Chips|2.99|2.99|||||None|||10.99 per KG|€||https://www.ah.nl/producten/product/wi442595/sweet-chilli-pepper|22|None|Maïschips met chilipepersmaak Verpakt onder beschermende atmosfeer.||Koel en droog bewaren.|None|None|B|Non-Organic|None|None|Ingrediënten: maïs (72%), koolzaadolie, zoete chilipepersmaak [suiker, aroma's, smaakversterkers (mononatriumglutamaat, dinatriumguanylaat), kaliumchloride, gehydrolyseerd plantaardig eiwit, paprikapoeder, uipoeder, knoflookpoeder, zout, voedingszuur (citroenzuur), cayennepeper, kleurstof (paprika-extract)], antioxidanten (ascorbinezuur, rozemarijnextract, tocoferolrijk extract, citroenzuur). Kan soja en tarwe (gluten) bevatten.|100 Gram
516966|albert_heijn|None|Lay's Max heinz tomato ketchup|Lay's|None|185.0|Gram|Home|Producten|Borrel, chips, snacks|Chips|2.39|2.39|||||None|||12.92 per KG|€||https://www.ah.nl/producten/product/wi516966/max-heinz-tomato-ketchup|31|None|Geribbelde aardappelchips met Heinz Tomato Ketchupsmaak Verpakt onder beschermende atmosfeer.||Koel en droog bewaren.|None|None|C|Non-Organic|None|None|Ingrediënten: aardappelen, plantaardige oliën (zonnebloem, koolzaad, in wisselende hoeveelheden), Heinz Tomato Ketchupsmaak [suiker, aroma's, weipoeder (van MELK), zout, tomatenpoeder, kaliumchloride, voedingszuur (citroenzuur), kleurstof (paprika-extract)], antioxidanten (extracten van rozemarijn, ascorbinezuur, tocoferolrijk extract, citroenzuur).|100 Gram
198211|albert_heijn|None|AH Nacho chips cheese|AH|None|200.0|Gram|Home|Producten|Borrel, chips, snacks|Chips|1.39|1.39|||||None|||6.95 per KG|€||https://www.ah.nl/producten/product/wi198211/nacho-chips-cheese|20|None|Maïschips met kaassmaak Met 1,5% kaaspoeder||Ten minste houdbaar tot en met: zie achterzijde. Kijk, ruik en proef na deze datum. Droog bewaren. Na openen in een gesloten trommel bewaren.|None|None|C|Non-Organic|None|None|"Ingrediënten: 74% maïsbloem, zonnebloemolie, zout, specerijen, melk, lactose, karnemelkpoeder, dextrose, suiker, tomatenpoeder, natuurlijk aroma, stremsel, zuursel, lavas, extract van paprika, aroma (melk), voedingszuur (citroenzuur [E330]).
Waarvan toegevoegde suikers 0.7g per 100 gram en waarvan toegevoegd zout 1.20g per 100 gram"|100 Gram
195944|albert_heijn|None|Lay's Grills|Lay's|None|125.0|Gram|Home|Producten|Borrel, chips, snacks|Chips|2.49|2.49|||||None|||19.92 per KG|€||https://www.ah.nl/producten/product/wi195944/grills|24|None|Maïs- en aardappelzoutje met baconsmaak||Koel en droog bewaren.|None|None|D|Non-Organic|None|None|Ingrediënten: maïsgrutten, aardappelpoeder, koolzaadolie, baconsmaak [dextrose, zout, emulgator (mono- en diglyceriden van vetzuren), KARNEMELKPOEDER, aroma, gedroogde gist, smaakversterkers (mononatriumglutamaat, dinatrium-5’- ribonucleotiden), LACTOSE (van MELK), aardappelzetmeel, glucosestroop, gehydrolyseerd plantaardig eiwit (SOJA, maïs), kleurstof (paprika-extract), gerookte maltodextrine, MELKEIWIT]. Kan tarwe (gluten) bevatten.|100 Gram
457646|albert_heijn|None|Lay's Oven baked mediterranean herbs|Lay's|None|150.0|Gram|Home|Producten|Borrel, chips, snacks|Chips|2.35|2.35||2.35|||None|||15.67 per KG|€||https://www.ah.nl/producten/product/wi457646/oven-baked-mediterranean-herbs|13|None|Ovengebakken aardappelchips met mediterraanse kruidensmaak 50% less fat**  ** 50% minder vet dan gewone aardappelchips||Koel en droog bewaren.|None|None|B|Non-Organic|None|None|Ingrediënten: aardappelvlokken (63%), zetmeel (14%), zonnebloemolie, mediterraanse kruidensmaak [weipoeder (bevat MELK), aroma's (bevat MELK), zout, specerijen en kruiden (bevat ui, basilicum, knoflook, tijm, peterselie, rozemarijn), kaliumchloride, suiker, kleurstof (paprika-extract), voedingszuur (citroenzuur)], suiker, emulgator (lecithinen), kleurstof (annatto norbixin).|100 Gram
526369|albert_heijn|None|Boerderij Chips zeezout|Boerderij|None|150.0|Gram|Home|Producten|Borrel, chips, snacks|Chips|2.19|2.19|||||None|||14.6 per KG|€||https://www.ah.nl/producten/product/wi526369/chips-zeezout|22.6|None|Gezouten aardappelchips Verpakt onder beschermende atmosfeer.|Scheur hier|Tegen warmte en zonlicht beschermen.|None|None|C|Non-Organic|None|None|Ingrediënten: aardappelen 75%, high oleic zonnebloemolie, zout 1%.|100 Gram
447645|albert_heijn|None|AH Ham & kaas smaak zoutjes|AH|None|150.0|Gram|Home|Producten|Borrel, chips, snacks|Chips|1.19|1.19|||||None|||7.93 per KG|€||https://www.ah.nl/producten/product/wi447645/ham-en-kaas-smaak-zoutjes|27|None|Maïszoutjes met 1% kaaspoeder en hamsmaak||Ten minste houdbaar tot en met: zie achterzijde. Kijk, ruik en proef na deze datum. Donker en droog bewaren. De verpakking goed sluiten na gebruik.|None|None|E|Non-Organic|None|None|"Ingrediënten: 42% maïsgrut, zonnebloemolie, tarwebloem, dextrose, weipoeder, zout, maltodextrine, melk, aroma, glucosestroop, rookaroma, emulgator (mono- en diglyceriden van vetzuren [E471]), uienpoeder, kleurstof (paprika-extract [E160c], carotenen [E160a]), stremsel, zuursel.
Waarvan toegevoegde suikers 2.7g per 100 gram en waarvan toegevoegd zout 1.59g per 100 gram"|100 Gram
457477|albert_heijn|None|Cheetos Chipito kaas|Cheetos|None|170.0|Gram|Home|Producten|Borrel, chips, snacks|Chips|2.69|2.69|||||None|||15.82 per KG|€||https://www.ah.nl/producten/product/wi457477/chipito-kaas|23|None|Maïszoutje met kaassmaak||Koel en droog bewaren.|None|None|D|Non-Organic|None|None|Ingrediënten: maïs, koolzaadolie, kaassmaak [weipoeder (van MELK), zout, natuurlijk aroma (bevat MELK, KAAS, lactose (van MELK)), smaakversterker (mononatriumglutamaat), kaliumchloride, suiker, MELKbestanddelen, zuurteregelaar (citroenzuur), kleurstof (paprika-extract)]. Dit product kan soja en tarwe (gluten) bevatten.|100 Gram
233285|albert_heijn|None|Lay's Bugles nacho cheese|Lay's|None|75.0|Gram|Home|Producten|Borrel, chips, snacks|Chips|1.59|1.03|1.59|1.03|2025-05-26|2025-06-01|None||35% Op=Op korting|21.2 per KG|€||https://www.ah.nl/producten/product/wi233285/bugles-nacho-cheese|31|None|Maïszoutje met kaassmaak||Koel en droog bewaren.|None|None|D|Non-Organic|None|None|Ingrediënten: maïs, zonnebloemolie, kaassmaak [weipermeaat (van MELK), weipoeder (van MELK), natuurlijk aroma (zwarte peper, rozemarijn, kurkuma, room en kaas (van MELK)), uien-, tomaat-, KAASPOEDER, knoflookpoeder, zuurteregelaars (citroenzuur, melkzuur), kleurstof (paprika-extract)]. zout, suiker. Kan soja en tarwe (gluten) bevatten.|100 Gram
460432|albert_heijn|None|AH Biologisch Robuuste chips groente zeezout|AH Biologisch|None|100.0|Gram|Home|Producten|Borrel, chips, snacks|Chips|1.99|1.99|||||None|||19.9 per KG|€||https://www.ah.nl/producten/product/wi460432/robuuste-chips-groente-zeezout|28|None|Chips van wortel, rode biet, pastinaak en aardappel Skal 001920 EU-bio-logo NL-BIO-01||Ten minste houdbaar tot en met: zie achterzijde. Kijk, ruik en proef na deze datum. Droog bewaren.|None|None|D|Organic|None|None|"Ingrediënten: 54% groente* (wortel, rode biet, pastinaak [in wisselende verhoudingen]), 28% zonnebloemolie*, 18% aardappel*, 0,5% zeezout.
Waarvan toegevoegde suikers 0.00g per 100 gram en waarvan toegevoegd zout 0.50g per 100 gram
EU Landbouw 
*Van biologische oorsprong."|100 Gram
556865|albert_heijn|None|AH Bunnies naturel|AH|None|125.0|Gram|Home|Producten|Borrel, chips, snacks|Chips|0.99|0.99|||||None|||7.92 per KG|€||https://www.ah.nl/producten/product/wi556865/bunnies-naturel|26|None|Aardappelzoutjes||Ten minste houdbaar tot en met: zie achterzijde. Vaak goed na deze datum. Kijk, ruik en proef. Donker en droog bewaren. De verpakking goed sluiten na gebruik.|None|None|D|Non-Organic|None|None|"Ingrediënten: 30% aardappelpoeder, zonnebloemolie, 21% aardappelzetmeel, gemodificeerd zetmeel (tapioca, 3,7% aardappel), gedroogde glucosestroop, voedingsvezel (inuline), natuurlijk aroma, rijstebloem, suiker, zout, gistextract, specerijen, emulgator (lecithinen [E322]), extract van paprika.
Waarvan toegevoegde suikers 2.0g per 100 gram en waarvan toegevoegd zout 0.90g per 100 gram"|100 Gram
516969|albert_heijn|None|Lay's Max salt & black pepper|Lay's|None|185.0|Gram|Home|Producten|Borrel, chips, snacks|Chips|2.39|2.39|||||None|||12.92 per KG|€||https://www.ah.nl/producten/product/wi516969/max-salt-en-black-pepper|31|None|Geribbelde aardappelchips met zout en zwarte pepersmaak Verpakt onder beschermende atmosfeer.||Koel en droog bewaren.|None|None|C|Non-Organic|None|None|Ingrediënten: aardappelen, plantaardige oliën (zonnebloem, koolzaad, in wisselende hoeveelheden), zout en zwarte pepersmaak [aroma (bevat SELDERIJ, MELK, LACTOSE, TARWE, SOJA, zwarte peper), zout, suiker, gehydrolyseerd TARWE eiwit, gerookt zout, smaakversterkers (mononatriumglutamaat, dinatriumguanylaat, dinatriuminosinaat)], antioxidanten (rozemarijnextract, ascorbinezuur, tocoferolrijk extract, citroenzuur).|100 Gram
477762|albert_heijn|None|Lay's Bugles naturel|Lay's|None|125.0|Gram|Home|Producten|Borrel, chips, snacks|Chips|2.19|2.19|||||None|||17.52 per KG|€||https://www.ah.nl/producten/product/wi477762/bugles-naturel|31|None|Maïszoutje met hartige smaak||Koel en droog bewaren.|None|None|D|Non-Organic|None|None|Ingrediënten: maïs, zonnebloemolie, hartige smaak [natuurlijk aroma (bevat zwarte peper), uienpoeder, zuurteregelaars (citroenzuur, natriumacetaat), knoflookpoeder, kleurstof (paprika-extract)], zout, suiker. Kan soja en tarwe (gluten) bevatten.|100 Gram
526380|albert_heijn|None|Lay's Heinz tomaten ketchup|Lay's|None|200.0|Gram|Home|Producten|Borrel, chips, snacks|Chips|2.29|2.29|||||None|||11.45 per KG|€||https://www.ah.nl/producten/product/wi526380/heinz-tomaten-ketchup|27|None|Aardappelchips met Heinz Tomato Ketchupsmaak Verpakt onder beschermende atmosfeer.||Koel en droog bewaren.|None|None|C|Non-Organic|None|None|Ingrediënten: aardappelen, plantaardige oliën (zonnebloem, koolzaad, in wisselende hoeveelheden), Heinz Tomato Ketchupsmaak [suiker, aroma's, weipoeder (van MELK), zout, tomatenpoeder, kaliumchloride, voedingszuur (citroenzuur), kleurstof (paprika-extract)], antioxidanten (rozemarijnextract, ascorbinezuur, tocoferolrijk extract, citroenzuur).|100 Gram
171844|albert_heijn|None|Tyrrells Simply sea salted|Tyrrells|None|150.0|Gram|Home|Producten|Borrel, chips, snacks|Chips|2.99|2.99|||||None|||19.93 per KG|€||https://www.ah.nl/producten/product/wi171844/simply-sea-salted|27|None|Aardappelchips met zeezout Verpakt onder beschermende atmosfeer.||Bewaren op een koele, droge plek|None|None|C|Non-Organic|None|None|Ingrediënten: aardappelen, zonnebloemolie, zeezout. Kan melk bevatten.|100 Gram
526745|albert_heijn|None|Cheetos Nibb-it rings|Cheetos|None|150.0|Gram|Home|Producten|Borrel, chips, snacks|Chips|2.79|2.79|||||None|||18.6 per KG|€||https://www.ah.nl/producten/product/wi526745/nibb-it-rings|19|None|Aardappelzoutje met hartige smaak||Koel en droog bewaren.|None|None|D|Non-Organic|None|None|Ingrediënten: aardappelzetmeel, aardappelvlokken (bevat SULFIETEN), zonnebloemolie, rijstebloem, zout, hartige smaak [maltodextrine, lactose (van MELK), weipoeder (van MELK), aroma's (bevat MELK), zout, suiker, kaliumchloride, zuurteregelaars (kaliumcitraat, citroenzuur), smaakversterkers (mononatriumglutamaat, dinatriumguanylaat, dinatrium inosinaat), ui, specerijen], kleurstoffen (curcumine, paprika-extract, karmijn, annatto bixin), emulgator (SOJALECITHINE), paprika poeder.|100 Gram
233279|albert_heijn|None|Pringles Hot & spicy|Pringles|None|165.0|Gram|Home|Producten|Borrel, chips, snacks|Chips|2.69|2.69||2.69|||None|||16.3 per KG|€||https://www.ah.nl/producten/product/wi233279/hot-en-spicy|30|None|HARTIGE SNACK MET PITTIG GEKRUIDE SMAAK. Verpakt onder beschermende atmosfeer.|||None|None|D|Non-Organic|None|None|INGREDIËNTEN: Gedehydrateerde aardappelen, zonnebloemolie, maïsmeel, TARWEMEEL, rijstbloem, pittige kruiderij (specerijen, suiker, tomatenpoeder, smaakversterkers {mononatriumglutamaat, natriumguanylaat, dinatriuminosinaat}, TARWEZETMEEL, gegranuleerde bouillon {zout, gehydrolyseerd plantaardig eiwit, zonnebloemolie}, dextrose, zonnebloemolie, zoet weipoeder {MELK}, gemodificeerd maïszetmeel, gistextract, aroma's, zuurteregelaars {natriumdiacetaat, calciumlactaat}, cayennepepersauspoeder {gerijpte rode pepers, azijn (maïs), knoflook}, zout, voedingszuren {citroenzuur, melkzuur}, maltodextrine, kruiden, kleurstof {paprika-extract}, glucosestroop, MELKEIWITTEN), maltodextrine, emulgator (E471), koolzaadolie, zout, kleurstof (annatto norbixine).Bevat mogelijk soja|100 Gram
171842|albert_heijn|None|Tyrrells Sweet chilli & red pepper|Tyrrells|None|150.0|Gram|Home|Producten|Borrel, chips, snacks|Chips|2.99|2.99|||||None|||19.93 per KG|€||https://www.ah.nl/producten/product/wi171842/sweet-chilli-en-red-pepper|25|None|Aardappelchips gekruid met zoete chilipeper en rode paprika Verpakt onder beschermende atmosfeer.||Bewaren op een koele, droge plek|None|None|C|Non-Organic|None|None|Ingrediënten: aardappelen, plantaardige oliën (zonnebloem, raapzaad in wisselende verhoudingen), suiker, zout, gistextract, uienpoeder, tomatenpoeder, specerijen (cayennepeper, witte peper, jalapeño peper, gember, steranijs), knoflookpoeder, kruiden (gedroogde peterselie, basilicumpoeder), kleurstof (paprika-extract), gedroogde rode paprika. Kan melk bevatten.|100 Gram
460336|albert_heijn|None|Chio Mixplosions paprika|Chio|None|100.0|Gram|Home|Producten|Borrel, chips, snacks|Chips|1.99|1.99|||||None|||19.9 per KG|€||https://www.ah.nl/producten/product/wi460336/mixplosions-paprika|27|None|Maïssnack met paprika smaak||Droog en donker bewaren. Na openen beperkt houdbaar.|None|None|D|Non-Organic|None|None|INGREDIËNTEN: Maïsgries 47%, zonnebloemolie, aardappelgranulaat 13%, TARWEBLOEM, natuurlijk aroma, suiker, zure roompoeder (MELK), zout, specerijen, weipoeder (MELK), kleurstof (paprika-extract).|100 Gram
171843|albert_heijn|None|Tyrrells Sea salt & cider vinegar|Tyrrells|None|150.0|Gram|Home|Producten|Borrel, chips, snacks|Chips|2.99|2.99|||||None|||19.93 per KG|€||https://www.ah.nl/producten/product/wi171843/sea-salt-en-cider-vinegar|25|None|Aardappelchips gekruid met zeezout en appelazijn Verpakt onder beschermende atmosfeer.||Bewaren op een koele, droge plek|None|None|D|Non-Organic|None|None|Ingrediënten:Aardappelen, zonnebloemolie, zeezout, gedroogde appelazijn, wijnazijnpoeder, natuurlijk aroma, gedroogde moutazijn(GERST),appelpoeder. Kan melk bevatten.|100 Gram
579885|albert_heijn|None|Doritos Salted original|Doritos|None|170.0|Gram|Home|Producten|Borrel, chips, snacks|Chips|2.25|2.25|||||None|||13.24 per KG|€||https://www.ah.nl/producten/product/wi579885/salted-original|20|None|Gezouten maïschips Verpakt onder beschermende atmosfeer.||Koel en droog bewaren.|None|None|B|Non-Organic|None|None|Ingrediënten: maïs (83%), koolzaadolie, zout, antioxidanten (extracten van rozemarijn, ascorbinezuur, tocoferolrijk extract, citroenzuur). Kan soja en tarwe (gluten) bevatten.|100 Gram
470029|albert_heijn|None|AH Biologisch Appelchips|AH Biologisch|None|75.0|Gram|Home|Producten|Wholefoods|Fruit en bessen (superfoods)|2.89|2.89|||||None|||38.53 per KG|€||https://www.ah.nl/producten/product/wi470029/appelchips|0.7|None|Gedroogde appelchips Skal 001920 EU-bio-logo NL-BIO-01||Ten minste houdbaar tot en met: zie zijkant. Kijk, ruik en proef na deze datum. Koel, donker en droog bewaren. Na openen beperkt houdbaar.|None|None|D|Organic|None|None|"Ingrediënten: appel*.
Waarvan toegevoegde suikers 0.00g per 100 gram en waarvan toegevoegd zout 0.00g per 100 gram
EU Landbouw 
*Van biologische oorsprong."|100 Gram
451577|albert_heijn|None|Chio Pom-bär original partypack|Chio|None|130.0|Gram|Home|Producten|Borrel, chips, snacks|Chips|2.39|2.39|||||None|||18.38 per KG|€||https://www.ah.nl/producten/product/wi451577/pom-bar-original-partypack|26.1|None|Aardappelsnack, gezouten||Droog en donker bewaren Na openen beperkt houdbaar|None|None|D|Non-Organic|None|None|INGREDIËNTEN: Aardappelpoeder (32%), zonnebloemolie, maïszetmeel, aardappelzetmeel, maïsdextrine, suiker, gejodeerd zout, emulgator (mono- en diglyceriden van vetzuren), zout, gistextract, paprikapoeder.|100 Gram
477608|albert_heijn|None|Cheetos Goals cheese flavour|Cheetos|None|100.0|Gram|Home|Producten|Borrel, chips, snacks|Chips|1.99|1.99|||||None|||19.9 per KG|€||https://www.ah.nl/producten/product/wi477608/goals-cheese-flavour|28|None|Maïszoutje met kaassmaak||Koel en droog bewaren.|None|None|D|Non-Organic|None|None|Ingrediënten: maïsmeel (73%), koolzaadolie, kaassmaak [LACTOSE (van MELK), weipoeder (van MELK), aroma's (bevat kaaspoeder (MELK)), gerookt zout, kaliumchloride, zout, smaakversterkers (mononatriumglutamaat, dinatriuminosinaat, dinatriumguanylaat), kleurstof (paprika extract)], suiker, zout, groente concentraat (wortel, radijs). Kan soja bevatten.|100 Gram
586939|albert_heijn|None|Lay's Mac & cheese|Lay's|None|185.0|Gram|Home|Producten|Borrel, chips, snacks|Chips|2.39|1.55|2.39|1.55|2025-05-26|2025-06-01|None||35% Op=Op korting|12.92 per KG|€||https://www.ah.nl/producten/product/wi586939/mac-en-cheese|31|None|Geribbelde aardappelchips met macaroni- en kaassmaak Verpakt onder beschermende atmosfeer.||Koel en droog bewaren|None|None|D|Non-Organic|None|None|Ingrediënten: aardappelen, plantaardige oliën (zonnebloem, koolzaad, in wisselende hoeveelheden), macaroni met kaassmaak [zout, aroma's, suiker, uienpoeder, kaliumchloride, specerijen (piment, zwarte peper, nootmuskaat), voedingszuur (citroenzuur), kleurstof (paprika-extract)], antioxidanten (extracten van rozemarijn, ascorbinezuur, tocoferolrijk extract, citroenzuur).|100 Gram
584984|albert_heijn|None|Lay's Fun mix 15-pack|Lay's|None|15.0|Stuks|Home|Producten|Borrel, chips, snacks|Chips|6.49|6.49|||||None||||€||https://www.ah.nl/producten/product/wi584984/fun-mix-15-pack|31|None|Geribbelde aardappelchips met paprikasmaak 27.5g # Maïschips met kaassmaak 27.5g # Gezouten aardappelchips 27.5g Verpakt onder beschermende atmosfeer.||Koel en droog bewaren.|None|None|C|Non-Organic|None|None|Ingrediënten: Geribbelde aardappelchips met paprikasmaak 27,5g ℮ - Ingrediënten: aardappelen, plantaardige oliën (zonnebloem, koolzaad, in wisselende hoeveelheden), paprikasmaak [suiker, zout, paprikapoeder, gerookte zoete paprikapoeder, uienpoeder, knoflookpoeder, aroma's, kleurstof (paprika-extract), fructose, cayennepeper, voedingszuur (citroenzuur)], antioxidanten (extracten van rozemarijn, ascorbinezuur, tocoferolrijk extract, citroenzuur). Maïchips met kaassmaak 27,5g ℮ - Ingrediënten: maïs (72%), koolzaadolie, kaassmaak [weipoeder (MELK), aroma's (MELK), zout, KARNEMELKPOEDER, kaaspoeder (MELK), tomatenpoeder, uienpoeder, kaliumchloride, suiker, knoflookpoeder, zuurteregelaars (citroenzuur, melkzuur), kleurstoffen (annatto bixin, karamel, paprika-extract), MELKEIWIT, specerijen, magere MELKPOEDER, smaakversterker (dinatrium-5'-ribonocleotide)], antioxidanten (ascorbinezuur, extracten van rozemarijn, tocoferolrijk extract, citroenzuur). Kan soja en tarwe (gluten) bevatten. Gezouten aardappelchips 27,5g ℮ - Ingrediënten: aardappelen, plantaardige oliën (zonnebloem, koolzaad, in wisselende hoeveelheden), zout, antioxidanten (extracten van rozemarijn, ascorbinezuur, tocoferolrijk extract, citroenzuur).|100 Gram
451528|albert_heijn|None|Chio Heartbreakers Paprika Partypack|Chio|None|170.0|Gram|Home|Producten|Borrel, chips, snacks|Chips|2.49|2.49|||||None|||14.65 per KG|€||https://www.ah.nl/producten/product/wi451528/heartbreakers-paprika-partypack|29|None|AARDAPPEL-RIJSTSNACK MET PAPRIKA SMAAK||Droog en donker bewaren. Na openen beperkt houdbaar.|None|None|D|Non-Organic|None|None|INGREDIËNTEN: Aardappelpoeder 33%, zonnebloemolie, rijstmeel 15%, aardappelzetmeel, gemodificeerd aardappelzetmeel, suiker, zout, uipoeder, tomatenpoeder, gehydrolyseerd plantaardig eiwit, paprikapoeder, gistextract, specerijen, natuurlijk aroma, zuurteregelaar (natriumacetaten), kruiden, knoflookpoeder, kleurstof (paprika-extract).|100 Gram
407984|albert_heijn|None|AH Ribbelchips zeezout|AH|None|150.0|Gram|Home|Producten|Borrel, chips, snacks|Chips|1.59|1.59|||||None|||10.6 per KG|€||https://www.ah.nl/producten/product/wi407984/ribbelchips-zeezout|22|None|Aardappelchips met zeezout *Bevat 35% minder vet dan AH Ribbelchips naturel Verpakt onder beschermende atmosfeer.||Ten minste houdbaar tot en met: zie achterzijde. Kijk, ruik en proef na deze datum. Koel en droog bewaren.|None|None|C|Non-Organic|None|None|"Ingrediënten: 77% aardappel, 22% zonnebloemolie, 0,9% zeezout.
Waarvan toegevoegde suikers 0.00g per 100 gram en waarvan toegevoegd zout 0.90g per 100 gram"|100 Gram
477606|albert_heijn|None|Lay's Bugles sweet chilli|Lay's|None|125.0|Gram|Home|Producten|Borrel, chips, snacks|Chips|2.29|2.29|||||None|||18.32 per KG|€||https://www.ah.nl/producten/product/wi477606/bugles-sweet-chilli|32|None|Maïszoutje met zoete chillismaak||Droog bewaren.|None|None|D|Non-Organic|None|None|Ingrediënten: maïs, zonnebloemolie, zoete chillismaak [gehydrolyseerd plantaardig eiwit (van SOJA), fructose, smaakversterkers (mononatriumglutamaat, dinatrium-5’-ribonucleotiden), aroma (bevat SELDERIJ-extract, MOSTERDOLIE, LACTOSE (van MELK), TARWE), zuurteregelaars (natriumdiacetaat, appelzuur), maltodextrine, uipoeder, kaliumchloride, specerijen, kleurstof (paprika-extract)], zout.|100 Gram
470028|albert_heijn|None|AH Biologisch Bananenchips|AH Biologisch|None|250.0|Gram|Home|Producten|Wholefoods|Fruit en bessen (superfoods)|2.89|2.89|||||None|||11.56 per KG|€||https://www.ah.nl/producten/product/wi470028/bananenchips|25|None|Gezoete bananenchips Skal 001920 EU-bio-logo NL-BIO-01||Ten minste houdbaar tot en met: zie zijkant. Vaak goed na deze datum. Kijk, ruik en proef. Koel, donker en droog bewaren. Na openen beperkt houdbaar.|None|None|D|Organic|None|None|"Ingrediënten: 68% banaan*, kokosolie*, 10% rietsuiker*.
Waarvan toegevoegde suikers 10g per 100 gram en waarvan toegevoegd zout 0.00g per 100 gram
*Van biologische oorsprong. 
Niet-EU Landbouw"|100 Gram
586938|albert_heijn|None|Lay's Chorizo & onion|Lay's|None|185.0|Gram|Home|Producten|Borrel, chips, snacks|Chips|2.39|1.55|2.39|1.55|2025-05-26|2025-06-01|None||35% Op=Op korting|12.92 per KG|€||https://www.ah.nl/producten/product/wi586938/chorizo-en-onion|31|None|Geribbelde aardappelchips met chorizo en geroosterde uiensmaak Verpakt onder beschermende atmosfeer.||Koel en droog bewaren|None|None|D|Non-Organic|None|None|Ingrediënten: aardappelen, plantaardige oliën (zonnebloem, koolzaad, in wisselende hoeveelheden), chorizo en geroosterde uiensmaak [suiker, aroma's, (bevat MELK), zout, specerijen, gerookt zout, voedingszuur (citroenzuur), kleurstof (paprika-extract)], antioxidanten (extracten van rozemarijn, ascorbinezuur, tocoferolrijk extract, citroenzuur).|100 Gram
526375|albert_heijn|None|Popworks Sweet & salty|Popworks|None|85.0|Gram|Home|Producten|Borrel, chips, snacks|Chips|2.59|1.68|2.59|1.68|2025-05-26|2025-06-01|None||35% Op=Op korting|30.47 per KG|€||https://www.ah.nl/producten/product/wi526375/sweet-en-salty|14|None|Maïschips met zoete- en hartige smaak ** 40% minder vet dan gewone aardappelchips gemiddeld bevatten.||Koel en droog bewaren.|None|None|B|Non-Organic|None|None|Ingrediënten: maïs (74%), zonnebloemolie, suiker, erwten vezel, zeezout. Kan soja en melk bevatten. |100 Gram
442549|albert_heijn|None|Tyrrells Chips truffle & sea salt|Tyrrells|None|150.0|Gram|Home|Producten|Borrel, chips, snacks|Chips|2.99|2.99|||||None|||19.93 per KG|€||https://www.ah.nl/producten/product/wi442549/chips-truffle-en-sea-salt|26|None|Aardappelchips met truffelsmaak en zeezout Verpakt onder beschermende atmosfeer.||Bewaren op een koele, droge plek|None|None|C|Non-Organic|None|None|Ingrediënten: aardappelen, plantaardige oliën (zonnebloem, raapzaad in wisselende verhoudingen), zeezout, natuurlijk aroma, knoflookpoeder, gistextract, zwarte peper, zommertruffelpoeder (tuber aestivum vitt). Kan melk bevatten.|100 Gram
211365|albert_heijn|None|Chio Flippies cheese XXL|Chio|None|115.0|Gram|Home|Producten|Borrel, chips, snacks|Chips|1.99|1.29|1.99|1.29|2025-05-26|2025-06-01|None||35% Op=Op korting|17.3 per KG|€||https://www.ah.nl/producten/product/wi211365/flippies-cheese-xxl|27|None|Maïssnack met kaassmaak||Droog en donker bewaren. Na openen beperkt houdbaar.|None|None|D|Non-Organic|None|None|Ingrediënten: maïsgries 65%, zonnebloemolie, natuurlijk aroma, natuurlijk kaasaroma (MELK), kaaspoeder (MELK) 1%, zout, emulgator (mono- en diglyceriden van vetzuren). Kan tarwe (gluten) bevatten.|100 Gram
437574|albert_heijn|None|Santa Maria Nacho chips original|Santa Maria|None|185.0|Gram|Home|Producten|Borrel, chips, snacks|Chips|2.29|2.29|||||None|||12.38 per KG|€||https://www.ah.nl/producten/product/wi437574/nacho-chips-original|20|None|Knapperige maïschips.||Droog en op kamertemperatuur bewaren.|None|None|C|Non-Organic|None|None|Ingrediënten: Maïsmeel (78%), zonnebloemolie, zout. Kan sporen van soja bevatten.|100 Gram
459636|albert_heijn|None|Lay's Hamka's original|Lay's|None|170.0|Gram|Home|Producten|Borrel, chips, snacks|Chips|2.49|1.62|2.49|1.62|2025-05-26|2025-06-01|None||35% Op=Op korting|14.65 per KG|€||https://www.ah.nl/producten/product/wi459636/hamka-s-original|25|None|Maïs- en tarwezoutje met ham- en kaassmaak||Koel en droog bewaren.|None|None|D|Non-Organic|None|None|Ingrediënten: maïs, koolzaadolie, TARWEBLOEM, ham- en kaassmaak [zoete weipoeder (van MELK), smaakversterkers (mononatriumglutamaat, dinatrium guanylaat), emulgator (mono- en diglyceriden van vetzuren), kaaspoeder (van MELK), aroma's (bevat MELK), suiker, kaliumchloride, gerookt zout, specerijen, kleurstof (paprika-extract), voedingszuur (citroenzuur)], zout. Kan soja bevatten.|100 Gram
460365|albert_heijn|None|Proper Barbecue lentil chips|Proper|None|85.0|Gram|Home|Producten|Borrel, chips, snacks|Chips|2.49|1.62|2.49|1.62|2025-05-26|2025-06-01|None||35% Op=Op korting|29.29 per KG|€||https://www.ah.nl/producten/product/wi460365/barbecue-lentil-chips|19.4|None|Linzenchips met barbecuesmaak Verpakt onder een beschermende atmosfeer.|||None|None|E|Non-Organic|None|None|Ingrediënten: linzenmeel (28%), aardappelzetmeel, maïsmeel, zonnebloemolie, suiker, zout, natuurlijke smaakstoffen, ui, knoflook, rijstmeel, gerookte chipotlepeper, tomaat, kokosolie, raapzaadolie, kruiden. Allergeneninformatie: gemaakt in een fabriek waar ook soja wordt verwerkt.|100 Gram
526383|albert_heijn|None|Lay's Pickles|Lay's|None|200.0|Gram|Home|Producten|Borrel, chips, snacks|Chips|2.29|2.29|||||None|||11.45 per KG|€||https://www.ah.nl/producten/product/wi526383/pickles|27|None|Aardappelchips met piccalillysmaak Geweldige smaak, minder zout** **Minstens 25% minder zout dan gewone aardappelchips Verpakt onder beschermende atmosfeer.||Koel en droog bewaren|None|None|B|Non-Organic|None|None|Ingrediënten: aardappelen, plantaardige oliën (zonnebloem, koolzaad, in wisselende hoeveelheden), picalillysmaak [aroma's, suiker, kaliumchloride, specerijen, zout, zuurteregelaars (citroenzuur, appelzuur)],  antioxidanten (extracten van rozemarijn, ascorbinezuur, tocoferolrijk extract, citroenzuur).|100 Gram
460463|albert_heijn|None|AH Robuuste chips zeezout & peper|AH|None|150.0|Gram|Home|Producten|Borrel, chips, snacks|Chips|2.19|2.19|||||None|||14.6 per KG|€||https://www.ah.nl/producten/product/wi460463/robuuste-chips-zeezout-en-peper|25|None|Aardappelchips met zeezout en zwarte peper||Ten minste houdbaar tot en met: zie achterzijde. Vaak goed na deze datum. Kijk, ruik en proef. Koel, donker en droog bewaren. De verpakking goed sluiten na gebruik.|None|None|D|Non-Organic|None|None|"Ingrediënten: 68% aardappel, plantaardige olie (raap, zonnebloem [in wisselende verhoudingen]), maltodextrine, rijstebloem, zeezout, 0,8% zwarte peper, suiker, gistextract, 0,2% zwartepeperextract, voedingszuur (citroenzuur [E330]).

Waarvan toegevoegde suikers 0.6g per 100 gram en waarvan toegevoegd zout 1.12g per 100 gram"|100 Gram
211367|albert_heijn|None|Tyrrells Mature cheddar & chive|Tyrrells|None|150.0|Gram|Home|Producten|Borrel, chips, snacks|Chips|2.99|2.99|||||None|||19.93 per KG|€||https://www.ah.nl/producten/product/wi211367/mature-cheddar-en-chive|26|None|Aardappelchips met belegen cheddarkaas en bieslook Verpakt onder beschermende atmosfeer.||Bewaren op een koele, droge plek|None|None|D|Non-Organic|None|None|Ingrediënten: aardappelen, plantaardige oliën (zonnebloem, raapzaad in wisselende verhoudingen), lactose (MELK), uienpoeder, belegen cheddarkaaspoeder (MELK), gistextract, zout, gedroogde bieslook, knoflookpoeder, kleurstof (paprika-extract).|100 Gram
574598|albert_heijn|None|Croky Pop'd potatoes paprika|Croky|None|85.0|Gram|Home|Producten|Borrel, chips, snacks|Chips|1.99|1.99|||||None|||23.41 per KG|€||https://www.ah.nl/producten/product/wi574598/pop-d-potatoes-paprika|13|None|Gepofte aardappelchips met paprikasmaak, suiker en zoetstof van natuurlijke oorsprong. -55% vet* * in vergelijking met traditioneel gefrituurde aardappelchips|||None|None|D|Non-Organic|None|None|Ingrediënten: 49% gedroogde aardappelen (EU en niet-EU), 16% aardappelzetmeel (EU), rijstbloem, zonnebloemolie, zout, specerijen (waarvan 0,6% paprika), dextrose, suiker, maïsbloem, smaakversterker (mononatriumglutamaat), kaliumchloride, aroma's, zuurteregelaar (natriumacetaten), voedingszuren (citroenzuur, appelzuur), zoetstof (steviolglycosiden). KAN SPOREN VAN SOJA BEVATTEN.|100 Gram
516975|albert_heijn|None|AH Onion rings|AH|None|125.0|Gram|Home|Producten|Borrel, chips, snacks|Chips|0.99|0.99|||||None|||7.92 per KG|€||https://www.ah.nl/producten/product/wi516975/onion-rings|28|None|Maïs-tarwezoutjes met 2,1% uienpoeder||Ten minste houdbaar tot en met: zie achterzijde. Kijk, ruik en proef na deze datum. Donker en droog bewaren. De verpakking goed sluiten na gebruik.|None|None|C|Non-Organic|None|None|"Ingrediënten: 43% maïsgrut, zonnebloemolie, 23% tarwebloem, specerijen (ui, knoflook), voedingsvezel (inuline), zout, dextrose, suiker, gistextract, kaliumchloride (dieetzout), natuurlijk aroma, peterselie, emulgator (mono- en diglyceriden van vetzuren [E471]), rijstebloem, extract van paprika.
Waarvan toegevoegde suikers 1.2g per 100 gram en waarvan toegevoegd zout 1.25g per 100 gram"|100 Gram
448556|albert_heijn|None|AH Bananenchips|AH|None|200.0|Gram|Home|Producten|Wholefoods|Fruit en bessen (superfoods)|2.29|2.29||2.29|||None|||11.45 per KG|€||https://www.ah.nl/producten/product/wi448556/bananenchips|30|None|Gezoete bananenchips||Ten minste houdbaar tot en met: zie zijkant. Vaak goed na deze datum. Kijk, ruik en proef. Koel, donker en droog bewaren. Na openen beperkt houdbaar. De verpakking goed sluiten na gebruik.|None|None|E|Non-Organic|None|None|"Ingrediënten: 76% banaan, kokosolie, suiker, bananenaroma.
Waarvan toegevoegde suikers 7.9g per 100 gram en waarvan toegevoegd zout 0.00g per 100 gram"|100 Gram
436454|albert_heijn|None|Doritos Nacho cheese|Doritos|None|85.0|Gram|Home|Producten|Borrel, chips, snacks|Chips|1.49|0.97|1.49|0.97|2025-05-26|2025-06-01|None||35% Op=Op korting|17.53 per KG|€||https://www.ah.nl/producten/product/wi436454/nacho-cheese|22|None|Maïschips met kaassmaak Verpakt onder beschermende atmosfeer.||Koel en droog bewaren.|None|None|B|Non-Organic|None|None|Ingrediënten: maïs (73%), koolzaadolie, kaassmaak [weipoeder (MELK), aroma (MELK), zout, KARNEMELKPOEDER, kaaspoeder (MELK), tomatenpoeder, uienpoeder, kaliumchloride, suiker, knoflookpoeder, zuurteregelaars (citroenzuur, melkzuur), kleurstoffen (annatto bixin, karamel, paprika-extract), MELKEIWIT, specerijen, magere MELKPOEDER, smaakversterker (dinatrium-5'-ribonucleotide)], antioxidanten (extracten van rozemarijn, ascorbinezuur, tocoferolrijk extract, citroenzuur). Kan soja en tarwe (gluten) bevatten.|100 Gram
562283|albert_heijn|None|Croky Explosions sweet chili|Croky|None|150.0|Gram|Home|Producten|Borrel, chips, snacks|Chips|1.99|1.99|||||None|||13.27 per KG|€||https://www.ah.nl/producten/product/wi562283/explosions-sweet-chili|29|None|Aardappelchips met zoete chilismaak Verpakt onder beschermende atmosfeer.||Koel en droog bewaren|None|None|D|Non-Organic|None|None|Ingrediënten: 64% aardappelen, 29% zonnebloemolie, zoete chilikruiding (suiker, zout, dextrose, aroma, specerijen (bevat chili 0,03%), voedingszuur (citroenzuur, appelzuur), tomaatpoeder, kleurstof (paprika-extract), carobe poeder).|100 Gram
579875|albert_heijn|None|AH Tortilla chips nacho cheese flavour|AH|None|200.0|Gram|Home|Producten|Borrel, chips, snacks|Chips|1.19|1.19|||||None|||5.95 per KG|€||https://www.ah.nl/producten/product/wi579875/tortilla-chips-nacho-cheese-flavour|20|None|Maïschips met kaassmaak||Ten minste houdbaar tot en met: zie achterzijde. Vaak goed na deze datum. Kijk, ruik en proef. De verpakking goed sluiten na gebruik.|None|None|C|Non-Organic|None|None|"Ingrediënten: 75% maïsmeel, zonnebloemolie, 1,1% kaaspoeder, specerijen, zout, lactose, karnemelk, suiker, dextrose, tomatenpoeder, natuurlijk aroma, voedingszuur (citroenzuur [E330]), extract van paprika, aroma (melk), lavas.
Waarvan toegevoegde suikers 1.4g per 100 gram en waarvan toegevoegd zout 0.94g per 100 gram"|100 Gram
124386|albert_heijn|None|Cheetos Spinners paprika|Cheetos|None|110.0|Gram|Home|Producten|Borrel, chips, snacks|Chips|2.29|1.49|2.29|1.49|2025-05-26|2025-06-01|None||35% Op=Op korting|20.82 per KG|€||https://www.ah.nl/producten/product/wi124386/spinners-paprika|17|None|Maïszoutje met paprikasmaak||Koel en droog bewaren.|None|None|D|Non-Organic|None|None|Ingrediënten: maïs, koolzaadolie, paprikasmaak [suiker, aroma (bevat ui- en knoflookpoeder, paprika-extract), smaakversterker (mononatriumglutamaat), kaliumchloride, kleurstof (bietenrood), zuurteregelaars (citroenzuur, calcium lactaat)], zout (bevat gerookt zout). Kan soja en tarwe (gluten) bevatten.|100 Gram
519194|albert_heijn|None|Santa Maria Nacho chips original|Santa Maria|None|475.0|Gram|Home|Producten|Borrel, chips, snacks|Chips|3.99|3.99|||||None|||8.4 per KG|€||https://www.ah.nl/producten/product/wi519194/nacho-chips-original|20|None|Knapperige gezouten maïschips.||Droog en op kamertemperatuur bewaren.|None|None|C|Non-Organic|None|None|"Ingrediënten: Maïsmeel (78%), zonnebloemolie, zout

Kan sporen van soja bevatten."|100 Gram
217874|albert_heijn|None|AH Ribbelchips sour cream & onion|AH|None|150.0|Gram|Home|Producten|Borrel, chips, snacks|Chips|1.59|1.59|||||None|||10.6 per KG|€||https://www.ah.nl/producten/product/wi217874/ribbelchips-sour-cream-en-onion|21|None|Aardappelchips met zure room- en uiensmaak Bevat 35% minder vet dan andere AH aardappelchips Verpakt onder beschermende atmosfeer.||Ten minste houdbaar tot en met: zie achterzijde. Kijk, ruik en proef na deze datum. Koel en droog bewaren.|None|None|B|Non-Organic|None|None|"Ingrediënten: aardappel, 21% zonnebloemolie, weipoeder, suiker, lactose, zout, 0,8% uipoeder, voedingszuur (melkzuur [E270], citroenzuur [E330]), gistextract, gedroogde peterselie, natuurlijke aroma's, dextrose.
Waarvan toegevoegde suikers 2.8g per 100 gram en waarvan toegevoegd zout 0.90g per 100 gram"|100 Gram
442669|albert_heijn|None|Doritos Cool american|Doritos|None|272.0|Gram|Home|Producten|Borrel, chips, snacks|Chips|2.99|2.99|||||None|||10.99 per KG|€||https://www.ah.nl/producten/product/wi442669/cool-american|26|None|Maïschips met zure roomsmaak Verpakt onder beschermende atmosfeer.||Koel en droog bewaren.|None|None|C|Non-Organic|None|None|"Ingrediënten: maïs, koolzaadolie, zure roomsmaak [magere MELKPOEDER, lactosepoeder (MELK), tomatenpoeder, palmolie, glucosesiroop, uienpoeder, knoflookpoeder, kaaspoeder (van MELK), aroma, zonnebloemolie, suiker, smaakversterkers (mononatriumglutamaat, dinatrium-5’-ribonucleotiden), 
zuurteregelaar (appelzuur), MELKEIWIT, specerijen, kleurstof (annatto bixin)], zout, antioxidanten (extracten van rozemarijn, ascorbinezuur, tocoferolrijk extract, citroenzuur). Kan soja en tarwe (gluten) bevatten."|100 Gram
233406|albert_heijn|None|AH Biologisch Chips naturel|AH Biologisch|None|125.0|Gram|Home|Producten|Borrel, chips, snacks|Chips|1.65|1.65|||||None|||13.2 per KG|€||https://www.ah.nl/producten/product/wi233406/chips-naturel|28|None|Aardappelchips Skal 001920 EU-bio-logo NL-BIO-01||Ten minste houdbaar tot en met: zie achterzijde. Vaak goed na deze datum. Kijk, ruik en proef. Donker en droog bewaren.|None|None|C|Organic|None|None|"Ingrediënten: 63% aardappelen*, 36% zonnebloemolie*, zeezout.
Waarvan toegevoegde suikers 0.00g per 100 gram en waarvan toegevoegd zout 1.00g per 100 gram
EU Landbouw 
*Van biologische oorsprong."|100 Gram
460366|albert_heijn|None|Proper Sweet Sriracha Chilli Lentil Chips|Proper|None|85.0|Gram|Home|Producten|Borrel, chips, snacks|Chips|2.49|2.49|||||None|||29.29 per KG|€||https://www.ah.nl/producten/product/wi460366/sweet-sriracha-chilli-lentil-chips|19.5|None|Linzenchips met de smaak van zoete srirachasaus. Verpakt onder een beschermende atmosfeer|||None|None|E|Non-Organic|None|None|Ingrediënten: linzenmeel (28%), aardappelzetmeel, maïsmeel, zonnebloemolie, suiker, rijstmeel, natuurlijke smaakstoffen, zout, cayennepeper, knoflook, ui, kokosolie, raapzaadolie, peterselie, kleuren: paprika-extract. Allergeneninformatie: gemaakt in een fabriek waar ook soja wordt verwerkt.|100 Gram
460367|albert_heijn|None|Proper Sour cream & chive|Proper|None|85.0|Gram|Home|Producten|Borrel, chips, snacks|Chips|2.49|1.62|2.49|1.62|2025-05-26|2025-06-01|None||35% Op=Op korting|29.29 per KG|€||https://www.ah.nl/producten/product/wi460367/sour-cream-en-chive|19.3|None|linzenchips met zure room en bieslook smaak Verpakt onder beschermende atmosfeer.|||None|None|E|Non-Organic|None|None|Ingrediënten: linzenmeel (28%), aardappelzetmeel, plantaardige oliën (zonnebloem, koolzaad, kokos), maïsmeel, rijstmeel, zout, natuurlijke aroma's, ui, suiker, peterselie, bieslook. Allergeneninformatie: kan sporen van soja bevatten.|100 Gram
553859|albert_heijn|None|Chio Popchips paprika|Chio|None|70.0|Gram|Home|Producten|Borrel, chips, snacks|Chips|1.99|1.99|||||None|||28.43 per KG|€||https://www.ah.nl/producten/product/wi553859/popchips-paprika|13|None|Gepofte aardappelsnack met paprikasmaak||Bewaren op een koele, droge plaats, uit de buurt van zonlicht.|None|None|C|Non-Organic|None|None|Ingrediënten: aardappelpoeder (29%), aardappelzetmeel (26%), rijstbloem, raapzaadolie, suiker, zout, paprikapoeder, zure roompoeder (MELK), zoete weipoeder (MELK), gemalen peper, chilipoeder, gistextract, uipoeder, tomatenpoeder, glucosesiroop, knoflookpoeder, specerijen, maltodextrine, natuurlijk aroma, emulgator (lecithinen), kleurstof (paprika-extract), voedingszuur (citroenzuur). Kan sporen bevatten van TARWE en SESAM.|100 Gram
233281|albert_heijn|None|Pringles Salt & vinegar|Pringles|None|165.0|Gram|Home|Producten|Borrel, chips, snacks|Chips|2.69|2.69||2.69|||None|||16.3 per KG|€||https://www.ah.nl/producten/product/wi233281/salt-en-vinegar||None|Pringles Salt & Vinegar 165G|||None|None||Non-Organic|None|None||
233280|albert_heijn|None|Pringles Cheese & onion|Pringles|None|165.0|Gram|Home|Producten|Borrel, chips, snacks|Chips|2.69|2.69||2.69|||None|||16.3 per KG|€||https://www.ah.nl/producten/product/wi233280/cheese-en-onion||None|Pringles Cheese & Onion 165G|||None|None||Non-Organic|None|None||
516970|albert_heijn|None|Lay's Max pickles|Lay's|None|185.0|Gram|Home|Producten|Borrel, chips, snacks|Chips|2.39|2.39|||||None|||12.92 per KG|€||https://www.ah.nl/producten/product/wi516970/max-pickles|31|None|Geribbelde aardappelchips met piccalillysmaak Verpakt onder beschermende atmosfeer.||Koel en droog bewaren.|None|None|C|Non-Organic|None|None|Ingrediënten: aardappelen, plantaardige oliën (zonnebloem, koolzaad, in wisselende hoeveelheden), piccalillysmaak [aroma's, suiker, kaliumchloride, specerijen, zout, zuurteregelaars (citroenzuur, appelzuur)], antioxidanten (extracten van rozemarijn, ascorbinezuur, tocoferolrijk extract, citroenzuur).|100 Gram
425476|albert_heijn|None|BioToday Linzenchips zeezout|BioToday|None|75.0|Gram|Home|Producten|Borrel, chips, snacks|Chips|2.29|2.29|||||None|||30.53 per KG|€||https://www.ah.nl/producten/product/wi425476/linzenchips-zeezout|17|None|Chips Op Basis Van Linzenmeel Source of fibre Verpakt onder beschermende atmosfeer.||"Koel, droog en afgesloten.
Ten minste houdbaar tot:"|None|None|D|Organic|None|None|"Ingrediënten: Rode linzenmeel* 43%, aardappelzetmeel*, zonnebloemolie*, aardappelmeel*, zeezout 1,8%, kurkuma*, *=biologisch.

Kan sporen bevatten van: pinda's (aardnoten), soja, melk, selderij
"|100 Gram
562284|albert_heijn|None|Croky Explosions Thai curry|Croky|None|150.0|Gram|Home|Producten|Borrel, chips, snacks|Chips|1.99|1.99|||||None|||13.27 per KG|€||https://www.ah.nl/producten/product/wi562284/explosions-thai-curry|29.3|None|Aardappelchips met zoete Thaise currysmaak, suiker en zoetstof Verpakt onder beschermende atmosfeer.||Koel en droog bewaren|None|None|D|Non-Organic|None|None|Ingrediënten: 65% aardappelen, 29% zonnebloemolie, zoete Thaise currykruiding (specerijen (0,7% knoflook, 0,3% koriander), poedersuiker, zout, 0,5% SOJAsaus (SOJA, zout, alcoholazijn, maltodextrine), smaakversterker (mononatriumglutamaat), aroma (MELK), zuurteregelaar (natriumacetaten), voedingszuur (citroenzuur), zoetstof (sucralose)).|100 Gram
448477|albert_heijn|None|AH Mini friet sour cream|AH|None|150.0|Gram|Home|Producten|Borrel, chips, snacks|Chips|0.99|0.99|||||None|||6.6 per KG|€||https://www.ah.nl/producten/product/wi448477/mini-friet-sour-cream|30|None|Aardappelsticks met zure room- en uiensmaak Verpakt onder beschermende atmosfeer.||Ten minste houdbaar tot en met: zie achterzijde. Kijk, ruik en proef na deze datum. Donker en droog bewaren. De verpakking goed sluiten na gebruik.|None|None|D|Non-Organic|None|None|"Ingrediënten: 65% aardappel, 30% zonnebloemolie, zout, specerijen (o.a. 1% ui), suiker, karnemelkpoeder, weipoeder, voedingszuur (melkzuur [E270], appelzuur [E296]), zureroomaroma (melk), peterselie.
Waarvan toegevoegde suikers 0.8g per 100 gram en waarvan toegevoegd zout 1.20g per 100 gram"|100 Gram
518741|albert_heijn|None|The Organic Crave Protein chips paprika onion|The Organic Crave|None|30.0|Gram|Home|Producten|Borrel, chips, snacks|Chips|1.75|1.75|||||None|||58.33 per KG|€||https://www.ah.nl/producten/product/wi518741/protein-chips-paprika-onion|11|None|BIO proteïne chips met paprika en ui. High in Protei Verpakt in beschermende atmosfeer.||Bewaren: Droog en beschermd tegen zonlicht.|None|None|D|Organic|None|None|Ingrediënten: Linzenmeel* (82%), zonnebloemolie* paprika* (2,4%), knoflook*, gistextract*, zetmeel*, ui* (1,4%), dextrose*, tomaat*, zout, antioxidant (rozemarijn extract*).  * = Biologisch. Kan sporen van soja bevatten.|100 Gram
460462|albert_heijn|None|AH Robuuste chips salt & vinegar|AH|None|150.0|Gram|Home|Producten|Borrel, chips, snacks|Chips|2.19|2.19|||||None|||14.6 per KG|€||https://www.ah.nl/producten/product/wi460462/robuuste-chips-salt-en-vinegar|25|None|Aardappelchips met zeezout en azijnpoeder||Ten minste houdbaar tot en met: zie achterzijde. Vaak goed na deze datum. Kijk, ruik en proef. Koel, donker en droog bewaren. De verpakking goed sluiten na gebruik.|None|None|D|Non-Organic|None|None|"Ingrediënten: 68% aardappel, plantaardige olie (raap, zonnebloem [in wisselende verhoudingen]), maltodextrine, zeezout, dextrose, 0,5% balsamicoazijnpoeder, suiker, voedingszuur (appelzuur [E296], citroenzuur [E330]), natuurlijk aroma, gistextractpoeder, 0,1% appelazijnpoeder, 0,03% rodewijnazijnpoeder. 
Waarvan toegevoegde suikers 1.3g per 100 gram en waarvan toegevoegd zout 0.91g per 100 gram"|100 Gram
574333|albert_heijn|None|Doritos Flamin' hot|Doritos|None|160.0|Gram|Home|Producten|Borrel, chips, snacks|Chips|2.49|2.49|||||None|||15.56 per KG|€||https://www.ah.nl/producten/product/wi574333/flamin-hot|22|None|Maïschips met pittige chilismaak Verpakt onder beschermende atmosfeer.||Koel en droog bewaren.|None|None|C|Non-Organic|None|None|Ingrediënten: Maïs, koolzaadolie, Flamin' Hot smaak [suiker, aroma, kaliumchloride, zuurteregelaars (citroenzuur, appelzuur), zout, knoflookpoeder, smaakversterker (mononatriumglutamaat), uienpoeder, gerookt paprikapoeder, groenteconcentraat (radijs, wortel), jalapeño peperpoeder, specerijen, kleurstof (paprika-extract), gedroogde oregano, gerookte maltodextrine, gerookte zonnebloemolie], antioxidanten (extracten van rozemarijn, ascorbinezuur, tocoferolrijk extract, citroenzuur). Kan soja en tarwe (gluten) bevatten.|100 Gram
579874|albert_heijn|None|AH Biologisch Tortilla chips naturel|AH Biologisch|None|150.0|Gram|Home|Producten|Borrel, chips, snacks|Chips|0.99|0.99|||||None|||6.6 per KG|€||https://www.ah.nl/producten/product/wi579874/tortilla-chips-naturel|22|None|Gezouten maïschips Skal 001920 EU-bio-logo BE-BIO-02||Ten minste houdbaar tot en met: zie achterzijde. Vaak goed na deze datum. Kijk, ruik en proef. De verpakking goed sluiten na gebruik.|None|None|C|Organic|None|None|"Ingrediënten: 78% maïsmeel*, zonnebloemolie*, zeezout.
Waarvan toegevoegde suikers 0.00g per 100 gram en waarvan toegevoegd zout 0.80g per 100 gram
EU Landbouw 
*Van biologische oorsprong."|100 Gram
526384|albert_heijn|None|Lay's Cheese onion flavour value pack|Lay's|None|300.0|Gram|Home|Producten|Borrel, chips, snacks|Chips|2.59|2.59|||||None|||8.63 per KG|€||https://www.ah.nl/producten/product/wi526384/cheese-onion-flavour-value-pack|28|None|Aardappelchips met kaas- en uismaak Verpakt onder beschermende atmosfeer.||Koel en droog bewaren|None|None|C|Non-Organic|None|None|Ingrediënten: aardappelen, plantaardige oliën (zonnebloem, koolzaad, in wisselende hoeveelheden), kaas-en uismaak [weipermeaat (van MELK), zout, suiker, aroma (bevat MELK), rijstebloem, uienpoeder, zuurteregelaars (citroenzuur, appelzuur), weiproteïne (van MELK), knoflookpoeder, Cheddar kaaspoeder (van MELK), kleurstoffen (annatto bixin, paprika extract), maltodextrine, weipoeder (van MELK), magere MELKpoeder], antioxidanten (extracten van rozemarijn, ascorbinezuur, tocoferolrijk extract, citroenzuur).|100 Gram
195845|albert_heijn|None|Doritos Bits twisties honey barbeque|Doritos|None|30.0|Gram|Home|Producten|Borrel, chips, snacks|Chips|0.75|0.75|||||None|||25 per KG|€||https://www.ah.nl/producten/product/wi195845/bits-twisties-honey-barbeque|29|None|Maïszoutje met zoete barbecuesmaak||Koel en droog bewaren.|None|None|C|Non-Organic|None|None|Ingrediënten: maïs, plantaardige oliën (koolzaad, zonnebloem, in wisselende hoeveelheden), zoete barbecuesmaak [suiker, zout, uipoeder, tomatenpoeder, fructose, smaakversterker (mononatriumglutamaat), hot paprikapoeder, knoflookpoeder, cayennepeper, kleurstoffen (paprika-extract, bietenrood), gerookt paprikapoeder, voedingszuur (citroenzuur), gerookt zout, komijnpoeder, aroma's], antioxidanten (extracten van rozemarijn, ascorbinezuur, tocoferolrijk extract, citroenzuur). Kan soja en tarwe (gluten) bevatten.|100 Gram
437704|albert_heijn|None|Santa Maria Tortilla chips salted|Santa Maria|None|185.0|Gram|Home|Producten|Borrel, chips, snacks|Chips|1.99|1.99|||||None|||10.76 per KG|€||https://www.ah.nl/producten/product/wi437704/tortilla-chips-salted|20|None|Knapperige gezouten maïschips.||Droog en op kamertemperatuur bewaren.|None|None|C|Non-Organic|None|None|Ingrediënten: Maïsmeel (78%), zonnebloemolie, zout. Kan sporen van soja bevatten.|100 Gram
516971|albert_heijn|None|Doritos Salted original corn chips|Doritos|None|185.0|Gram|Home|Producten|Borrel, chips, snacks|Chips|2.29|2.29|||||None|||12.38 per KG|€||https://www.ah.nl/producten/product/wi516971/salted-original-corn-chips|20|None|Gezouten maïschips Verpakt onder beschermende atmosfeer.||Koel en droog bewaren.|None|None|B|Non-Organic|None|None|Ingrediënten: maïs (83%), koolzaadolie, zout, antioxidanten (extracten van rozemarijn, ascorbinezuur, tocoferolrijk extract, citroenzuur). Kan soja en tarwe (gluten) bevatten.|100 Gram
233284|albert_heijn|None|Pringles Texas BBQ|Pringles|None|165.0|Gram|Home|Producten|Borrel, chips, snacks|Chips|2.69|2.69||2.69|||None|||16.3 per KG|€||https://www.ah.nl/producten/product/wi233284/texas-bbq||None|Pringles Texas BBQ 165G|||None|None||Non-Organic|None|None||
526370|albert_heijn|None|Boerderij Chips paprika|Boerderij|None|150.0|Gram|Home|Producten|Borrel, chips, snacks|Chips|2.19|1.42|2.19|1.42|2025-05-26|2025-06-01|None||35% Op=Op korting|14.6 per KG|€||https://www.ah.nl/producten/product/wi526370/chips-paprika|24.5|None|Chips Verpakt onder beschermende atmosfeer.||Tegen warmte en zonlicht beschermen.|None|None|C|Non-Organic|None|None|Ingrediënten: aardappelen, high oleic zonnebloemolie, paprika, gerookte paprikapoeder, zout, ui, knoflook, nat. aroma, paprika extract, raapolie.|100 Gram
574599|albert_heijn|None|Croky Pop'd potatoes bolognese|Croky|None|85.0|Gram|Home|Producten|Borrel, chips, snacks|Chips|1.99|1.99|||||None|||23.41 per KG|€||https://www.ah.nl/producten/product/wi574599/pop-d-potatoes-bolognese|13|None|Gepofte aardappelchips met bolognesesmaak. -55% vet* * in vergelijking met klassiek gefrituurde aardappelchips  <110g KCAL** **Per portie van 25g||Koel en droog bewaren.|None|None|D|Non-Organic|None|None|Ingrediënten: 48% gedroogde aardappelen (EU en niet-EU), 16% aardappelzetmeel (EU), rijstbloem, zonnebloemolie, maïsbloem, zout, SOJA-eiwithydrolysaat, dextrose, aroma, smaakversterker (mononatriumglutamaat), specerijen (waarvan 0,3% ui), 0,3% tomaatpoeder, voedingszuur (citroenzuur), rookaroma, wortelpoeder.|100 Gram
408076|albert_heijn|None|Croky Rings bolognese|Croky|None|75.0|Gram|Home|Producten|Borrel, chips, snacks|Chips|1.59|1.59|||||None|||21.2 per KG|€||https://www.ah.nl/producten/product/wi408076/rings-bolognese|21|None|Aardappelsnack met bolognesesmaak. Verpakt onder beschermde atmosfeer.||Koel en droog bewaren|None|None|D|Non-Organic|None|None|Ingrediënten: 36% aardappelpoeder (EU en non-EU), 15% aardappelzetmeel (EU), zonnebloemolie, rijstbloem, maïsbloem, zout, aroma, gehydrolyseerd SOJA-eiwit, dextrose, smaakversterker (mononatriumglutamaat), specerijen, tomatenpoeder, zuurteregelaars (citroenzuur).|100 Gram
578703|albert_heijn|None|Chio Hula hoops bolognese|Chio|None|100.0|Gram|Home|Producten|Borrel, chips, snacks|Chips|1.89|1.23|1.89|1.23|2025-05-26|2025-06-01|None||35% Op=Op korting|18.9 per KG|€||https://www.ah.nl/producten/product/wi578703/hula-hoops-bolognese|22|None|Aardappelsnack met bolognesesmaak.||Droog en donker bewaren.|None|None|D|Non-Organic|None|None|Ingrediënten: aardappelzetmeel (36%), aardappelpoeder (29%), plantaardige oliën (zonnebloem, koolzaad in wisselende verhoudingen), rijstmeel, maïsmeel, zout, specerijen (paprikapoeder, chilipoeder, gemalen zwarte peper), uipoeder, gistextract, tomatenpoeder, voedingszuur (citroenzuur), knoflookpoeder, gerookte maltodextrine, aroma.|100 Gram
549944|albert_heijn|None|AH Biologisch Ribbelchips paprika smaak|AH Biologisch|None|125.0|Gram|Home|Producten|Borrel, chips, snacks|Chips|1.69|1.69|||||None|||13.52 per KG|€||https://www.ah.nl/producten/product/wi549944/ribbelchips-paprika-smaak|34|None|Aardappelchips met paprikasmaak Skal 001920 EU-bio-logo NL-BIO-01 Verpakt onder beschermende atmosfeer.||Ten minste houdbaar tot en met: zie achterzijde. Kijk, ruik en proef na deze datum. Donker en droog bewaren. De verpakking goed sluiten na gebruik.|None|None|C|Organic|None|None|"Ingrediënten: 60% aardappel*, 34% zonnebloemolie*, specerijen* (1,6% paprika, ui, knoflook, cayenne, gember, peper), zout, maïsbloem*, tomatenpoeder*.
Waarvan toegevoegde suikers 0.00g per 100 gram en waarvan toegevoegd zout 0.96g per 100 gram
EU/niet-EU Landbouw 
*Van biologische oorsprong."|100 Gram
553858|albert_heijn|None|Chio Popchips sour cream & onion|Chio|None|70.0|Gram|Home|Producten|Borrel, chips, snacks|Chips|1.99|1.99|||||None|||28.43 per KG|€||https://www.ah.nl/producten/product/wi553858/popchips-sour-cream-en-onion|13|None|Gepofte aardappelsnack met zure room smaak||Bewaren op een koele, droge plaats, uit de buurt van zonlicht.|None|None|C|Non-Organic|None|None|Ingrediënten: aardappelpoeder (30%), aardappelzetmeel (26%), rijstbloem, raapzaadolie, suiker, zure roompoeder (MELK), magere MELKpoeder, lente-uipoeder, uienpoeder, knoflookpoeder, kruiden, maltodextrine, zout, gistextract, natuurlijk aroma, emulgator (lecithinen), voedingszuur (citroenzuur). Kan sporen van TARWE en SESAM bevatten.|100 Gram
433699|albert_heijn|None|Chio Pom-bär paprika|Chio|None|90.0|Gram|Home|Producten|Borrel, chips, snacks|Chips|1.99|1.29|1.99|1.29|2025-05-26|2025-06-01|None||35% Op=Op korting|22.11 per KG|€||https://www.ah.nl/producten/product/wi433699/pom-bar-paprika|26.5|None|AARDAPPELSNACK MET PAPRIKASMAAK||Droog en donker bewaren. Na openen beperkt houdbaar.|None|None|D|Non-Organic|None|None|INGREDIËNTEN: Aardappelpoeder (30%), zonnebloemolie, maïszetmeel, aardappelzetmeel, suiker, maïsdextrine, zout, aroma, zure roompoeder (MELK), emulgator (mono- en diglyceriden van vetzuren), paprikapoeder, gistextract, weipoeder (MELK), voedingszuur (citroenzuur), specerijen, kleurstof (paprika-extract), uipoeder, tomatenpoeder, knoflookpoeder.|100 Gram
579882|albert_heijn|None|AH Tortilla chips sweet chili|AH|None|200.0|Gram|Home|Producten|Borrel, chips, snacks|Chips|1.19|1.19|||||None|||5.95 per KG|€||https://www.ah.nl/producten/product/wi579882/tortilla-chips-sweet-chili|20|None|Maïschips met sweet chili smaak||Ten minste houdbaar tot en met: zie achterzijde. Vaak goed na deze datum. Kijk, ruik en proef. De verpakking goed sluiten na gebruik.|None|None|C|Non-Organic|None|None|"Ingrediënten: 74% maïsmeel, zonnebloemolie, fructose, zout, natuurlijk aroma’s, suiker, maltodextrine, specerijen, zuurteregelaar (appelzuur [E296], citroenzuur [E330], natriumacetaten [E262]), groentepoeder (tomaat, rode biet), kleurstof (paprika-extract [E160c]), capsicumextract.
Waarvan toegevoegde suikers 2.3g per 100 gram en waarvan toegevoegd zout 1.20g per 100 gram"|100 Gram
497400|albert_heijn|None|Tyrrells Lentil perfect paprika|Tyrrells|None|80.0|Gram|Home|Producten|Borrel, chips, snacks|Chips|2.49|1.62|2.49|1.62|2025-05-26|2025-06-01|None||35% Op=Op korting|31.13 per KG|€||https://www.ah.nl/producten/product/wi497400/lentil-perfect-paprika|21|None|Linzenchips met paprikasmaak. Our lentil crisps have 30% less fat  compared to regular crisps*.||Store in a cool, dry place. Once opened, store in an airtight container.|None|None|D|Non-Organic|None|None|Ingrediënten: Linzenbloem 36%, zonnebloemolie, rijstbloem, maïsbloem, erwtenzetmeel, aardappelzetmeel, suiker, zout, uienpoeder, zure roompoeder (MELK), kaliumchloride, gistextract, paprikapoeder, natuurlijk aroma, specerijen, knoflookpoeder.|100 Gram
516976|albert_heijn|None|Chio Donuts peanut caramel|Chio|None|110.0|Gram|Home|Producten|Borrel, chips, snacks|Chips|1.99|1.29|1.99|1.29|2025-05-26|2025-06-01|None||35% Op=Op korting|18.09 per KG|€||https://www.ah.nl/producten/product/wi516976/donuts-peanut-caramel|21|None|MAÏSSNACK MET PINDA EN GEZOUTEN KARAMEL SMAAK||Droog en donker bewaren. Na openen beperkt houdbaar.|None|None|D|Non-Organic|None|None|Ingrediënten: Maïsgries (49%), PINDA'S (30%), suiker, zonnebloemolie, zout, natuurlijk aroma, gekarameliseerde suikersiroop. Dit product kan sporen van noten bevatten.|100 Gram
449697|albert_heijn|None|Santa Maria Tortilla chips salted|Santa Maria|None|475.0|Gram|Home|Producten|Borrel, chips, snacks|Chips|3.99|3.99|||||None|||8.4 per KG|€||https://www.ah.nl/producten/product/wi449697/tortilla-chips-salted|20|None|Knapperige gezouten maïschips.||Droog en op kamertemperatuur bewaren.|None|None|C|Non-Organic|None|None|"Ingrediënten: Maïsmeel (78%), zonnebloemolie, zout

Kan sporen van soja bevatten."|100 Gram
526374|albert_heijn|None|Popworks Sweet bbq|Popworks|None|85.0|Gram|Home|Producten|Borrel, chips, snacks|Chips|2.59|1.68|2.59|1.68|2025-05-26|2025-06-01|None||35% Op=Op korting|30.47 per KG|€||https://www.ah.nl/producten/product/wi526374/sweet-bbq|15|None|Maïschips met een zoete barbecue smaak **45% minder vet dan gewone aardappelchips gemiddeld bevatten.||"Koel en droog bewaren. Eenmaal geopend,
binnen 3 dagen consumeren."|None|None|B|Non-Organic|None|None|Ingrediënten: maïs, zonnebloemolie, zoete barbecue smaak [suiker, aroma's (bevat uienpoeder, paprika poeder, knoflookpoeder, tomatenpoeder), zout, gerookte zonnebloemolie, kaliumchloride, zuurteregelaars (citroenzuur, natrium acetaat), kleurstof (paprika extract). gerookte dextrose], erwten vezel. Kan sporen van soja en melk bevatten. |100 Gram
576297|albert_heijn|None|Lay's Partybox chips 20 uitdeelzakjes|Lay's|None|20.0|Stuks|Home|Producten|Borrel, chips, snacks|Chips|11.76|11.76|||||None|||23.9 per KG|€||https://www.ah.nl/producten/product/wi576297/partybox-chips-20-uitdeelzakjes|29|None|Gezouten aardappelchips # Aardappelzoutje met hartige smaak # Aardappelchips met paprikasmaak # Maïszoutje met kaassmaak # Maïszoutje met kaassmaak # Aardappelzoutje met paprikasmaak. Verpakt onder beschermende atmosfeer.||"Koel en droog bewaren. Na openen beperkt
houdbaar."|None|None|C|Non-Organic|None|None|"Ingrediënten: Gezouten aardappelchips
Ingrediënten: aardappelen, plantaardige oliën
(zonnebloem, koolzaad, in wisselende
hoeveelheden), zout, antioxidanten (extracten
van rozemarijn, ascorbinezuur, tocoferolrijk
extract, citroenzuur). Aardappelzoutje met
hartige smaak- Ingrediënten:
aardappelpoeder, aardappelzetmeel,
zonnebloemolie, rijstebloem, hartige smaak
[LACTOSE (van MELK), weipoeder (van
MELK), suiker, smaakversterkers
(mononatriumglutamaat, dinatriumguanylaat,
dinatriuminosinaat), aroma's (bevat
KAASPOEDER en boter (van MELK)),
voedingszuur (citroenzuur), kaliumchloride],
zout, emulgator (lecithine (bevat SOJA,
MELKEIWIT)), kleurstoffen (curcumine,
karmijn, annatto bixin, paprika-extract),
specerijen. Aardappelchips met paprikasmaak
- Ingrediënten: aardappelen, plantaardige
oliën (zonnebloem, koolzaad, in wisselende
hoeveelheden), paprikasmaak [suiker, zout,
paprikapoeder, kaliumchloride, uienpoeder,
aroma's, fructose, knoflookpoeder, kleurstof
(paprika-extract), voedingszuur (citroenzuur),
gerookte paprikapoeder], antioxidanten
(extracten van rozemarijn, ascorbinezuur,
tocoferolrijk extract, citroenzuur). Maïszoutje
met kaassmaak - Ingrediënten: maïs,
koolzaadolie, kaassmaak [weipoeder (van
MELK), zout, natuurlijk aroma (bevat MELK,
KAAS, LACTOSE (van MELK)),
smaakversterker (mononatriumglutamaat),
kaliumchloride, suiker, MELKbestanddelen,
zuurteregelaar (citroenzuur), kleurstof (paprika extract)]. 
Kan soja en tarwe (gluten) bevatten.
Maïszoutje met kaassmaak - Ingrediënten:
maïsmeel, zonnebloemolie, kaassmaak
[weipermeaat (van MELK), weipoeder (van
MELK), zout, natuurlijke aroma's (zwarte
peper, rozemarijn, kurkuma, ROOM, KAAS),
uienpoeder, tomaatpoeder, KAASPOEDER,
knoflookpoeder, zuurteregelaars (citroenzuur,
melkzuur), kleurstof (paprika-extract)], zout,
suiker. Kan soja en tarwe (gluten) bevatten.
Aardappelzoutje met paprikasmaak -
Ingrediënten: aardappelpoeder, zetmeel,
zonnebloemolie, rijstebloem, paprikasmaak
[aroma (bevat uienpoeder, paprikapoeder),
suiker, smaakversterkers
(mononatriumglutamaat, dinatriumguanylaat,
dinatriuminosinaat), specerijen, eiwit
hydrolysaat (van SOJA), voedingszuur
(citroenzuur)], zout, kleurstoffen (paprika-extract, curcumine, annatto bixin)"|100 Gram
586953|albert_heijn|None|Pringles Mystery flavour super Mario|Pringles|None|165.0|Gram|Home|Producten|Borrel, chips, snacks|Chips|2.69|2.69||2.69|||None||||€||https://www.ah.nl/producten/product/wi586953/mystery-flavour-super-mario|30|None|HARTIGE SNACK. Verpakt onder beschermende atmosfeer.|||None|None|C|Non-Organic|None|None|INGREDIËNTEN: Gedehydrateerde aardappelen, zonnebloemolie, TARWEMEEL, maïsmeel, rijstbloem, kruiderij (lactose {MELK}, maltodextrine, suiker, zout, smaakversterkers {mononatriumglutamaat, dinatrium-5'-ribonucleotiden}, uienpoeder, specerijen {chilipoeder, jalapenopoeder}, karnemelkpoeder {MELK}, zuurteregelaars {natriumdiacetaat, appelzuur, citroenzuur}, gistextract, knoflookpoeder, tomatenpoeder, aroma's, zonnebloemolie, maiszetmeel, kleurstof {paprika-extract}), maltodextrine, emulgator (E471), kleurstof (annatto norbixine).Bevat mogelijk soja|100 Gram
574335|albert_heijn|None|Cheetos Chipito paprika|Cheetos|None|125.0|Gram|Home|Producten|Borrel, chips, snacks|Chips|2.29|1.49|2.29|1.49|2025-05-26|2025-06-01|None||35% Op=Op korting|18.32 per KG|€||https://www.ah.nl/producten/product/wi574335/chipito-paprika|28|None|Maïszoutje met paprikasmaak||Koel en droog bewaren.|None|None|D|Non-Organic|None|None|Ingrediënten: maïs, koolzaadolie, paprikasmaak [suiker, paprikapoeder, zout, weipermeaat (van MELK), uipoeder, kaliumchloride, aroma's (van MELK), kleurstof (paprika-extract), knoflookpoeder, johannesbroodpitmeel, zuurteregelaars (citroenzuur, appelzuur), gerookte zonnebloemolie]. Kan soja en tarwe (gluten) bevatten.|100 Gram
497396|albert_heijn|None|Tyrrells Lentil sour cream & onion|Tyrrells|None|80.0|Gram|Home|Producten|Borrel, chips, snacks|Chips|2.49|1.62|2.49|1.62|2025-05-26|2025-06-01|None||35% Op=Op korting|31.13 per KG|€||https://www.ah.nl/producten/product/wi497396/lentil-sour-cream-en-onion|20|None|Linzenchips met zure room- & ui-smaak. Our lentil crisps have 30% less fat  compared to regular crisps*.||Store in a cool, dry place. Once opened, store in an airtight container.|None|None|D|Non-Organic|None|None|Ingrediënten: Linzenbloem 36%, zonnebloemolie, rijstbloem, maïsbloem, aardappelzetmeel, erwtenzetmeel, suiker, zout, LACTOSE, uipoeder, kaliumchloride, aroma, specerijen, gistextract, kruiden, voedingszuur (citroenzuur), zure roompoeder (MELK).|100 Gram
579877|albert_heijn|None|AH Biologisch Zoete aardappel chips|AH Biologisch|None|100.0|Gram|Home|Producten|Borrel, chips, snacks|Chips|1.99|1.99|||||None|||19.9 per KG|€||https://www.ah.nl/producten/product/wi579877/zoete-aardappel-chips|28|None|Zoete-aardappelchips Skal 001920 EU-bio-logo NL-BIO-01||Ten minste houdbaar tot en met: zie achterzijde. Vaak goed na deze datum. Kijk, ruik en proef. Donker en droog bewaren.|None|None|D|Organic|None|None|"Ingrediënten: 71% zoete aardappel*, 28% zonnebloemolie*, 1% zeezout.
Waarvan toegevoegde suikers 0.00g per 100 gram en waarvan toegevoegd zout 1.00g per 100 gram
EU/niet-EU Landbouw 
*Van biologische oorsprong."|100 Gram
408077|albert_heijn|None|Croky Rings paprika|Croky|None|75.0|Gram|Home|Producten|Borrel, chips, snacks|Chips|1.59|1.59|||||None|||21.2 per KG|€||https://www.ah.nl/producten/product/wi408077/rings-paprika|21|None|Aardappelsnack met paprikasmaak, suiker en zoetstof van natuurlijke oorsprong. Verpakt onder beschermde atmosfeer.||Koel en droog bewaren|None|None|D|Non-Organic|None|None|Ingrediënten: 36% aardappelpoeder (EU en non-EU), 15% aardappelzetmeel (EU), zonnebloemolie, rijstbloem, zout, maïsbloem, suiker, dextrose, specerijen (waarvan 0,6% paprika), smaakversterker (mononatriumglutamaat), kaliumchloride, aroma's, zuurteregelaar (natriumacetaten), voedingszuren (citroenzuur, appelzuur), zoetstof (steviolglycosiden).|100 Gram
553497|albert_heijn|None|Tao Kae Noi Tempura seaweed original style|Tao Kae Noi|None|40.0|Gram|Home|Producten|Borrel, chips, snacks|Chips|2.49|2.49|||||None|||62.25 per KG|€||https://www.ah.nl/producten/product/wi553497/tempura-seaweed-original-style|28.8|None|Originale Tempura Gebakken Zeewier Snack Originele smaak Verpakt onder beschermende atmosfeer|Deze verpakking een zakje met droogmiddel LET OP: Deze verpakking bevat een pakje met droogmiddel die niet geschikt is voor consumptie. Attentie: Van nature rijk aan jodium,  overmatige inname van jodium kan problemen veroorzaken van het functioneren van de schildklier.|Koel en droog bewaren, direct zonlicht vermijden.|None|None|D|Non-Organic|None|None|Ingrediënten: tempura-mix meel 40% (TARWEBLOEM, gemodificeerd tapiocazetmeel, EIWITPOEDER, zout, suiker), rijstzemelenolie (rijstzemelenolie, rozemarijnextract), zeewier (Pyropia spp) 20%, originele smaak kruidenmix [suiker, kruiden, (knoflook, ui), gehydroliseerd SOJA-eiwit, zout, zeewiervlokken 0,4%, smaakversterker (E627, E631)].|100 Gram
574332|albert_heijn|None|Lay's Max flamin hot|Lay's|None|150.0|Gram|Home|Producten|Borrel, chips, snacks|Chips|2.39|2.39|||||None|||15.93 per KG|€||https://www.ah.nl/producten/product/wi574332/max-flamin-hot|31|None|Geribbelde aardappelchips met pittige chilismaak Verpakt onder beschermende atmosfeer.||Koel en droog bewaren.|None|None|C|Non-Organic|None|None|Ingrediënten: aardappelen, plantaardige oliën (zonnebloem & koolzaad, in wisselende hoeveelheden), Flamin' Hot smaak [suiker, aroma, zout, knoflookpoeder, zuurteregelaars (citroenzuur, appelzuur), kalium chloride, smaakversterker (mononatriumglutamaat), specerijen, uienpoeder, gerookt paprikapoeder, jalapeño peperpoeder, kleurstof (paprika-extract), groenteconcentraat (radijs, wortel), kruiden, gerookte zonnebloemolie, gerookte maltodextrine], antioxidanten (extracten van rozemarijn, ascorbinezuur, tocoferolrijk extract, citroenzuur).|100 Gram
570425|albert_heijn|None|Lay's Naturel 20-pack|Lay's|None|40.0|Gram|Home|Producten|Borrel, chips, snacks|Chips|13.8|13.8|||||None|||17.25 per KG|€||https://www.ah.nl/producten/product/wi570425/naturel-20-pack|29|None|Gezouten aardappelchips Geweldige smaak, minder zout** **25% minder zout dan gewone aardappelchips Verpakt onder beschermende atmosfeer.||Koel en droog bewaren.|None|None|C|Non-Organic|None|None|Ingrediënten: aardappelen, plantaardige oliën (zonnebloem, koolzaad, in wisselende hoeveelheden), zout, antioxidanten (rozemarijnextract, ascorbinezuur, tocoferolrijk extract, citroenzuur).|100 Gram
578702|albert_heijn|None|Chio Hula hoops paprika|Chio|None|100.0|Gram|Home|Producten|Borrel, chips, snacks|Chips|1.89|1.23|1.89|1.23|2025-05-26|2025-06-01|None||35% Op=Op korting|18.9 per KG|€||https://www.ah.nl/producten/product/wi578702/hula-hoops-paprika|22|None|Aardappelsnack met paprikasmaak.||Droog en donker bewaren.|None|None|D|Non-Organic|None|None|lngrediënten: Aardappelzetmeel (36%), aardappelpoeder (29%), plantaardige oliën (zonnebloem, raapzaad in wisselende verhoudingen), rijstmeel, maïsmeel, zout, paprikapoeder, uipoeder, suiker, gistextract, knoflookpoeder, gerookte paprikapoeder, chilipoeder, mierikswortelpoeder, specerij-extract, tomatenpoeder, voedingszuur (citroenzuur).|100 Gram
458386|albert_heijn|None|Casa Mediterrana Chips zeezout|Casa Mediterrana|None|150.0|Gram|Home|Producten|Borrel, chips, snacks|Chips|2.29|2.29|||||None|||15.27 per KG|€||https://www.ah.nl/producten/product/wi458386/chips-zeezout|33|None|Chips zeezout||Bewaren op een koele en droge plaats. Voorkom directe blootstelling aan de zon.|None|None|C|Non-Organic|None|None|Ingrediënten: aardappels, zonnebloemolie, zout|100 Gram
526388|albert_heijn|None|Cheetos Big chipito sweet chili|Cheetos|None|100.0|Gram|Home|Producten|Borrel, chips, snacks|Chips|2.29|1.49|2.29|1.49|2025-05-26|2025-06-01|None||35% Op=Op korting|22.9 per KG|€||https://www.ah.nl/producten/product/wi526388/big-chipito-sweet-chili|30|None|Maïszoutje met zoete chilismaak||Koel en droog bewaren.|None|None|D|Non-Organic|None|None|Ingrediënten: maïsmeel, koolzaadolie, zoete chilismaak [maltodextrine, suiker, aroma's (bevat SOJA, TARWE, cayennepeper), smaakversterkers (mononatriumglutamaat, dinatrium-5-ribonucleotide), fructose, zuurteregelaars (natriumacetaat, appelzuur), uienpoeder, gehydroliseerd SOJA proteïne, knoflookpoeder, SOJA en TARWE bestanddelen, kleurstof (paprika extract)], zout.|100 Gram
574289|albert_heijn|None|Chio Fried chicken|Chio|None|125.0|Gram|Home|Producten|Borrel, chips, snacks|Chips|2.29|1.49|2.29|1.49|2025-05-26|2025-06-01|None||35% Op=Op korting|18.32 per KG|€||https://www.ah.nl/producten/product/wi574289/fried-chicken|32|None|Aardappelzoutjes met gefrituurde kipsmaak||Droog en donker bewaren. Na openen beperkt houdbaar.|None|None|D|Non-Organic|None|None|Ingrediënten: Gedroogde aardappel 33%, zonnebloemolie, aardappelzetmeel, rijstmeel, suiker, zout, maltodextrine, specerijen, gistextract, dextrose, uipoeder, tomatenpoeder, zuurteregelaar, (natriumacetaten), knoflookpoeder, natuurlijk aroma, specerij-extract.|100 Gram
570417|albert_heijn|None|Lay's Paprika 20-pack|Lay's|None|40.0|Gram|Home|Producten|Borrel, chips, snacks|Chips|13.8|13.8|||||None|||17.25 per KG|€||https://www.ah.nl/producten/product/wi570417/paprika-20-pack|27|None|Aardappelchips met paprikasmaak Geweldige smaak, minder zout** **Minstens 25% minder zout dan gewone aardappelchips. Verpakt onder beschermende atmosfeer.||Koel en droog bewaren.|None|None|B|Non-Organic|None|None|Ingrediënten: aardappelen, plantaardige oliën (zonnebloem, koolzaad, in wisselende hoeveelheden), paprikasmaak [suiker, zout, paprikapoeder, kaliumchloride, uienpoeder, aroma's, fructose, knoflookpoeder, kleurstof (paprika-extract), voedingszuur (citroenzuur), gerookte paprikapoeder], antioxidanten (extracten van rozemarijn, ascorbinezuur, tocoferolrijk extract, citroenzuur).|100 Gram
553929|albert_heijn|None|Cheetos Crunchetos sweet chili|Cheetos|None|110.0|Gram|Home|Producten|Borrel, chips, snacks|Chips|1.99|1.99|||||None|||18.09 per KG|€||https://www.ah.nl/producten/product/wi553929/crunchetos-sweet-chili|24|None|Ovengebakken maïszoutje met zoete chillismaak||Koel en droog bewaren.|None|None|D|Non-Organic|None|None|Ingrediënten: maïs, koolzaadolie, zoete chilismaak [suiker, weipoeder (van MELK), zuurteregelaars (natriumcetaten, appelzuur), smaakversterkers (mononatriumglutamaat, dinatrium-5'-ribonucleotiden), zout, uienpoeder, gehydrolyseerde plantaardige eiwitten (bevat SOJA), aroma's, kaliumchloride, knoflookpoeder, kleurstof (paprika-extract)]. Kan pinda en tarwe (gluten) bevatten.|100 Gram
553930|albert_heijn|None|Cheetos Crunchetos ham & cheese|Cheetos|None|110.0|Gram|Home|Producten|Borrel, chips, snacks|Chips|1.99|1.29|1.99|1.29|2025-05-26|2025-06-01|None||35% Op=Op korting|18.09 per KG|€||https://www.ah.nl/producten/product/wi553930/crunchetos-ham-en-cheese|24|None|Ovengebakken maïszoutje met ham- en kaassmaak||Koel en droog bewaren.|None|None|D|Non-Organic|None|None|Ingrediënten: maïs, koolzaadolie, ham- en kaassmaak [weipoeder (van MELK), zout, dextrose, smaakversterkers (mononatriumglutamaat, dinatriumguanylaat, dinatriuminosinaat), suiker, aroma's (bevat MELK, SOJA), kaliumchloride, kleurstof (paprika-extract)]. Kan pinda en tarwe (gluten) bevatten.|100 Gram
574334|albert_heijn|None|Cheetos Crunchetto's flamin hot|Cheetos|None|110.0|Gram|Home|Producten|Borrel, chips, snacks|Chips|2.19|2.19|||||None|||19.91 per KG|€||https://www.ah.nl/producten/product/wi574334/crunchetto-s-flamin-hot|19|None|Maïszoutje met pittige chilismaak||Koel en droog bewaren.|None|None|D|Non-Organic|None|None|Ingrediënten: maïsgrutten, koolzaadolie, Flamin 'Hot smaak [suiker, aroma, kaliumchloride, zuurteregelaars (citroenzuur, appelzuur), zout, knoflookpoeder, smaakversterker (monotriumglutaamaat), uienpoeder, gerookt paprikapoeder, groenteconcentraat (radijs, wortel), jalapeño peperpoeder, specerijen, kleurstof (paprika-extract), gedroogde oregano, gerookte maltodextrine, gerookte zonnebloemolie]. Kan soja en tarwe (gluten) bevatten.|100 Gram
233404|albert_heijn|None|AH Biologisch Paprika chips|AH Biologisch|None|125.0|Gram|Home|Producten|Borrel, chips, snacks|Chips|1.65|1.65|||||None|||13.2 per KG|€||https://www.ah.nl/producten/product/wi233404/paprika-chips|28|None|Aardappelchips met paprikasmaak Skal 001920 EU-bio-logo NL-BIO-01||Ten minste houdbaar tot en met: zie achterzijde. Vaak goed na deze datum. Kijk, ruik en proef. Donker en droog bewaren.|None|None|C|Organic|None|None|"Ingrediënten: 61% aardappel*, 34% zonnebloemolie*, specerijen (1,3% paprika*, ui*, knoflook*, gember*, cayenne*, peper*), zout, maïsbloem*, tomatenpoeder*.
Waarvan toegevoegde suikers 0.00g per 100 gram en waarvan toegevoegd zout 0.75g per 100 gram
EU/niet-EU Landbouw 
*Van biologische oorsprong."|100 Gram
553927|albert_heijn|None|Lay's Bugles roasted paprika|Lay's|None|160.0|Gram|Home|Producten|Borrel, chips, snacks|Chips|2.75|2.75|||||None|||17.19 per KG|€||https://www.ah.nl/producten/product/wi553927/bugles-roasted-paprika|30|None|Maïszoutje met paprikasmaak||Koel en droog bewaren.|None|None|D|Non-Organic|None|None|Ingrediënten: maïsmeel, zonnebloemolie, paprikasmaak [suiker, zout, paprikapoeder, uienpoeder, knoflookpoeder, aroma's, gerookte zoete paprikapoeder, fructose, kleurstof (paprika-extract), cayennepeper, voedingszuur (citroenzuur)], suiker, zout. Kan soja, en tarwe (gluten) bevatten.|100 Gram
574330|albert_heijn|None|Proper Ghost chilli & yuzu|Proper|None|85.0|Gram|Home|Producten|Borrel, chips, snacks|Chips|2.49|1.62|2.49|1.62|2025-05-26|2025-06-01|None||35% Op=Op korting|29.29 per KG|€||https://www.ah.nl/producten/product/wi574330/ghost-chilli-en-yuzu|24|None|Chips op basis van kikkererwten met Yuzu & Ghost Pepper smaak Verpakt onder beschermende atmosfeer.||Koel en droog bewaren.|None|None|C|Non-Organic|None|None|Ingrediënten: kikkererwtenmeel (25%), koolzaadolie, aardappelzetmeel, rijstmeel, Yuzu & Ghost Pepper aroma (5%)(rijstmeel, natuurlijk aroma, Chileens zout, zuurteregelaar (citroenzuur), zeezout, gember, kaliumchloride, suiker, chilipeper, rode paprika, azijnpoeder, kleurstof (curcumine)), aardappelvezels, maïsmeel, kaliumchloride, zout.|100 Gram
579878|albert_heijn|None|AH Robuuste chips truffelsmaak|AH|None|150.0|Gram|Home|Producten|Borrel, chips, snacks|Chips|2.39|2.39|||||None|||15.93 per KG|€||https://www.ah.nl/producten/product/wi579878/robuuste-chips-truffelsmaak|24|None|Aardappelchips met truffelsmaak Verpakt onder beschermende atmosfeer.||Ten minste houdbaar tot einde: zie achterzijde. Vaak goed na deze datum. Kijk, ruik en proef. Donker en droog bewaren. De verpakking goed sluiten na gebruik.|None|None|C|Non-Organic|None|None|"Ingrediënten: 75% aardappel, zout, 24% zonnebloemolie, 0,1% zwarte zomertruffel, truffelaroma.
Waarvan toegevoegde suikers 0.00g per 100 gram en waarvan toegevoegd zout 1.20g per 100 gram"|100 Gram
574288|albert_heijn|None|Santa Maria Potato pops salt & butter|Santa Maria|None|100.0|Gram|Home|Producten|Borrel, chips, snacks|Chips|2.39|2.39|||||None|||23.9 per KG|€||https://www.ah.nl/producten/product/wi574288/potato-pops-salt-en-butter|10|None|Krokant gepofte aardappelchips met zeezout & boter smaak.||Droog en op kamertemperatuur bewaren.|None|None|D|Non-Organic|None|None|Ingrediënten: Aardappel (60%), aardappelzetmeel, rijstmeel, zonnebloemolie, zeezout en boter kruiden (maltodextrine, zeezout (1,6%), suiker, aroma, boteraroma (0,3%), zuurteregelaar (E270, E327), kurkuma, antioxidant (rozemarijn extract)), zout, kurkuma extract. Kan sporen van soja en melk bevatten.|100 Gram
425477|albert_heijn|None|BioToday Hummus chips sweet chili|BioToday|None|75.0|Gram|Home|Producten|Borrel, chips, snacks|Chips|2.39|2.39|||||None|||31.87 per KG|€||https://www.ah.nl/producten/product/wi425477/hummus-chips-sweet-chili|22|None|Chips op Basis van Kikkererwtenmeel Source of fibre Verpakt onder beschermende atmosfeer.||"Koel, droog en afgesloten.
Ten minste houdbaar tot:"|None|None|D|Organic|None|None|"Ingrediënten: Kikkererwtenmeel* 42%, aardappelzetmeel*, zonnebloemolie*, aardappelmeel*, zoete chili* 3,5% (tomatenpoeder*, zout, zoethout*, gember*, knoflookpoeder*, cayenne peper*, zwarte peper*, lavaswortel*, zonnebloemolie*, extract van paprika*, citroen extract*), zeezout, *=biologisch

KAN SPOREN BEVATTEN VAN: pinda's (aardnoten), soja, melk, selderij."|100 Gram
473619|albert_heijn|None|La Morena Totopos tortilla chips met zout|La Morena|None|475.0|Gram|Home|Producten|Borrel, chips, snacks|Chips|3.59|3.59|||||None|||7.56 per KG|€||https://www.ah.nl/producten/product/wi473619/totopos-tortilla-chips-met-zout|22.2|None|Gezouten maïschips Verpakt onder beschermende atmosfeer.|Hoe kun je totopos gebruiken?. 1. Dip ze in een heerlijke salsa of dip van La Morena als snack. 2. Gebruik ze als topping in soep of salade voor een knapperige. bite. Verkruimel de totopos en verdeel over je Mexicaanse. gerecht. 3. Maak er het gerecht nachos mee! Lekker in combinatie met de bonenspreads en pepers van La Morena.|Koel en donker bewaren.|None|None|C|Non-Organic|None|None|Ingrediënten: maïs (EU en niet-EU) (77%), zonnebloemolie, zout.|100 Gram
574331|albert_heijn|None|Proper Katsu curry|Proper|None|85.0|Gram|Home|Producten|Borrel, chips, snacks|Chips|2.49|1.62|2.49|1.62|2025-05-26|2025-06-01|None||35% Op=Op korting|29.29 per KG|€||https://www.ah.nl/producten/product/wi574331/katsu-curry|23|None|Chips op basis van kikkererwten met Katsu Curry smaak. Verpakt onder beschermende atmosfeer.||Koel en droog bewaren.|None|None|C|Non-Organic|None|None|Ingrediënten: kikkererwtenmeel (24%), koolzaadolie, aardappelzetmeel, rijstmeel, katsu curry aroma(8%)(rijstmeel, specerijen (kurkuma, gerookte paprika, komijn, cayennepeper, korianderzaad, gember, kruidnagel), suiker, uienpoeder, zout, knoflookpoeder, gistextractpoeder, tomatenpoeder, zuurteregelaar (citroenzuur), natuurlijk aroma, fenegriekblad, kleurstof (paprika-extract)), aardappelvezels, maïsmeel, kaliumchloride, zout.|100 Gram
449991|albert_heijn|None|La Morena Totopos tortilla chips|La Morena|None|150.0|Gram|Home|Producten|Borrel, chips, snacks|Chips|3.89|3.89|||||None|||25.93 per KG|€||https://www.ah.nl/producten/product/wi449991/totopos-tortilla-chips|3|None|totopos gebakken tortilla chips Low fat.||Koel en donker bewaren.|None|None|E|Non-Organic|None|None|Ingrediënten: mais (80%), water, olijfolie, zout.|100 Gram
467088|albert_heijn|None|Pringles Paprika|Pringles|None|70.0|Gram|Home|Producten|Borrel, chips, snacks|Chips|1.95|1.27|1.95|1.27|2025-05-26|2025-06-01|None||35% Op=Op korting|27.86 per KG|€||https://www.ah.nl/producten/product/wi467088/paprika|30|None|HARTIGE SNACK MET PAPRIKASMAAK. Verpakt onder beschermende atmosfeer.|||None|None|D|Non-Organic|None|None|INGREDIËNTEN: Gedehydrateerde aardappelen, zonnebloemolie, maïsmeel, TARWEMEEL, paprikakruiderij (suiker, paprikapoeder, smaakversterkers {mononatriumglutamaat, natriumguanylaat, dinatriuminosinaat}, dextrose, gistpoeder, uienpoeder, zout, gegranuleerde bouillon {zout, gehydrolyseerd plantaardig eiwit, zonnebloemolie}, aroma's, knoflookpoeder, kleurstof {paprika-extract}, voedingszuur {citroenzuur}, zoet weipoeder {MELK}), rijstbloem, maltodextrine, emulgator (E471), koolzaadolie, zout, kleurstof (annatto norbixine).Bevat mogelijk soja|100 Gram
574285|albert_heijn|None|AH Vegan flips met kaassmaak|AH|None|175.0|Gram|Home|Producten|Borrel, chips, snacks|Chips|1.29|0.84|1.29|0.84|2025-05-26|2025-06-01|None||35% Op=Op korting|7.37 per KG|€||https://www.ah.nl/producten/product/wi574285/vegan-flips-met-kaassmaak|25|None|Maïszoutjes met kaassmaak||Ten minste houdbaar tot en met: zie achterzijde. Vaak goed na deze datum. Kijk, ruik en proef. Donker en droog bewaren. De verpakking goed sluiten na gebruik.|None|None|D|Non-Organic|None|None|"Ingrediënten: 65% maïsgrut, plantaardige olie (zonnebloem, kokos), aardappelgranulaat, rijstebloem, zout, specerijen, inuline, natuurlijk aroma, suiker, dextrose, gemodificeerd zetmeel (aardappel, maïs), kaliumchloride (dieetzout), gistextract, extract van paprika, glutenvrije havervezel, zuurteregelaar (melkzuur [E270], natriumlactaat [E325]), emulgator (mono- en diglyceriden van vetzuren [E471]), kleurstof (carotenen [E160a]).
Waarvan toegevoegde suikers 1.0g per 100 gram en waarvan toegevoegd zout 1.32g per 100 gram"|100 Gram
387610|albert_heijn|None|AH Knapperige tortilla strips naturel|AH|None|150.0|Gram|Home|Producten|Borrel, chips, snacks|Chips|1.19|0.77|1.19|0.77|2025-05-26|2025-06-01|None||35% Op=Op korting|7.93 per KG|€||https://www.ah.nl/producten/product/wi387610/knapperige-tortilla-strips-naturel|20|None|Maïschips met zeezout||Ten minste houdbaar tot en met: zie achterzijde. Kijk, ruik en proef na deze datum. De verpakking goed sluiten na gebruik.|None|None|C|Non-Organic|None|None|"Ingrediënten: 79% maïsmeel, zonnebloemolie, zeezout.
Waarvan toegevoegde suikers 0.00g per 100 gram en waarvan toegevoegd zout 0.90g per 100 gram"|100 Gram
449702|albert_heijn|None|Santa Maria Tortilla chips cheese|Santa Maria|None|185.0|Gram|Home|Producten|Borrel, chips, snacks|Chips|1.99|1.99|||||None|||10.76 per KG|€||https://www.ah.nl/producten/product/wi449702/tortilla-chips-cheese|20|None|Knapperige gezouten maïschips.||Droog en op kamertemperatuur bewaren.|None|None|D|Non-Organic|None|None|Ingrediënten: Maïsmeel (72%), zonnebloemolie, kaasaroma (maltodextrine, zout, MELKPOEDER, druivensuiker, suiker, kruiden (ui, tomaat, cayennepeper, kurkuma), natuurlijke aroma's (bevat MELK), KAASPOEDER (0,1%) (MELK), voedingszuur (melkzuur), kruiden extract (paprika)).Kan sporen van soja bevatten.|100 Gram
505967|albert_heijn|None|Casa Mediterrana Chips truffel|Casa Mediterrana|None|150.0|Gram|Home|Producten|Borrel, chips, snacks|Chips|2.29|2.29|||||None|||15.27 per KG|€||https://www.ah.nl/producten/product/wi505967/chips-truffel|28|None|Aardappelchips met Truffel||Bewaren op een koele en droge plaats. Voorkom blootstelling aan direct licht.|None|None|C|Non-Organic|None|None|Ingrediënten: aardappels, zonnebloemolie, aroma, zout, 0,3% gevriesdroogde witte truffel (Tuber magnatum pico), 0,2% gevriesdroogde zomertruffel (Tuber aestivum vitt).|100 Gram
467089|albert_heijn|None|Pringles Original|Pringles|None|70.0|Gram|Home|Producten|Borrel, chips, snacks|Chips|1.95|1.27|1.95|1.27|2025-05-26|2025-06-01|None||35% Op=Op korting|27.86 per KG|€||https://www.ah.nl/producten/product/wi467089/original|31|None|HARTIGE SNACK. Verpakt onder beschermende atmosfeer.|||None|None|D|Non-Organic|None|None|INGREDIËNTEN: Gedehydrateerde aardappelen, zonnebloemolie, maïsmeel, TARWEMEEL, rijstbloem, maltodextrine, emulgator (E471), koolzaadolie, zout, kleurstof (annatto norbixine).Bevat mogelijk melk, soja|100 Gram
579880|albert_heijn|None|Takis Fuego|Takis|None|100.0|Gram|Home|Producten|Borrel, chips, snacks|Chips|2.99|2.99|||||None|||29.9 per KG|€||https://www.ah.nl/producten/product/wi579880/fuego|27|None|Gefrituurd maïshapje met chili- en limoensmaak Verpakt onder beschermende atmosfeer||Koel en droog bewaren|None|None|E|Non-Organic|None|None|Ingrediënten: voorgekookt maïsmeel, plantaardig vet (palm), kruidenmix met chili- en limoensmaak (maïs, maltodextrine, zout, smaakversterkers (mononatriumglutamaat, kaliumchloride, dinatriuminosinaat, natrium guanylaat), aroma, maïszetmeel, zuurteregelaar (citroenzuur), suiker, kleurstof (paprika-extract), rode bietenconcentraat, stabilisator (arabische gom), antioxidant (tocoferolrijk extract)), plantaardige olie (zonnebloem). Kan melk en/of soja bevatten.|100 Gram
549673|albert_heijn|None|BioToday Erwtenflips paprika|BioToday|None|75.0|Gram|Home|Producten|Borrel, chips, snacks|Chips|2.39|2.39|||||None|||31.87 per KG|€||https://www.ah.nl/producten/product/wi549673/erwtenflips-paprika|24|None|Gepofte Snack op Basis van Erwtenmeel Bevatten 10 keer meer vezels dan reguliere flips Verpakt onder beschermende atmosfeer.||"Koel, droog en afgesloten.

Ten minste houdbaar tot:"|None|None|C|Organic|None|None|"Ingrediënten: Groene-erwtenmeel* 50%, zonnebloemolie*, maïsgriesmeel*, maïsmeel*, paprikapoeder* 1,5%, rijstebloem*, zout, uienpoeder*, tomatenpoeder*, knoflookpoeder*, cayennepeper*, gemberpoeder*, witte peper*, *=biologisch

Kan sporen bevatten van pinda's (aardnoten), soja, melk, selderij.
"|100 Gram
549675|albert_heijn|None|BioToday Linzen chips rozemarijn|BioToday|None|75.0|Gram|Home|Producten|Borrel, chips, snacks|Chips|2.79|2.79|||||None|||37.2 per KG|€||https://www.ah.nl/producten/product/wi549675/linzen-chips-rozemarijn|17|None|Chips op Basis van Linzenmeel  Verpakt onder beschermende atmosfeer||"Na openen: koel, droog en afgesloten.

Ten minste houdbaar tot:"|None|None|D|Organic|None|None|"Ingrediënten: Linzenmeel* 43%, aardappelzetmeel*, zonnebloemolie*, aardappelmeel*, kruidenmix* (zout, rozemarijn* 1%, ui*, knolfook*, zwarte peper*, lavaswortel*, zonnebloemolie*), zeezout, kurkuma*, *=biologisch

KAN SPOREN BEVATTEN VAN: pinda's (aardnoten), soja, melk, selderij."|100 Gram
384047|albert_heijn|None|Chio Chips kettle cooked sweet chili & pepper|Chio|None|150.0|Gram|Home|Producten|Borrel, chips, snacks|Chips|2.29|1.49|2.29|1.49|2025-05-26|2025-06-01|None||35% Op=Op korting|15.27 per KG|€||https://www.ah.nl/producten/product/wi384047/chips-kettle-cooked-sweet-chili-en-pepper|28|None|Aardappelchips in de schil gebakken met Chilismaak Verpakt onder beschermende atmosfeer||Droog en donker bewaren.Na openen beperkt houdbaar.|None|None|D|Non-Organic|None|None|Ingrediënten: Aardappelen, plantaardige oliën (zonnebloem, raapzaad in wisselende verhoudingen), suiker, zout, tomatenpoeder, uienpoeder, gistextract, paprikapoeder (0,4%), natuurlijk aroma, chilipoeder (0,3%), specerijen, peterselie, zuurteregelaar (natriumdiacetaten), knoflookpoeder, specerij-extract, invertsuiker. Kan melk bevatten.|100 Gram
553498|albert_heijn|None|Tao Kae Noi Tempura seaweed spicy flavour|Tao Kae Noi|None|40.0|Gram|Home|Producten|Borrel, chips, snacks|Chips|2.49|2.49|||||None|||62.25 per KG|€||https://www.ah.nl/producten/product/wi553498/tempura-seaweed-spicy-flavour|28.1|None|Tempura Gebakken Zeewier Snack - Pikante smaak Verpakt onder beschermende atmosfeer|ATTENTIE: Deze verpakking bevat een zakje met een droogmiddel om het product tegen vocht te beschermen. DIT DROOGMIDDEL IS NIET GESCHIKT VOOR CONSUMPTIE. Na openen van de verpakking het zakje verwijderen. ATTENTIE: Van nature rijk in jodium, overmatige inname van jodium kan problemen veroorzaken van het functioneren van de schildklier. Eet niet meer dan 30 gram zeewier per dag.|Koel en droog bewaren|None|None|E|Non-Organic|None|None|Ingrediënten: tempura-mixmeel 40% (TARWEbloem, gemodificeerd tapiocazetmeel, EIWITPOEDER, zout, suiker ), rijstzemelenolie (rijstzemelenkolie, rozemarijnextract), zeewier (Puropia spp) 20%, tempura pittige smaakkruiden [specerijen (knoflook, peper, ui, chili 0,7%), suiker, gehydrolyseerd SOJA-eiwit, zout, maltodextrine, smaakversterker (E627, E631)].|100 Gram
579879|albert_heijn|None|Chio Pom-bär pizza|Chio|None|90.0|Gram|Home|Producten|Borrel, chips, snacks|Chips|1.85|1.2|1.85|1.2|2025-05-26|2025-06-01|None||35% Op=Op korting|20.56 per KG|€||https://www.ah.nl/producten/product/wi579879/pom-bar-pizza|25.9|None|Aardappelsnack met pizza smaak||Na openen beperkt houdbaar. Droog en donker bewaren.|None|None|D|Non-Organic|None|None|INGREDIËNTEN: Aardappelpoeder (30%), zonnebloemolie, maïszetmeel, aardappelzetmeel, dextrine, suiker, zout, aroma (MELK), tomatenpoeder, gistextract, uipoeder, voedingszuur (melkzuur, calciumlactaat), magere MELKpoeder, knoflookpoeder, specerijen, rode bietensapconcentraat, kruiden, kleurstof (paprika-extract), kruidenextract, specerijenextract.|100 Gram
449690|albert_heijn|None|Santa Maria Tortilla chips cheese|Santa Maria|None|475.0|Gram|Home|Producten|Borrel, chips, snacks|Chips|3.99|3.99|||||None|||8.4 per KG|€||https://www.ah.nl/producten/product/wi449690/tortilla-chips-cheese|20|None|Knapperige maïschips met kaassmak||Droog en op kamertemperatuur bewaren.|None|None|D|Non-Organic|None|None|"Ingrediënten: Maïsmeel (72%), zonnebloemolie, kaasaroma (maltodextrine, zout, MELKPOEDER, druivensuiker, suiker, kruiden (ui, tomaat, cayennepeper, kurkuma), natuurlijke aroma's (bevat MELK), KAASPOEDER (0,1%), voedingszuur (melkzuur), kruiden extract (paprika))

Kan sporen van soja bevatten."|100 Gram
482481|albert_heijn|None|Schär Curvies paprika glutenvrij|Schär|None|170.0|Gram|Home|Producten|Borrel, chips, snacks|Chips|3.19|3.19|||||None|||18.76 per KG|€||https://www.ah.nl/producten/product/wi482481/curvies-paprika-glutenvrij|24|None|Glutenvrije zoute chips van aardappel met paprikasmaak. Speciaal bereid voor personen met een glutenintolerantie. Source of fibre|"1. Pull
2. Press
3. Peel"|Koel en droog bewaren. Ten minste houdbaar tot: zie hieronder.|None|None|D|Non-Organic|None|None|"Ingrediënten: Gedehydrateerde aardappelen 55%, zonnebloemolie, rijstmeel, glucosestroop, aardappelzetmeel, natuurlijk aroma, emulgator: mono- en diglyceriden van vetzuren, koolzaadolie, zout

Kan sporen van MELK bevatten."|100 Gram
570424|albert_heijn|None|Lay's Max naturel 20-pack|Lay's|None|40.0|Gram|Home|Producten|Borrel, chips, snacks|Chips|13.8|13.8|||||None|||17.25 per KG|€||https://www.ah.nl/producten/product/wi570424/max-naturel-20-pack|33|None|Geribbelde gezouten aardappelchips Verpakt onder beschermende atmosfeer.||Koel en droog bewaren.|None|None|C|Non-Organic|None|None|Ingrediënten: aardappelen, plantaardige oliën (zonnebloem, koolzaad, in wisselende hoeveelheden), zout, antioxidanten (rozemarijnextract, ascorbinezuur, tocoferolrijk extract, citroenzuur).|100 Gram
384046|albert_heijn|None|Chio Chips kettle cooked sea salt|Chio|None|150.0|Gram|Home|Producten|Borrel, chips, snacks|Chips|2.29|1.49|2.29|1.49|2025-05-26|2025-06-01|None||35% Op=Op korting|15.27 per KG|€||https://www.ah.nl/producten/product/wi384046/chips-kettle-cooked-sea-salt|28|None|Aardappelchips in de schil gebakken met zeezout Verpakt onder beschermende atmosfeer|Na openen beperkt houdbaar.|Droog en donker bewaren.|None|None|D|Non-Organic|None|None|Ingrediënten: aardappelen, plantaardige oliën (zonnebloem, raapzaad in wisselende verhoudingen), zeezout (1,2%). Kan melk bevatten.|100 Gram
482480|albert_heijn|None|Schär Curvies original glutenvrij|Schär|None|170.0|Gram|Home|Producten|Borrel, chips, snacks|Chips|3.19|3.19|||||None|||18.76 per KG|€||https://www.ah.nl/producten/product/wi482480/curvies-original-glutenvrij|25|None|Glutenvrije zoute chips met aardappel. Speciaal bereid voor personen met een glutenintolerantie. Source of fibre|"1. Pull
2. Press
3. Peel"|Koel en droog bewaren. Ten minste houdbaar tot: zie hieronder.|None|None|D|Non-Organic|None|None|"Ingrediënten: Gedehydrateerde aardappelen 57%, zonnebloemolie, rijstmeel, glucosestroop, aardappelzetmeel, zout, emulgator: mono- en diglyceriden van vetzuren, koolzaadolie

Kan sporen van MELK bevatten., Tarwevrij."|100 Gram
473618|albert_heijn|None|La Morena Totopos tortilla chips nacho kaassmaak|La Morena|None|475.0|Gram|Home|Producten|Borrel, chips, snacks|Chips|3.99|3.99|||||None|||8.4 per KG|€||https://www.ah.nl/producten/product/wi473618/totopos-tortilla-chips-nacho-kaassmaak|21.7|None|Maïschips met nacho-kaassmaak Verpakt onder beschermende atmosfeer.|Hoe kun je totopos gebruiken?. 1. Dip ze in een heerlijke salsa of dip van La Morena als snack. 2. Gebruik ze als topping in soep of salade voor een knapperige. bite. Verkruimel de totopos en verdeel over je Mexicaanse. gerecht. 3. Maak er het gerecht nachos mee! Lekker in combinatie met de bonenspreads en pepers van La Morena.|Koel en donker bewaren.|None|None|C|Non-Organic|None|None|Ingrediënten: maïs (EU en niet-EU)(74%), zonnebloemolie, kruiden nacho-kaas (LACTOSE (MELK), dextrose, zout, kaaspoeder (1%) (MELK), maltodextrine, natuurlijk aroma (MELK), MELKEIWITTEN, boterolie (MELK), kruiden). Allergie-informatie: bevat lactose.|100 Gram
578194|albert_heijn|None|BitesWeLove Crunchy peas mediterranean spices|BitesWeLove|None|100.0|Gram|Home|Producten|Borrel, chips, snacks|Chips|2.49|2.49|||||None|||24.9 per KG|€||https://www.ah.nl/producten/product/wi578194/crunchy-peas-mediterranean-spices|13.2|None|Knapperige erwten met medieraanse kruiden. 60% Less fat* *60% less fat than regular (vegetable) crisps. Source of protein. High in fibre. Verpakt onder beschermende atmosfeer.||Koel, droog en donker bewaren.|None|None|C|Non-Organic|None|None|Ingrediënten: 60% erwten, zonnebloemolie, zetmeel, TARWEbloem, inuline, 3% kruidenmix (zout, rijstmeel, uienpoeder, kurkuma, zuurteregelaars (citroenzuur), peterselie, knoflookpoeder, paprikapoeder, specerijenmix (cassia, gember, peper, koriander), zetmeel, aroma, komijn, zonnebloemolie, kleurstof (anthocyaan)), suiker, rijsmiddel (ammoniumcarbonaten). Kan NOTEN, PINDA'S en SESAM bevatten.|100 Gram
564779|albert_heijn|None|Herr's Jalapeño flavored cheese curls|Herr's|None|113.0|Gram|Home|Producten|Borrel, chips, snacks|Chips|2.69|2.69|||||None|||23.81 per KG|€||https://www.ah.nl/producten/product/wi564779/jalapeno-flavored-cheese-curls|34|None|Gebakken mais snackproduct met kaas en jalapeño smaak Verpakt onder beschermende atmosfeer.||Bewaar op een koele, droge plaats. Eenmaal geopend, gesloten houden en bij voorkeur binnen één week consumeren.|None|None|E|Non-Organic|None|None|Ingrediënten: Maïsgrutten, zonnebloemolie, kaas- en jalapeño [maltodextrine, zout, WEIpoeder, KAASpoeder (1,1%), aroma's, volle MELKpoeder, palmvet, (MELKeiwitten, glucosestroop), palmolie, KAAS (0,6%), dextrose, suiker, smaakversterkers (mononatriumglutamaat, dinatrium 5'-ribonucleotiden), specerij (jalapeñopeper (0,4%), witte peper), uienpoeder, knoflookpoeder, gistpoeder, kruid, zuurteregelaars (melkzuur, citroenzuur), kleurstoffen (paprika-extract, carotenen)] en bamboevezel. Bevat MELK- en zuivelproducten.|100 Gram
549676|albert_heijn|None|BioToday Hummus chips Indian curry|BioToday|None|75.0|Gram|Home|Producten|Borrel, chips, snacks|Chips|2.69|2.69|||||None|||35.87 per KG|€||https://www.ah.nl/producten/product/wi549676/hummus-chips-indian-curry|25|None|Chips op Basis van Kikkererwtenmeel Source of fibre Verpakt onder beschermende atmosfeer||"Na openen: koel, droog en afgesloten.

Ten minste houdbaar tot:"|None|None|D|Organic|None|None|"Ingrediënten: Kikkererwtenmeel* 43%, aardappelzetmeel*, zonnebloemolie*, aardappelmeel*, curry kruidenmix* 2,5% (zout, romaat*, ui*, korianderzaad*, gember*, knoflook*, komijn*, zwarte peper*, kardemom*, cayennepeper*, lavaswortel*, kurkuma*, kaneel*, zonnebloemolie*), zeezout, *= biologisch

Kan sporen bevatten van: pinda's (aardnoten), soja, melk, selderij.
"|100 Gram
564775|albert_heijn|None|Herr's Carolina reaper scorcin hot cheese curls|Herr's|None|28.0|Gram|Home|Producten|Borrel, chips, snacks|Chips|1.05|1.05|||||None|||37.5 per KG|€||https://www.ah.nl/producten/product/wi564775/carolina-reaper-scorcin-hot-cheese-curls|35.7|None|Maismeelchips met chili-kaassmaak||Droog bewaren.|None|None|E|Non-Organic|None|None|Ingrediënten: maïsmeel, plantaardige olie (maïs-, katoenzaad-, palm-, zonnebloemolie), kaasmelange (maltodextrine, wei (MELK), zonnebloemolie, cheddar kaas (MELK, MELKbestanddelen, zout, enzymen), zout, voedingszuur: E339; zuurteregelaar: E330; boter (MELK, zout), conserveermiddel: E270; kleurstof: E160c, natuurlijke aroma's, enzymen), kruiden (maismaltodextrine, zout, specerijen, knoflookpoeder, uipoeder; suiker, paprika, gum acacia, maïssiroop bestanddelen, aroma's, voedingszuur: E330, carolina reaper chilipoeder, rooksmaak), zout.|100 Gram
579881|albert_heijn|None|Takis Volcano|Takis|None|100.0|Gram|Home|Producten|Borrel, chips, snacks|Chips|2.99|2.99|||||None|||29.9 per KG|€||https://www.ah.nl/producten/product/wi579881/volcano|30|None|Gebakken maïshapje met kaas- en chilismaak Verpakt onder beschermende atmosfeer||Koel en droog bewaren|None|None|E|Non-Organic|None|None|Ingrediënten: voorgekookt maïsmeel, plantaardig vet (palm), kruidenmix met kaas- en chilismaak (aardappelmaltodextrine, weipoeder, zout, aroma, smaakversterkers (mononatriumglutamaat, dinatriuminosinaat en natriumguanylaat), KAASpoeder (0,4%)*, zuurteregelaars (natriumacetaten, citroenzuur), kleurstoffen (paprika-extract, annattoo bixine), antioxidanten (ascorbinezuur, extracten van rozemarijn, butylhydroxyanisool, propylgallaat, alfa-tocoferol, tocoferolrijk extract)), plantaardige olie (zonnebloem). *Over eindproduct. Kan soja bevatten.|100 Gram
558012|albert_heijn|None|Lay's Bugles nacho cheese 24-pack|Lay's|None|30.0|Gram|Home|Producten|Borrel, chips, snacks|Chips|16.56|16.56|||||None|||23 per KG|€||https://www.ah.nl/producten/product/wi558012/bugles-nacho-cheese-24-pack|31|None|Maïszoutje met kaassmaak||Droog bewaren.|None|None|D|Non-Organic|None|None|Ingrediënten: maïs, zonnebloemolie, kaassmaak [weipermeaat (van MELK), weipoeder (van MELK), zout, natuurlijk aroma (zwarte peper, rozemarijn, kurkuma, room en kaas (van MELK)), uien-, tomaat-, kaaspoeder (van MELK), knoflookpoeder, zuurteregelaars (citroenzuur, melkzuur), kleurstof (paprika-extract)]. Dit product kan soja en tarwe (gluten) bevatten.|100 Gram
558392|albert_heijn|None|Doritos Nacho cheese 20-pack|Doritos|None|44.0|Gram|Home|Producten|Borrel, chips, snacks|Chips|15.8|15.8|||||None|||17.95 per KG|€||https://www.ah.nl/producten/product/wi558392/nacho-cheese-20-pack|22|None|Maïschips met kaassmaak Verpakt onder beschermende atmosfeer.||Koel en droog bewaren.|None|None|B|Non-Organic|None|None|Ingrediënten: maïs (73%), koolzaadolie, kaassmaak [weipoeder (MELK), aroma (MELK), zout, KARNEMELKPOEDER, kaaspoeder (MELK), tomatenpoeder, uienpoeder, kaliumchloride, suiker, knoflookpoeder, zuurteregelaars (citroenzuur, melkzuur), kleurstoffen (annatto bixin, karamel, paprika-extract), MELKEIWIT, specerijen, magere MELKPOEDER, smaakversterker (dinatrium-5'-ribonucleotide)], antioxidanten (extracten van rozemarijn, ascorbinezuur, tocoferolrijk extract, citroenzuur). Kan soja en tarwe (gluten) bevatten.|100 Gram
448475|albert_heijn|None|AH Ribbelchips naturel|AH|None|250.0|Gram|Home|Producten|Borrel, chips, snacks|Chips|1.39|1.39|||||None|||5.56 per KG|€||https://www.ah.nl/producten/product/wi448475/ribbelchips-naturel|31|None|Aardappelchips naturel||Ten minste houdbaar tot en met: zie achterzijde. Vaak goed na deze datum. Kijk, ruik en proef. Donker en droog bewaren. De verpakking goed sluiten na gebruik.|None|None|D|Non-Organic|None|None|"Ingrediënten: 68% aardappel, 31% zonnebloemolie, zout.
Waarvan toegevoegde suikers 0.00g per 100 gram en waarvan toegevoegd zout 1.20g per 100 gram"|100 Gram
448476|albert_heijn|None|AH Ribbelchips paprika|AH|None|250.0|Gram|Home|Producten|Borrel, chips, snacks|Chips|1.39|1.39|||||None|||5.56 per KG|€||https://www.ah.nl/producten/product/wi448476/ribbelchips-paprika|31|None|Aardappelchips met paprikasmaak||Ten minste houdbaar tot en met: zie achterzijde. Vaak goed na deze datum. Kijk, ruik en proef. Koel en droog bewaren. De verpakking goed sluiten na gebruik.|None|None||Non-Organic|None|None|"Ingrediënten: 62% aardappel, 30% zonnebloemolie, maltodextrine, dextrose, specerijen (o.a. 1,2% paprika), zout, gistextract, kleurstof (paprika-extract [E160c]), voedingszuur (citroenzuur [E330]), gerookte maltodextrine, gerookt zout.
Waarvan toegevoegde suikers 1.8g per 100 gram en waarvan toegevoegd zout 1.22g per 100 gram"|100 Gram
448459|albert_heijn|None|AH Chips paprika|AH|None|250.0|Gram|Home|Producten|Borrel, chips, snacks|Chips|0.99|0.99|||||None|||3.96 per KG|€||https://www.ah.nl/producten/product/wi448459/chips-paprika|29|None|Aardappelchips met paprikasmaak||Ten minste houdbaar tot en met: zie achterzijde. Vaak goed na deze datum. Kijk, ruik en proef. Donker en droog bewaren. De verpakking goed sluiten na gebruik.|None|None|D|Non-Organic|None|None|"Ingrediënten: 64% aardappel, 29% zonnebloemolie, suiker, specerijen (o.a. 1% paprika), zout, dextrose, gedroogde glucosestroop, aroma's (melk), kaliumchloride (dieetzout), vegetarisch weipoeder, voedingszuur (appelzuur [E296], citroenzuur [E330]), tomatenpoeder, lavasblad.
Waarvan toegevoegde suikers 3.0g per 100 gram en waarvan toegevoegd zout 1.40g per 100 gram"|100 Gram
448456|albert_heijn|None|AH Ribbelchips bolognese|AH|None|250.0|Gram|Home|Producten|Borrel, chips, snacks|Chips|1.39|1.39|||||None|||5.56 per KG|€||https://www.ah.nl/producten/product/wi448456/ribbelchips-bolognese|29|None|Aardappelchips met bolognesesmaak||Ten minste houdbaar tot en met: zie achterzijde. Vaak goed na deze datum. Kijk, ruik en proef. Donker en droog bewaren. De verpakking goed sluiten na gebruik.|None|None|D|Non-Organic|None|None|"Ingrediënten: 64% aardappel, 29% zonnebloemolie, maïsmeel, zout, dextrose, gehydrolyseerd soja-eiwit, specerijen (o.a. 0,1% ui), aroma's, 0,4% tomatenpoeder, voedingszuur (citroenzuur [E330], appelzuur [E296]), rookaroma.
Waarvan toegevoegde suikers 0.7g per 100 gram en waarvan toegevoegd zout 1.19g per 100 gram"|100 Gram
128266|albert_heijn|None|Croky Naturel|Croky|None|200.0|Gram|Home|Producten|Borrel, chips, snacks|Chips|2.29|2.29|||||None|||11.45 per KG|€||https://www.ah.nl/producten/product/wi128266/naturel|31|None|Gezouten aardappelchips. Verpakt onder beschermende atmosfeer.||Koel en droog bewaren.|None|None|D|Non-Organic|None|None|Ingrediënten: 68% aardappelen (EU), zonnebloemolie, 1,1% zout.|100 Gram
195970|albert_heijn|None|Pringles Paprika|Pringles|None|40.0|Gram|Home|Producten|Borrel, chips, snacks|Chips|1.35|1.35|||||None|||33.75 per KG|€||https://www.ah.nl/producten/product/wi195970/paprika|30|None|HARTIGE SNACK MET PAPRIKASMAAK. Verpakt onder beschermende atmosfeer.||Store in a cool, dry place.|None|None|D|Non-Organic|None|None|INGREDIËNTEN: Gedehydrateerde aardappelen, zonnebloemolie, maïsmeel, TARWEMEEL, paprikakruiderij (suiker, paprikapoeder, smaakversterkers {mononatriumglutamaat, natriumguanylaat, dinatriuminosinaat}, dextrose, gistpoeder, uienpoeder, zout, gegranuleerde bouillon {zout, gehydrolyseerd plantaardig eiwit, zonnebloemolie}, aroma's, knoflookpoeder, kleurstof {paprika-extract}, voedingszuur {citroenzuur}, zoet weipoeder {MELK}), rijstbloem, maltodextrine, emulgator (E471), koolzaadolie, zout, kleurstof (annatto norbixine).Bevat mogelijk soja|100 Gram
353163|albert_heijn|None|Pringles Sour cream & onion|Pringles|None|40.0|Gram|Home|Producten|Borrel, chips, snacks|Chips|1.35|1.35|||||None|||33.75 per KG|€||https://www.ah.nl/producten/product/wi353163/sour-cream-en-onion|30|None|HARTIGE SNACK MET ZURE ROOM- & UIENSMAAK. Verpakt onder beschermende atmosfeer.|||None|None|D|Non-Organic|None|None|INGREDIËNTEN: Gedehydrateerde aardappelen, zonnebloemolie, maïsmeel, TARWEMEEL, rijstbloem, zure room- & uienkruiderij (TARWEZETMEEL, smaakversterkers {mononatriumglutamaat, natriumguanylaat, dinatriuminosinaat}, uienpoeder, dextrose, zonnebloemolie, zout, gemodificeerd maïszetmeel, aroma's {MELK}, maltodextrine, suiker, zoet weipoeder {MELK}, zureroompoeder {MELK}, gedroogde glucosestroop, voedingszuren {citroenzuur, appelzuur}, MELKEIWITTEN), maltodextrine, emulgator (E471), koolzaadolie, zout, kleurstof (annatto norbixine).Bevat mogelijk soja|100 Gram
353455|albert_heijn|None|Pringles Original|Pringles|None|40.0|Gram|Home|Producten|Borrel, chips, snacks|Chips|1.35|1.35|||||None|||33.75 per KG|€||https://www.ah.nl/producten/product/wi353455/original|31|None|HARTIGE SNACK. Verpakt onder beschermende atmosfeer.|||None|None|D|Non-Organic|None|None|INGREDIËNTEN: Gedehydrateerde aardappelen, zonnebloemolie, maïsmeel, TARWEMEEL, rijstbloem, maltodextrine, emulgator (E471), koolzaadolie, zout, kleurstof (annatto norbixine).Bevat mogelijk melk, soja|100 Gram
449688|albert_heijn|None|Santa Maria Tortilla chips chili|Santa Maria|None|475.0|Gram|Home|Producten|Borrel, chips, snacks|Chips|3.99|3.99|||||None|||8.4 per KG|€||https://www.ah.nl/producten/product/wi449688/tortilla-chips-chili|20|None|Knapperige maïschips met chilismaak.||Droog en op kemertemperatuur bewaren.|None|None|D|Non-Organic|None|None|Ingrediënten: Maïsmeel (73%), zonnebloemolie, chilikruiden (maltodextrine, zout, kruiden (ui, tomaat, komijn, koriander, oregano, knoflook), druivensuiker, chilipeper (0,7%), kruiden extract (chili en paprika), natuurlijke aroma's, voedingszuur (citroenzuur)). Kan sporen van soja bevatten.|100 Gram
459940|albert_heijn|None|Lay's Bugles nacho cheese flavour|Lay's|None|30.0|Gram|Home|Producten|Borrel, chips, snacks|Chips|0.69|0.69|||||None|||23 per KG|€||https://www.ah.nl/producten/product/wi459940/bugles-nacho-cheese-flavour|31|None|Maïszoutje met kaassmaak||Droog bewaren.|None|None|D|Non-Organic|None|None|Ingrediënten: maïs, zonnebloemolie, kaassmaak [weipermeaat (van MELK), weipoeder (van MELK), zout, natuurlijk aroma (zwarte peper, rozemarijn, kurkuma, room en kaas (van MELK)), uien-, tomaat-, kaaspoeder (van MELK), knoflookpoeder, zuurteregelaars (citroenzuur, melkzuur), kleurstof (paprika-extract)]. Dit product kan soja en tarwe (gluten) bevatten.|100 Gram
460033|albert_heijn|None|Torres Premium potato chips black truffle|Torres|None|125.0|Gram|Home|Producten|Borrel, chips, snacks|Chips|3.99|3.99|||||None|||31.92 per KG|€||https://www.ah.nl/producten/product/wi460033/premium-potato-chips-black-truffle|44|None|Aardappelchips met zwarte truffel en truffelaroma Verpakt onder beschermende atmosfeer.||Op een droge en koele plaats bewaren.|None|None|D|Non-Organic|None|None|Ingrediënten: aardappelen, zonnebloemolie, zout, gedehydrateerde zwarte zomertruffel (0,09%)(T. aestivum Vitt.) en truffelaroma (0,07%).|100 Gram
460034|albert_heijn|None|Torres Premium potato chips Iberian ham|Torres|None|150.0|Gram|Home|Producten|Borrel, chips, snacks|Chips|3.99|3.99|||||None|||26.6 per KG|€||https://www.ah.nl/producten/product/wi460034/premium-potato-chips-iberian-ham|32|None|Aardappelchips met Iberische Schouderham aroma Verpakt onder beschermende atmosfeer||Op een koele en droge plaats bewaren.|None|None|D|Non-Organic|None|None|Ingrediënten: Aardappelen, zonnebloemolie, aroma, gistextract, zout.|100 Gram
460466|albert_heijn|None|Doritos Sweet chili pepper|Doritos|None|44.0|Gram|Home|Producten|Borrel, chips, snacks|Chips|0.69|0.69|||||None|||15.68 per KG|€||https://www.ah.nl/producten/product/wi460466/sweet-chili-pepper|22|None|Maïschips met chilipepersmaak Verpakt onder beschermende atmosfeer.||Koel en droog bewaren.|None|None|B|Non-Organic|None|None|Ingrediënten: maïs (72%), koolzaadolie, zoete chilipepersmaak [suiker, aroma's, smaakversterkers (mononatriumglutamaat, dinatriumguanylaat), kaliumchloride, gehydrolyseerd plantaardig eiwit, paprikapoeder, uipoeder, knoflookpoeder, zout, voedingszuur (citroenzuur), cayennepeper, kleurstof (paprika-extract)], antioxidanten (ascorbinezuur, rozemarijnextract, tocoferolrijk extract, citroenzuur). Kan soja en tarwe (gluten) bevatten.|100 Gram
570416|albert_heijn|None|Lay's Paprika|Lay's|None|40.0|Gram|Home|Producten|Borrel, chips, snacks|Chips|0.75|0.75|||||None|||18.75 per KG|€||https://www.ah.nl/producten/product/wi570416/paprika|27|None|Aardappelchips met paprikasmaak Geweldige smaak, minder zout** **Minstens 25% minder zout dan gewone aardappelchips. Verpakt onder beschermende atmosfeer.||Koel en droog bewaren.|None|None|B|Non-Organic|None|None|Ingrediënten: aardappelen, plantaardige oliën (zonnebloem, koolzaad, in wisselende hoeveelheden), paprikasmaak [suiker, zout, paprikapoeder, kaliumchloride, uienpoeder, aroma's, fructose, knoflookpoeder, kleurstof (paprika-extract), voedingszuur (citroenzuur), gerookte paprikapoeder], antioxidanten (extracten van rozemarijn, ascorbinezuur, tocoferolrijk extract, citroenzuur).|100 Gram
570422|albert_heijn|None|Lay's Max naturel|Lay's|None|40.0|Gram|Home|Producten|Borrel, chips, snacks|Chips|0.75|0.75|||||None|||18.75 per KG|€||https://www.ah.nl/producten/product/wi570422/max-naturel|33|None|Geribbelde gezouten aardappelchips Verpakt onder beschermende atmosfeer.||Koel en droog bewaren.|None|None|C|Non-Organic|None|None|Ingrediënten: aardappelen, plantaardige oliën (zonnebloem, koolzaad, in wisselende hoeveelheden), zout, antioxidanten (rozemarijnextract, ascorbinezuur, tocoferolrijk extract, citroenzuur).|100 Gram
570423|albert_heijn|None|Lay's Naturel|Lay's|None|40.0|Gram|Home|Producten|Borrel, chips, snacks|Chips|0.75|0.75|||||None|||18.75 per KG|€||https://www.ah.nl/producten/product/wi570423/naturel|29|None|Gezouten aardappelchips Geweldige smaak, minder zout** **25% minder zout dan gewone aardappelchips Verpakt onder beschermende atmosfeer.||Koel en droog bewaren.|None|None|C|Non-Organic|None|None|Ingrediënten: aardappelen, plantaardige oliën (zonnebloem, koolzaad, in wisselende hoeveelheden), zout, antioxidanten (rozemarijnextract, ascorbinezuur, tocoferolrijk extract, citroenzuur).|100 Gram
590909|albert_heijn|None|Croky Patatas fritas ketchup|Croky|None|100.0|Gram|Home|Producten|Borrel, chips, snacks|Chips|1.79|1.79|||||None|||17.9 per KG|€||https://www.ah.nl/producten/product/wi590909/patatas-fritas-ketchup|27|None|Aardappelsnack met ketchupsmaak. Verpakt onder beschermende atmosfeer.||Koel en droog bewaren.|None|None||Non-Organic|None|None|Ingrediënten: 36% aardappelpoeder (EU), 28% aardappelzetmeel (EU), 27% zonnebloemolie, fructose, zout, specerijen, dextrose, zuurteregelaar (natriumacetaten), suiker, tomatenpoeder, carobepoeder, aroma, voedingszuur (citroenzuur), kleurstof (paprika extract).|100 Gram
590910|albert_heijn|None|Croky Patatas fritas speciaal|Croky|None|100.0|Gram|Home|Producten|Borrel, chips, snacks|Chips|1.79|1.79|||||None|||17.9 per KG|€||https://www.ah.nl/producten/product/wi590910/patatas-fritas-speciaal|28|None|Aardappelsnack met Patatje Speciaal smaak, met suikers en zoetstof. Verpakt onder beschermende atmosfeer.||Koel en droog bewaren.|None|None||Non-Organic|None|None|Ingrediënten: 36% aardappelpoeder (EU), 28% aardappelzetmeel (EU), 28% zonnebloemolie, suiker, zout, specerijen, dextrose, zuurteregelaar (natriumacetaten), kaliumchloride, aroma (MELK), voedingszuur (citroenzuur), zoetstof (steviolglycosiden).|100 Gram
590911|albert_heijn|None|Croky Tubes nacho cheese|Croky|None|100.0|Gram|Home|Producten|Borrel, chips, snacks|Chips|1.59|1.59|||||None|||15.9 per KG|€||https://www.ah.nl/producten/product/wi590911/tubes-nacho-cheese|25|None|Maïssnack met Nacho cheese smaak. Verpakt onder beschermende atmosfeer.||Koel en droog bewaren.|None|None||Non-Organic|None|None|Ingrediënten: 65% maïsbloem (EU en niet-EU), zonnebloemolie, suiker, zout, weipermeaat (MELK), 1,8% kaaspoeder (MELK), specerijen, dextrose, kleurstof (paprika extract), aroma's (MELK), voedingszuur (citroenzuur), antioxidant (rozemarijn extract), rijsmiddel (natriumbicarbonaat). KAN SPOREN VAN SOJA BEVATTEN.|100 Gram
590912|albert_heijn|None|Croky Mexicano|Croky|None|200.0|Gram|Home|Producten|Borrel, chips, snacks|Chips|2.29|2.29|||||None|||11.45 per KG|€||https://www.ah.nl/producten/product/wi590912/mexicano|29|None|Aardappelchips met Mexicano smaak. Verpakt onder beschermende atmosfeer.||Koel en droog bewaren.|None|None||Non-Organic|None|None|Ingrediënten: 64% aardappelen (EU), zonnebloemolie, Mexicano kruiding (maïsbloem, suiker, aroma's, zout, dextrose, specerijen (waarvan 0,2% Cayenne, 0,2% witte peper, 0,02% nootmuskaat, 0,01% Chili Habanero), kaliumchloride, SOJAsauspoeder (SOJAsaus, maltodextrine), voedingszuur (citroenzuur)).|100 Gram
590913|albert_heijn|None|AH Ribbelchips sour cream & onion|AH|None|250.0|Gram|Home|Producten|Borrel, chips, snacks|Chips|1.39|1.39|||||None|||5.56 per KG|€||https://www.ah.nl/producten/product/wi590913/ribbelchips-sour-cream-en-onion||None||||None|None||Non-Organic|None|None||
590914|albert_heijn|None|Pringles Pizza|Pringles|None|165.0|Gram|Home|Producten|Borrel, chips, snacks|Chips|2.69|2.69||2.69|||None|||16.3 per KG|€||https://www.ah.nl/producten/product/wi590914/pizza|30|None|HARTIGE SNACK MET PIZZASMAAK. Verpakt onder beschermende atmosfeer.||.|None|None||Non-Organic|None|None|INGREDIËNTEN: Gedehydrateerde aardappelen, zonnebloemolie, maïsmeel, TARWEMEEL, rijstbloem, pizzakruiderij (lactose {MELK}, karnemelkpoeder {MELK}, smaakversterkers {mononatriumglutamaat, dinatrium-5'-ribonucleotiden}, zout, tomatenpoeder, suiker, uienpoeder, kaaspoeder {MELK}, aroma's, knoflookpoeder, kruiden {oregano, rozemarijn, basilicum}, zuurteregelaars {citroenzuur, melkzuur, calciumlactaat}, zonnebloemolie, kleurstof {paprika-extract}), maltodextrine, emulgator (E471), koolzaadolie, zout, kleurstof (annatto norbixine).Bevat mogelijk soja|100 Gram
590918|albert_heijn|None|Doritos Nacho cheese flavour snackbox|Doritos|None|140.0|Gram|Home|Producten|Borrel, chips, snacks|Chips|2.59|2.59|||||None|||18.5 per KG|€||https://www.ah.nl/producten/product/wi590918/nacho-cheese-flavour-snackbox|22|None|Maïschips met kaassmaak Verpakt onder beschermende atmosfeer.|1. Pull the lid-give it some muscle. 2. Remove the freshness seal. 3. Re-close when you're done. |Koel en droog bewaren.|None|None||Non-Organic|None|None|"Ingrediënten: maïs (73%), koolzaadolie,
kaassmaak [weipoeder (MELK), aroma's
(MELK), zout, KARNEMELKPOEDER,
kaaspoeder (MELK), tomatenpoeder,
uipoeder, kaliumchloride, suiker,
knoflookpoeder, zuurteregelaars (citroenzuur,
melkzuur), kleurstoffen (annatto bixin,
karamel, paprika-extract), MELKEIWIT,
specerijen, magere MELKPOEDER,
smaakversterker
(dinatrium-5'-ribonocleotide)], antioxidanten
(extracten van rozemarijn, ascorbinezuur,
tocoferolrijk extract, citroenzuur). Kan soja en tarwe (gluten) bevatten."|100 Gram
590919|albert_heijn|None|Doritos Sweet chili flavour snackbox|Doritos|None|140.0|Gram|Home|Producten|Borrel, chips, snacks|Chips|2.59|2.59|||||None|||18.5 per KG|€||https://www.ah.nl/producten/product/wi590919/sweet-chili-flavour-snackbox|22|None|Maïschips met chilipepersmaak Verpakt onder beschermende atmosfeer.|1. Pull the lid-give it some muscle. 2. Remove the freshness seal. 3. Re-close when you're done. |Koel en droog bewaren.|None|None||Non-Organic|None|None|Ingrediënten: maïs (73%), koolzaadolie, zoete chilipepersmaak [suiker, aroma's, smaakversterkers (mononatriumglutamaat, dinatriumguanylaat), kaliumchloride, gehydrolyseerd plantaardig eiwit, paprikapoeder, uienpoeder, knoflookpoeder, zout, voedingszuur (citroenzuur), cayennepeper, kleurstof (paprika-extract)], antioxidanten (extracten van rozemarijn, ascorbinezuur, tocoferolrijk extract, citroenzuur). Kan soja en tarwe (gluten) bevatten.|100 Gram
590920|albert_heijn|None|Lay's Max salted original snackbox|Lay's|None|125.0|Gram|Home|Producten|Borrel, chips, snacks|Chips|2.39|2.39|||||None|||19.12 per KG|€||https://www.ah.nl/producten/product/wi590920/max-salted-original-snackbox|33|None|Geribbelde gezouten aardappelchips Verpakt onder beschermende atmosfeer.|1. Pull the lid-give it some muscle. 2. Remove the freshness seal. 3. Re-close when you're done. |Koel en droog bewaren.|None|None||Non-Organic|None|None|Ingrediënten: aardappelen, plantaardige oliën (zonnebloem, koolzaad, in wisselende hoeveelheden), zout, antioxidanten (extracten van rozemarijn, ascorbinezuur, tocoferolrijk extract, citroenzuur).|100 Gram
590921|albert_heijn|None|Lay's Max paprika snackbox|Lay's|None|125.0|Gram|Home|Producten|Borrel, chips, snacks|Chips|2.39|2.39|||||None|||19.12 per KG|€||https://www.ah.nl/producten/product/wi590921/max-paprika-snackbox|31|None|Geribbelde aardappelchips met paprikasmaak Verpakt onder beschermende atmosfeer.|1. Pull the lid-give it some muscle. 2. Remove the freshness seal. 3. Re-close when you're done. |Koel en droog bewaren.|None|None||Non-Organic|None|None|Ingrediënten: aardappelen, plantaardige oliën (zonnebloem, koolzaad, in wisselende hoeveelheden), paprikasmaak [suiker, zout, paprikapoeder, gerookte zoete paprikapoeder, uienpoeder, knoflookpoeder, aroma's, kleurstof (paprika-extract), fructose, cayennepeper, voedingszuur (citroenzuur)], antioxidanten (extracten van rozemarijn, ascorbinezuur, tocoferolrijk extract, citroenzuur).|100 Gram
590922|albert_heijn|None|Lay's Bugles nacho cheese snackbox|Lay's|None|135.0|Gram|Home|Producten|Borrel, chips, snacks|Chips|2.79|2.79|||||None|||20.67 per KG|€||https://www.ah.nl/producten/product/wi590922/bugles-nacho-cheese-snackbox|30|None|Maïszoutje met kaassmaak Verpakt onder beschermende atmosfeer.|1. Pull the lid-give it some muscle. 2. Remove the freshness seal. 3. Re-close when you're done. |Koel en droog bewaren.|None|None||Non-Organic|None|None|Ingrediënten: maïsmeel, zonnebloemolie, kaassmaak [weipermeaat (van MELK), weipoeder (van MELK), zout, natuurlijke aroma's (zwarte peper, rozemarijn, kurkuma, room, kaas (van MELK)), uien-, tomaat-, KAASPOEDER, knoflookpoeder, zuurteregelaars (citroenzuur, melkzuur), kleurstof (paprika-extract)], zout, suiker. Kan soja en tarwe (gluten) bevatten.|100 Gram
590923|albert_heijn|None|Lay's Max cheese & jalapeno snackbox|Lay's|None|125.0|Gram|Home|Producten|Borrel, chips, snacks|Chips|2.39|2.39|||||None|||19.12 per KG|€||https://www.ah.nl/producten/product/wi590923/max-cheese-en-jalapeno-snackbox|30|None|Geribbelde aardappelchips met kaas- en Jalapeñopepersmaak Verpakt onder beschermende atmosfeer.|1. Pull the lid-give it some muscle. 2. Remove the freshness seal. 3. Re-close when you're done. |Koel en droog bewaren.|None|None||Non-Organic|None|None|Ingrediënten: aardappelen, plantaardige oliën (zonnebloem, koolzaad, in wisselende hoeveelheden), kaas- en jalapeñopepersmaak [weipoeder (MELK), zout, suiker, aroma's (bevat MELK), cayennepeper, uienpoeder, zuurteregelaar (citroenzuur), kaliumchloride, knoflookpoeder, zwarte peper], antioxidanten (extracten van rozemarijn, ascorbinezuur, tocoferolrijk extract, citroenzuur).|100 Gram
590924|albert_heijn|None|Lay's Bugles peanut|Lay's|None|125.0|Gram|Home|Producten|Borrel, chips, snacks|Chips|2.25|2.25|||||None|||18 per KG|€||https://www.ah.nl/producten/product/wi590924/bugles-peanut|37|None|Maïszoutje met pindasmaak Verpakt onder beschermende atmosfeer.||Koel en droog bewaren.|None|None||Non-Organic|None|None|Ingrediënten: maïsmeel, zonnebloemolie, PINDAPASTA (9%), pindasmaak [aroma (bevat HAZELNOOT, PINDA, MELK, GERST), TARWEBLOEM, smaakversterker (mononatriumglutamaat), cacaopoeder, kleurstof (paprika-extract)], suiker, zout. Kan soja bevatten.|100 Gram
590925|albert_heijn|None|Lay's Sensations mature cheddar & chilli|Lay's|None|150.0|Gram|Home|Producten|Borrel, chips, snacks|Chips|2.49|2.49||2.49|||None|||16.6 per KG|€||https://www.ah.nl/producten/product/wi590925/sensations-mature-cheddar-en-chilli|25|None|Gemarineerde aardappelchips met cheddar kaas en chili chutneysmaak Verpakt onder beschermende atmosfeer.||Koel en droog bewaren.|None|None||Non-Organic|None|None|Ingrediënten: aardappelen, plantaardige oliën (zonnebloem, koolzaad, in wisselende hoeveelheden), gerijpte cheddar en chili chutneysmaak [weipermeaat (van MELK), suiker, aroma (bevat MELK), KARNEMELKPOEDER, zout, uienpoeder, zuurteregelaars (natriumcetaten, melkzuur, citroenzuur, appelzuur), kaliumchloride, johannesbroodpitmeel, knoflookpoeder, kaaspoeder (van MELK), rode paprikapoeder, specerijen (cayennepeper, gemberpoeder, kaneelpoeder, kruidnagelpoeder, witte peper), kleurstof (paprika extract)] verstevigingsmiddel (calciumlactaat), antioxidanten (extracten van rozemarijn, ascorbinezuur, tocoferolrijk extract, citroenzuur).|100 Gram
590931|albert_heijn|None|AH Ribbelchips pickles|AH|None|250.0|Gram|Home|Producten|Borrel, chips, snacks|Chips|1.39|1.39|||||None|||5.56 per KG|€||https://www.ah.nl/producten/product/wi590931/ribbelchips-pickles||None||||None|None||Non-Organic|None|None||
590932|albert_heijn|None|AH Ribbelchips peper & zout|AH|None|250.0|Gram|Home|Producten|Borrel, chips, snacks|Chips|1.39|1.39|||||None|||5.56 per KG|€||https://www.ah.nl/producten/product/wi590932/ribbelchips-peper-en-zout||None||||None|None||Non-Organic|None|None||
590945|albert_heijn|None|Tyrrells Roast chicken & caramelised onion|Tyrrells|None|150.0|Gram|Home|Producten|Borrel, chips, snacks|Chips|2.99|2.99|||||None|||19.93 per KG|€||https://www.ah.nl/producten/product/wi590945/roast-chicken-en-caramelised-onion|26|None|Aardappelchips met kip- en gekarameliseerde uiensmaak Verpakt onder beschermende atmosfeer.||Bewaren op een koele, droge plek.|None|None||Non-Organic|None|None|Ingrediënten: aardappelen, plantaardige oliën (zonnebloem, raapzaad in wisselende verhoudingen), suiker, zout, uienpoeder, natuurlijk aroma, knoflookpoeder, specerijen. Kan melk bevatten.|100 Gram
590946|albert_heijn|None|Tyrrells Mediterranean herb seasoning|Tyrrells|None|150.0|Gram|Home|Producten|Borrel, chips, snacks|Chips|2.99|2.99|||||None|||19.93 per KG|€||https://www.ah.nl/producten/product/wi590946/mediterranean-herb-seasoning|26|None|Aardappelchips op smaak gebracht met mediterrane kruiden Verpakt onder beschermende atmosfeer.||Bewaren op een koele, droge plek.|None|None||Non-Organic|None|None|Ingrediënten: aardappelen, plantaardige oliën (zonnebloem, raapzaad in wisselende verhoudingen), gistextract, gedroogde kruiden (oregano, rozemarijn, peterselie, tijm), knoflookpoeder, uienpoeder, zout, gemalen zwarte peper, oregano-extract. Kan melk bevatten.|100 Gram
590947|albert_heijn|None|Tyrrells English smoky barbecue|Tyrrells|None|150.0|Gram|Home|Producten|Borrel, chips, snacks|Chips|2.99|2.99|||||None|||19.93 per KG|€||https://www.ah.nl/producten/product/wi590947/english-smoky-barbecue|25|None|Aardappelchips met barbecue-smaak Verpakt onder beschermende atmosfeer.||Bewaren op een koele, droge plek.|None|None||Non-Organic|None|None|Ingrediënten: aardappelen, plantaardige oliën (zonnebloem, raapzaad in wisselende verhoudingen), suiker, zout, tomatenpoeder, gistextrakt, natuurlijk aroma, rode paprikapoeder, wijnazijnpoeder, knoflookpoeder, uienpoeder, gerookt zout, specerijen (gerookte paprika, cayennepeper, zwarte peper), melassepoeder, chili, komijn, kleurstof (paprika-extract). Kan melk bevatten.|100 Gram
590948|albert_heijn|None|Chio Heartbreakers cheese onion|Chio|None|125.0|Gram|Home|Producten|Borrel, chips, snacks|Chips|1.99|1.99|||||None|||15.92 per KG|€||https://www.ah.nl/producten/product/wi590948/heartbreakers-cheese-onion|29|None|Aardappel-rijstsnack met ui- en kaassmaak||Droog en donker bewaren. Na openen beperkt houdbaar.|None|None||Non-Organic|None|None|Ingrediënten: aardappelpoeder 33%, zonnebloemolie, rijstmeel 15%, aardappelzetmeel, gemodificeerd aardappelzetmeel, suiker, zout, uipoeder, weipoeder (MELK), gehydrolyseerd plantaardig eiwit, natuurlijke aroma, knoflookpoeder, specerijen, kaaspoeder (MELK), kalium chloride, kleurstof (paprika-extract).|100 Gram
590949|albert_heijn|None|Chio Oven chips onion & sour cream|Chio|None|125.0|Gram|Home|Producten|Borrel, chips, snacks|Chips|1.99|1.99|||||None|||15.92 per KG|€||https://www.ah.nl/producten/product/wi590949/oven-chips-onion-en-sour-cream|9.4|None|AARDAPPELSNACK MET UIEN- EN ZURE ROOMSMAAK||Droog en donker bewaren. Na openen beperkt houdbaar.|None|None||Non-Organic|None|None|Ingrediënten: aardappelpoeder (61%), zetmeel, plantaardige oliën (koolzaad, zonnebloem in wisselende verhoudingen), suiker, uipoeder (1,6%), zout, emulgator (lecithinen), dextrose, yoghurtpoeder (MELK), weipoeder (MELK), natuurlijk aroma (bevat MELK), peterselie (0,2%), zure roompoeder (MELK) (0,2%), zuurteregelaar (calciumfosfaten), voedingszuur (melkzuur), rijsmiddel (natriumwaterstofcarbonaat), knoflookpoeder, bieslook (0,07%), kleurend levensmiddel (zwarte thee-extract), gistextract. Kan tarwe, gerst, sesam en soja bevatten.|100 Gram
590950|albert_heijn|None|Chio Oven chips paprika|Chio|None|125.0|Gram|Home|Producten|Borrel, chips, snacks|Chips|1.99|1.99|||||None|||15.92 per KG|€||https://www.ah.nl/producten/product/wi590950/oven-chips-paprika|9.2|None|AARDAPPELSNACK MET PAPRIKASMAAK||Droog en donker bewaren. Na openen beperkt houdbaar.|None|None||Non-Organic|None|None|Ingrediënten: aardappelpoeder (61%), zetmeel, plantaardige oliën (koolzaad, zonnebloem in wisselende verhoudingen), suiker, zout, emulgator (lecithinen), paprikapoeder (1,1%), gistextract, tomatenpoeder, uipoeder, zuurteregelaar (calciumfosfaten), natuurlijk aroma, balsamicoazijnpoeder (wijnazijn, geconcentreerde druivenmost), rijsmiddel (natriumwaterstofcarbonaat), chilipoeder, knoflookpoeder, abrikozenpoeder, kleurend levensmiddel (zwarte thee-extract), voedingszuur (appelzuur), kleurstof (paprika-extract), GERSTemoutazijnpoeder, kruiden, specerijen, GERSTemoutazijn-extract, alcoholazijnpoeder. Kan tarwe, sesam, melk en soja bevatten.|100 Gram
590951|albert_heijn|None|Chio Oven chips sea salt|Chio|None|125.0|Gram|Home|Producten|Borrel, chips, snacks|Chips|1.99|1.99|||||None|||15.92 per KG|€||https://www.ah.nl/producten/product/wi590951/oven-chips-sea-salt|9.2|None|AARDAPPELSNACK MET ZEEZOUT||Droog en donker bewaren. Na openen beperkt houdbaar.|None|None||Non-Organic|None|None|Ingrediënten: aardappelpoeder (62%), zetmeel, plantaardige oliën (koolzaad, zonnebloem in wisselende verhoudingen), suiker, gistextract, emulgator (lecithinen), zeezout (1,1%), uipoeder, natuurlijk aroma, zuurteregelaar (calciumfosfaten), rijsmiddel (natriumwaterstofcarbonaat), gerookte dextrose, voedingszuur (citroenzuur), knoflookpoeder, kleurend levensmiddel (zwarte thee-extract), zout, kleurstof (paprika-extract), kruiden. Kan TARWE, GERST, SESAM, MELK en SOJA bevatten.|100 Gram
590952|albert_heijn|None|Boerderij Kimchi chips|Boerderij|None|125.0|Gram|Home|Producten|Borrel, chips, snacks|Chips|2.45|2.45|||||None|||19.6 per KG|€||https://www.ah.nl/producten/product/wi590952/kimchi-chips|24.5|None|Aardappelchips met Kimchismaak Verpakt onder beschermende atmosfeer.||Tegen warmte en zonlicht beschermen.|None|None|C|Non-Organic|None|None|Ingrediënten: Aardappel, zonnebloemolie, tomaat poeder 1%, uienpoeder 1%, knoflookpoeder 0.5%, suiker 1%, zout 1%, dextrose, natuurlijk gistextract, chili poeder, mierikswortel, gember, natuurlijk aroma.|100 Gram
590953|albert_heijn|None|Boerderij Pure chips zonder zout|Boerderij|None|150.0|Gram|Home|Producten|Borrel, chips, snacks|Chips|2.19|2.19|||||None|||14.6 per KG|€||https://www.ah.nl/producten/product/wi590953/pure-chips-zonder-zout|22.5|None|Aardappelchips zonder zout Pure chips zonder zout Verpakt onder beschermde atmosfeer.||Tegen warmte en zonlicht beschermen.|None|None|C|Non-Organic|None|None|Ingrediënten: aardappelen, zonnebloemolie.|100 Gram
590954|albert_heijn|None|AH Robuuste chips kaassmaak jalapeno|AH|None|150.0|Gram|Home|Producten|Borrel, chips, snacks|Chips|2.19|2.19|||||None|||14.6 per KG|€||https://www.ah.nl/producten/product/wi590954/robuuste-chips-kaassmaak-jalapeno|22|None|Aardappelchips met jalapeño en kaassmaak Verpakt onder beschermende atmosfeer.||Ten minste houdbaar tot en met: zie achterzijde. Vaak goed na deze datum. Kijk, ruik en proef. Donker en droog bewaren. De verpakking goed sluiten na gebruik.|None|None||Non-Organic|None|None|"Ingrediënten: 72% aardappel, zonnebloemolie, specerijen (o.a. 0,5% jalapeño), zout, dextrose, natuurlijke aroma's, suiker, gedroogde glucosestroop, gemodificeerd maïszetmeel, gistextract.
Waarvan toegevoegde suikers 1.2g per 100 gram en waarvan toegevoegd zout 0.98g per 100 gram"|100 Gram
590955|albert_heijn|None|AH Biologisch Kikkererwtenchips naturel|AH Biologisch|None|75.0|Gram|Home|Producten|Borrel, chips, snacks|Chips|1.69|1.69|||||None|||22.53 per KG|€||https://www.ah.nl/producten/product/wi590955/kikkererwtenchips-naturel|23|None|Kikkererwtenchips met zeezout Skal 001920 EU-bio-logo NL-BIO-01||Ten minste houdbaar tot en met: zie achterzijde. Vaak goed na deze datum. Kijk, ruik en proef. Donker en droog bewaren.|None|None||Organic|None|None|"Ingrediënten: 41% kikkererwtenmeel*, aardappelzetmeel*, 22% zonnebloemolie*, aardappelmeel*, zeezout.
Waarvan toegevoegde suikers 0.00g per 100 gram en waarvan toegevoegd zout 2.00g per 100 gram
EU Landbouw 
*Van biologische oorsprong."|100 Gram
590956|albert_heijn|None|Takis Blue heat|Takis|None|100.0|Gram|Home|Producten|Borrel, chips, snacks|Chips|2.99|2.99|||||None|||29.9 per KG|€||https://www.ah.nl/producten/product/wi590956/blue-heat|27|None|Gefrituurd maïshapje met chili- limoensmaak product Verpakt onder beschermende atmosfeer.||koel en droog bewaren|None|None|D|Non-Organic|None|None|Ingrediënten: Voorgekookt maïsmeel (eu), plantaardig vet (palm), kruidenmix met chili- en limoensmaak [maltodextrine, zout, zuurteregelaar (citroenzuur), smaakversterkers (mononatriumglutamaat, kaliumchloride, natriumguanylaat, dinatriuminosinaat), suiker, aroma, kleurend spirulina-extract, specerijen, emulgator (E 322 (SOJA)), kleurstof (briljantblauw fcf)], plantaardige olie (zonnebloem)] Kan glutenbevattende granen en/of melk bevatten.|100 Gram
590958|albert_heijn|None|Proper Paprika lentil chips|Proper|None|85.0|Gram|Home|Producten|Borrel, chips, snacks|Chips|2.49|2.49|||||None|||29.29 per KG|€||https://www.ah.nl/producten/product/wi590958/paprika-lentil-chips|19|None|Chips op basis van linzen met paprikasmaak Verpakt onder beschermende atmosfeer||Koel en droog bewaren.|None|None||Non-Organic|None|None|Ingrediënten: linzenbloem (28%), aardappelzetmeel, plantaardige olie (koolzaad, zonnebloem), maïsbloem, rijstbloem, zout, suiker, natuurlijk aroma, ui, paprika, knoflook, kleurstof (paprika-extract). Kan soja bevatten.|100 Gram
590959|albert_heijn|None|Proper All the cheese lentil chips|Proper|None|85.0|Gram|Home|Producten|Borrel, chips, snacks|Chips|2.49|2.49|||||None|||29.29 per KG|€||https://www.ah.nl/producten/product/wi590959/all-the-cheese-lentil-chips|20|None|Chips op basis van linzenmeel met de smaak van 4 kazen.||Koel en droog bewaren|None|None||Non-Organic|None|None|Ingrediënten: Linzenbloem (28%), aardappelzetmeel, plantaardige olie (koolzaadolie, zonnebloemolie), maisbloem, karneMELKpoeder, zout, kaaspoeder (MELK) (cheddar, Gouda, mozzarella, emmental), suiker, natuurlijk aroma, ui, rijstbloem. Kan soja bevatten.|100 Gram
590960|albert_heijn|None|Torres Premium potato chips caviar|Torres|None|110.0|Gram|Home|Producten|Borrel, chips, snacks|Chips|3.99|3.99|||||None|||36.27 per KG|€||https://www.ah.nl/producten/product/wi590960/premium-potato-chips-caviar|48|None|Aardappelchips met kaviaar en kaviaararoma. Verpakt onder beschermende atmosfeer||Op een droge en koele plaats bewaren|None|None||Non-Organic|None|None|Ingrediënten: aardappelen, zonnebloemolie, KAVIAARAROMA (3%), zout en gedehydrateerde KAVIAAR (0,18%).|100 Gram
590980|albert_heijn|None|AH Stapel op chips naturel|AH|None|175.0|Gram|Home|Producten|Borrel, chips, snacks|Chips|1.49|1.49|||||None|||8.51 per KG|€||https://www.ah.nl/producten/product/wi590980/stapel-op-chips-naturel|26|None|Aardappelchips naturel||Ten minste houdbaar tot en met: zie onderzijde. Vaak goed na deze datum. Kijk, ruik en proef. Donker en droog bewaren. De verpakking goed sluiten na gebruik.|None|None||Non-Organic|None|None|"Ingrediënten: 52% aardappelvlok, plantaardige olie (zonnebloem, koolzaad), zetmeel (tarwe, aardappel), glucosestroop, zout, emulgator (mono- en diglyceriden van vetzuren [E471]).
Waarvan toegevoegde suikers 3.8g per 100 gram en waarvan toegevoegd zout 1.00g per 100 gram"|100 Gram
590981|albert_heijn|None|AH Stapel op chips paprika|AH|None|175.0|Gram|Home|Producten|Borrel, chips, snacks|Chips|1.49|1.49|||||None|||8.51 per KG|€||https://www.ah.nl/producten/product/wi590981/stapel-op-chips-paprika|25|None|Aardappelchips met paprikasmaak||Ten minste houdbaar tot en met: zie onderzijde. Vaak goed na deze datum. Kijk, ruik en proef. Donker en droog bewaren. De verpakking goed sluiten na gebruik.|None|None||Non-Organic|None|None|"Ingrediënten: 50% aardappelvlok, plantaardige olie (zonnebloem, koolzaad), zetmeel (tarwe, aardappel), glucosestroop, suiker, specerijen (o.a. 0,6% paprika, 0,1% gerookte paprika), zout, emulgator (mono- en diglyceriden van vetzuren [E471]), natriumgereduceerd zout, natuurlijk aroma, voedingszuur (citroenzuur [E330]).
Waarvan toegevoegde suikers 3.7g per 100 gram en waarvan toegevoegd zout 0.90g per 100 gram"|100 Gram
590982|albert_heijn|None|AH Stapel op chips sour cream & onion|AH|None|175.0|Gram|Home|Producten|Borrel, chips, snacks|Chips|1.49|1.49|||||None|||8.51 per KG|€||https://www.ah.nl/producten/product/wi590982/stapel-op-chips-sour-cream-en-onion|25|None|Aardappelchips met zure room- en uiensmaak||Ten minste houdbaar tot en met: zie onderzijde. Vaak goed na deze datum. Kijk, ruik en proef. Donker en droog bewaren. De verpakking goed sluiten na gebruik.|None|None||Non-Organic|None|None|"Ingrediënten: 50% aardappelvlok, plantaardige olie (zonnebloem, koolzaad), zetmeel (tarwe, aardappel), glucosestroop, rijstebloem, suiker, 0,6% uienpoeder, natriumgereduceerd zout, emulgator (mono- en diglyceriden van vetzuren [E471]), natuurlijk aroma (melk), zout, karnemelkpoeder, zuurteregelaar (citroenzuur [E330]).
Waarvan toegevoegde suikers 3.7g per 100 gram en waarvan toegevoegd zout 0.46g per 100 gram"|100 Gram
415186|albert_heijn|None|AH Ice tea lemon koolzuurvrij|AH|None|1.5|Liter|Home|Producten|Frisdrank, sappen, water|Ice tea|1.29|1.29|||||None|||0.86 per LT|€||https://www.ah.nl/producten/product/wi415186/ice-tea-lemon-koolzuurvrij|0|None|Koolzuurvrije frisdrank met 0,1% zwarte thee-extract en citroensmaak met suiker en zoetstof||Ten minste houdbaar tot en met: zie bovenzijde. Kijk, ruik en proef na deze datum. Koel, donker en droog bewaren. Na openen gekoeld bewaren (max. 7°C), beperkt houdbaar.|None|None|C|Non-Organic|None|None|"Ingrediënten: water, suiker, zuurteregelaar (citroenzuur [E330], natriumcitraten [E331]), 0,1% citroensap uit concentraat, zwarte thee-extract°, natuurlijk aroma, antioxidant (ascorbinezuur [E300]), zoetstof (steviolglycosiden uit Stevia [E960a]).
Waarvan toegevoegde suikers 2.6g per 100 milliliter en waarvan toegevoegd zout 0.00g per 100 milliliter
°Rainforest Alliance gecertificeerd. Zie voor meer informatie ra.org"|100 Milliliter
140127|albert_heijn|None|Royal Club Bitter lemon 0% suiker|Royal Club|None|1.0|Liter|Home|Producten|Frisdrank, sappen, water|Tonic, ginger, bitter, crafts en speciaal fris|2.39|2.39|||||None|||2.39 per LT|€||https://www.ah.nl/producten/product/wi140127/bitter-lemon-0-suiker|0|None|Bittere citroenfrisdrank, met zoetstoffen, bevat kinine. 0% suiker|Na openen beperkt houdbaar.|Koel, droog en donker bewaren.|None|None|C|Non-Organic|None|None|Ingrediënten: koolzuurhoudend water, citroensap uit concentraat (8%), voedingszuur (citroenzuur), zoetstoffen (cyclaamzuur, sacharine, acesulfaam-K), natuurlijk aroma (waarvan natuurlijke kinine), antioxidant (ascorbinezuur).|100 Milliliter
489953|albert_heijn|None|Fuze Tea Green ice tea|Fuze Tea|None|1.25|Liter|Home|Producten|Frisdrank, sappen, water|Ice tea|2.69|2.69|||||None|||2.15 per LT|€||https://www.ah.nl/producten/product/wi489953/green-ice-tea|0|None|Frisdrank op basis van getrokken groene thee, met citrussmaak, met suikers en zoetstof. Low in calories|Best served chilled.|Koel, droog, geurvrij en uit het zonlicht bewaren. Na openen, in koelkast 3 dagen houdbaar.|None|None|D|Non-Organic|None|None|Ingrediënten: Getrokken groene thee 94% (water, geconcentreerde groene thee* infusie), suiker, voedingszuren: citroenzuur, natriumcitraat, citroensap uit concentraat (1%), natuurlijke citrusaroma's met andere natuurlijke aroma's, antioxidant: ascorbinezuur, zoetstof: steviolglycosiden, * Rainforest Alliance Certifiedᵀᴹ|100 Milliliter
476709|albert_heijn|None|AH Cassis regular|AH|None|1.5|Liter|Home|Producten|Frisdrank, sappen, water|Sinas, lemon, cassis|1.89|1.89|||||None|||1.26 per LT|€||https://www.ah.nl/producten/product/wi476709/cassis-regular|0|None|Koolzuurhoudende frisdrank met 5% zwartebessensap uit concentraat met suiker en zoetstoffen||Ten minste houdbaar tot en met: zie bovenzijde. Vaak goed na deze datum. Kijk, ruik en proef. Koel, donker en droog bewaren. Na openen gekoeld bewaren (max. 7°C), beperkt houdbaar. De verpakking goed sluiten na gebruik.|None|None|D|Non-Organic|None|None|"Ingrediënten: koolzuurhoudend water, zwartebessensap uit concentraat, suiker, voedingszuur (citroenzuur [E330]), natuurlijk aroma, conserveermiddel (kaliumsorbaat [E202], natriumbenzoaat [E211]), kleurend concentraat (zwarte wortel, hibiscus), zoetstof (sucralose [E955], acesulfaam-K [E950]).
Waarvan toegevoegde suikers 2.4g per 100 milliliter en waarvan toegevoegd zout 0.00g per 100 milliliter"|100 Milliliter
428729|albert_heijn|None|Fuze Tea Green ice tea|Fuze Tea|None|1.5|Liter|Home|Producten|Frisdrank, sappen, water|Ice tea|2.99|2.99|||||None|||1.99 per LT|€||https://www.ah.nl/producten/product/wi428729/green-ice-tea|0|None|Frisdrank op basis van getrokken groene thee met citrussmaak, met suiker en zoetstof. Low in calories ||"Koel, droog en geurvrij bewaren.
Na openen, gekoeld tot 5 dagen houdbaar"|None|None|D|Non-Organic|None|None|Ingrediënten: Getrokken groene thee 94% (water, geconcentreerde groene thee infusie⁺); suiker; voedingszuren: citroenzuur, natriumcitraten; citroensap uit concentraat (1%); natuurlijke citrusaroma's met andere natuurlijke aroma's; antioxidant: ascorbinezuur; zoetstof: steviolglycosiden uit stevia.|100 Milliliter
553877|albert_heijn|None|Sprite Zero sugar lemon-lime 4-pack|Sprite|None|250.0|Milliliter|Home|Producten|Frisdrank, sappen, water|Sinas, lemon, cassis|3.15|3.15||3.15|||None|||3.15 per LT|€||https://www.ah.nl/producten/product/wi553877/zero-sugar-lemon-lime-4-pack|0|None|Frisdrank met natuurlijke citroen-limoen aroma’s met zoetstoffen Zero sugar Bevat een bron van fenylalanine.||Koel, droog, en geurvrij  bewaren.|None|None|C|Non-Organic|None|None|Ingrediënten: Sprankelend water; voedingszuren: citroenzuur, wijnsteenzuur; zuurteregelaar: natriumcitraten; zoetstoffen: aspartaam, acesulfaam-K, sucralose; natuurlijke citroen-limoen aroma's; conserveermiddel: natriumbenzoaat|100 Milliliter
137749|albert_heijn|None|Pepsi Zero sugar cola 4-pack|Pepsi|None|1.5|Liter|Home|Producten|Frisdrank, sappen, water|Cola|10.75|8|10.75|8|2025-05-26|2025-06-01|None||VOOR 8.00|1.79 per LT|€||https://www.ah.nl/producten/product/wi137749/zero-sugar-cola-4-pack|0|None|Calorie-arme frisdrank met zoetstoffen. zero sugar, Calorie-arme frisdrank met zoetstoffen. Bevat aspartaam (een bron van fenylalanine).||Koel, droog en donker bewaren. Na openen beperkt houdbaar.|None|None|C|Non-Organic|None|None|Ingrediënten: koolzuurhoudend water, kleurstof (karamel E150d), zoetstoffen (E950, E951), voedingszuren (E338, E330), zuurteregelaar (E331), aroma’s (o.a. cafeïne).|100 Milliliter
544486|albert_heijn|None|Sisi Mango no bubbles zero sugar|Sisi|None|1.5|Liter|Home|Producten|Frisdrank, sappen, water|Sinas, lemon, cassis|2.59|2.59|||||None|||1.73 per LT|€||https://www.ah.nl/producten/product/wi544486/mango-no-bubbles-zero-sugar|0|None|Koolzuurvrije drank met vruchtensap enzoetstoffen.|Schudden voor gebruik.|Koel, droog en donker bewaren. Na openen beperkt houdbaar.|None|None|C|Non-Organic|None|None|Ingrediënten: water, 5% vruchtensap uit concentraat (sinaasappelsap, passievruchtensap, mangosap 0,2%), voedingszuur (citroenzuur), zoetstoffen (cyclaamzuur, sacharine, sucralose), conserveermiddel (kaliumsorbaat), antioxidant (ascorbinezuur), stabilisator (arabische gom), aroma, kleurstoffen (apo-carotenal, bèta-caroteen).|100 Milliliter
454524|albert_heijn|None|Fuze Tea Black ice tea peach hibiscus|Fuze Tea|None|1.25|Liter|Home|Producten|Frisdrank, sappen, water|Ice tea|2.69|2.69|||||None|||2.15 per LT|€||https://www.ah.nl/producten/product/wi454524/black-ice-tea-peach-hibiscus|0|None|Frisdrank op basis van getrokken zwarte thee, met perziksap, met thee- en hibiscussmaak, met suiker en zoetstof Laag in calorieën|Best served chilled.|Koel, droog, geurvrij en uit het zonlicht bewaren. Na openen, in koelkast 3 dagen houdbaar.|None|None|D|Non-Organic|None|None|"Ingrediënten: Getrokken zwarte thee 91% (water, geconcentreerde zwarte thee* infusie), perziksap uit concentraat (5%), suiker, voedingszuren: citroenzuur, natriumcitraat, appelzuur, natuurlijk perzikaroma, natuurlijke aroma's, antioxidant: ascorbinezuur, hibiscusextract, zoetstof: steviolglycosiden, *Rainforest Alliance Gecertificeerd™
"|100 Milliliter
516934|albert_heijn|None|Coca-Cola Zero sugar tray|Coca-Cola|None|330.0|Milliliter|Home|Producten|Frisdrank, sappen, water|Cola|20.98|20.98|||||None|||2.65 per LT|€||https://www.ah.nl/producten/product/wi516934/zero-sugar-tray|0|None|Frisdrank met plantenextracten, met zoetstoffen. ZERO SUGAR  No calories Bevat een bron van fenylalanine.||Koel en droog bewaren.|None|None|C|Non-Organic|None|None|Ingrediënten: Sprankelend water; kleurstof: E150d; voedingszuur: E338; zoetstoffen: aspartaam, acesulfaam-K, enzymatisch geproduceerde steviolglycosiden; natuurlijke aroma's; aroma cafeïne; zuurteregelaar: E331.|100 Milliliter
140124|albert_heijn|None|Royal Club Tonic|Royal Club|None|1.0|Liter|Home|Producten|Frisdrank, sappen, water|Tonic, ginger, bitter, crafts en speciaal fris|2.39|2.39|||||None|||2.39 per LT|€||https://www.ah.nl/producten/product/wi140124/tonic|0|None|Frisdrank met vruchtenextracten, bevat kinine.||Koel, droog en donker bewaren. Na openen beperkt houdbaar.|None|None|D|Non-Organic|None|None|Ingrediënten: koolzuurhoudend water, suiker, glucose-fructosestroop, voedingszuur (citroenzuur), natuurlijk aroma (waarvan natuurlijke kinine).|100 Milliliter
140132|albert_heijn|None|Pepsi Cola fles|Pepsi|None|1.0|Liter|Home|Producten|Frisdrank, sappen, water|Cola|2.19|2.19|||||None|||2.19 per LT|€||https://www.ah.nl/producten/product/wi140132/cola-fles|0|None|Frisdrank met suiker en zoetstoffen||Koel, droog en donker bewaren. Na openen beperkt houdbaar.|None|None|D|Non-Organic|None|None|Ingrediënten: koolzuurhoudend water, suiker, kleurstof (sulfiet-ammoniakkaramel), aroma's (bevat cafeïne) voedingszuur (fosforzuur), zoetstoffen (acesulfaam-K, sucralose).|100 Milliliter
476564|albert_heijn|None|7up Zero lemon lime|7up|None|1.0|Liter|Home|Producten|Frisdrank, sappen, water|Sinas, lemon, cassis|2.19|2.19|||||None|||2.19 per LT|€||https://www.ah.nl/producten/product/wi476564/zero-lemon-lime|0|None|Calorie-arme frisdrank met natuurlijk citroen- en limoenaroma, met zoetstof. Calorie-arme frisdrank, free of sugar Bevat een bron van fenylalanine||Koel, droog en donker bewaren. Na openen berperkt houdbaar.|None|None|C|Non-Organic|None|None|Ingrediënten: koolzuurhoudend water, voedingszuur (citroenzuur), natuurlijk citroen- en limoenaroma, zuurteregelaar (natriumcitraat), zoetstof (aspartaam). Bevat een bron van fenylalanine.|100 Milliliter
523394|albert_heijn|None|AH Ice tea green lemon zero zonder koolzuur|AH|None|1.5|Liter|Home|Producten|Frisdrank, sappen, water|Ice tea|1.49|1.49|||||None|||0.99 per LT|€||https://www.ah.nl/producten/product/wi523394/ice-tea-green-lemon-zero-zonder-koolzuur|0|None|Koolzuurvrije frisdrank met 1,5% citroensap uit concentraat en 0,1% groene thee-extract DIT PRODUCT BEVAT VAN NATURE AANWEZIGE SUIKERS met zoetstof||Ten minste houdbaar tot en met: zie bovenzijde. Kijk, ruik en proef na deze datum. Koel, donker en droog bewaren. Na openen gekoeld bewaren (max. 7°C), beperkt houdbaar.|None|None|C|Non-Organic|None|None|"Ingrediënten: water, citroensap uit concentraat, groene thee-extract°, voedingszuur (citroenzuur [E330], natriumcitraat [E331]), zoetstof (sucralose [E955]), natuurlijke aroma's, antioxidant (ascorbinezuur [E300]).
Waarvan toegevoegde suikers 0.00g per 100 milliliter en waarvan toegevoegd zout 0.00g per 100 milliliter
°Rainforest Alliance gecertificeerd. Zie voor meer informatie ra.org"|100 Milliliter
428732|albert_heijn|None|Fuze Tea Black Ice Tea Peach Hibiscus|Fuze Tea|None|1.5|Liter|Home|Producten|Frisdrank, sappen, water|Ice tea|2.99|2.99|||||None|||1.99 per LT|€||https://www.ah.nl/producten/product/wi428732/black-ice-tea-peach-hibiscus|0|None|Frisdrank op basis van getrokken zwarte thee, met perziksap, met thee- en hibiscussmaak, met suiker en zoetstof. Low in calories.|We gebruiken getrokken thee, dus als je wat bezinksels of kleine kleurverandering opmerkt, geen zorgen... dat is puur natuur.|Koel, droog en geurvrij bewaren.|None|None|D|Non-Organic|None|None|Ingrediënten: Getrokken zwarte thee 91% (water, geconcentreerde zwarte thee* infusie), perziksap uit concentraat (5%), suiker, voedingszuren: citroenzuur, natriumcitraat, appelzuur, natuurlijk perzikaroma, natuurlijke aroma's, antioxidant: ascorbinezuur, hibiscusextract, zoetstof: steviolglycosiden, *Rainforest Alliance Certifiedᵀᴹ|100 Milliliter
518907|albert_heijn|None|Coca-Cola Zero sugar zero caffeïne 8-pack|Coca-Cola|None|250.0|Milliliter|Home|Producten|Frisdrank, sappen, water|Cola|6.29|3.99|6.29|3.99|2025-05-26|2025-06-01|None||VOOR 3.99|3.15 per LT|€||https://www.ah.nl/producten/product/wi518907/zero-sugar-zero-caffeine-8-pack|0|None|Frisdrank met plantenextracten, met zoetstoffen. Zero sugar, Zero caffeine, No calories, No sugar Bevat een bron van fenylalanine.||Koel, droog en geurvrij bewaren.|None|None|C|Non-Organic|None|None|Ingrediënten: Sprankelend water; kleurstof: E150d; voedingszuur: E338; zoetstoffen: aspartaam, acesulfaam-K; zuurteregelaar: E331 ; natuurlijke aroma's.|100 Milliliter
589005|albert_heijn|None|Van de Boom Troebele groene ijsthee perzik hibiscus|Van de Boom|None|1.5|Liter|Home|Producten|Frisdrank, sappen, water|Ice tea|1.99|1.99|||||None|||1.33 per LT|€||https://www.ah.nl/producten/product/wi589005/troebele-groene-ijsthee-perzik-hibiscus|0.02|None|Drank op basis van groene thee-extract en zuivel, met perzik- en hibiscussmaak. Met toegevoegde vitamine C en gezoet met zoetstoffen. Kort verhit. 0% suiker toegevoegd Laag in suiker Laag in calorieën Bron van vitamine C Met toegevoegde vitamine C Bevat van nature aanwezige suikers|Koel serveren. Schudden voor gebruik.|Na openen gekoeld (max. +7℃) enkele dagen houdbaar. Ten minste houdbaar tot: zie bovenkant pak.|None|None|C|Non-Organic|None|None|Ingrediënten: Water, vloeibare MELKbestanddelenen (MELKpermeaat) 10%, perziksap uit concentraat 4,8%, ROOM <0,1%, groene thee-extract 0,1%, stabilisator (pectine), voedingszuur (citroenzuur), natuurlijke aroma's, zoetstoffen (sucralose, acesulfaam-K), vitamine C|100 Milliliter
436109|albert_heijn|None|Pepsi Zero sugar cherry|Pepsi|None|1.5|Liter|Home|Producten|Frisdrank, sappen, water|Cola|2.69|2.69||2.69|||None|||1.79 per LT|€||https://www.ah.nl/producten/product/wi436109/zero-sugar-cherry|0|None|Calorie-arme frisdrank met kers aroma en zoetstoffen. zero sugar. Calorie-arme frisdrank met kers aroma en zoetstoffen. Bevat aspartaam (een bron van fenylalanine).||Koel, droog en donker bewaren. Na openen beperkt houdbaar.|None|None|C|Non-Organic|None|None|Ingrediënten: koolzuurhoudend water, kleurstof (E150d), zoetstoffen (aspartaam, acesulfaam-K), voedingszuren (fosforzuur, citroenzuur), aroma's (waarvan cafeïne, kers) conserveermiddel (kaliumsorbaat).|100 Milliliter
48352|albert_heijn|None|Hero Cassis zero|Hero|None|1.25|Liter|Home|Producten|Frisdrank, sappen, water|Sinas, lemon, cassis|2.59|2.59|||||None|||2.07 per LT|€||https://www.ah.nl/producten/product/wi48352/cassis-zero|0.1|None|Koolzuurhoudende Frisdrank met het sap van zwarte bessen. Gezoet met zoetstoffen. 0% added sugar*. *Dit product bevat van nature aanwezige suikers. ***Bevat een bron van fenylalanine||Uit de zon en op een koele plaats bewaren. Na openen beperkt houdbaar.|None|None|C|Non-Organic|None|None|Ingrediënten: koolzuurhoudend water, zwarte bessensap uit concentraat (3%), gefermenteerd zwarte bessensap (2%), voedingszuur (citroenzuur), aroma, kleurend concentraat (zwarte bes, wortel), zoetstoffen (cyclamaten, acesulfaam-K, aspartaam***, sacharinen), conserveermiddel (kaliumsorbaat).|100 Milliliter
415225|albert_heijn|None|Lipton Ice tea peach|Lipton|None|1500.0|Milliliter|Home|Producten|Frisdrank, sappen, water|Ice tea|3.69|3.69|||||None|||2.46 per LT|€||https://www.ah.nl/producten/product/wi415225/ice-tea-peach|0|None|Verfrissende drank met thee-extract en perziksap, gezoet met suiker en zoetstof van natuurlijke oorsprong.|Lipton Ice Tea bevat thee-extract. Een licht bezinksel is mogelijk.|Na opening gekoeld bewaren en beperkt houdbaar.|None|None|C|Non-Organic|None|None|Ingrediënten: Water, suiker, fructose, voedingszuren (appelzuur, citroenzuur), thee-extract(¹) (0,12%), perziksap uit geconcentreerd sap (0,1%), aroma's, zuurteregelaar (trinatriumcitraat), antioxidant (ascorbinezuur), zoetstof (steviolglycosiden van Stevia). (¹)Rainforest Alliance Certified. More information on ra.org.|100 Milliliter
480794|albert_heijn|None|AH Cola zero sugar 6-pack|AH|None|330.0|Milliliter|Home|Producten|Frisdrank, sappen, water|Cola|2.19|2.19|||||None|||1.11 per LT|€||https://www.ah.nl/producten/product/wi480794/cola-zero-sugar-6-pack|0|None|Suikervrije, koolzuurhoudende frisdrank met colasmaak met zoetstoffen||Ten minste houdbaar tot en met: zie onderzijde. Vaak goed na deze datum. Kijk, ruik en proef. Koel en droog bewaren.|None|None|C|Non-Organic|None|None|"Ingrediënten: koolzuurhoudend water, kleurstof (sulfiet-ammoniakkaramel [E150d]), voedingszuur (fosforzuur [E338]), zoetstof (acesulfaam-K [E950], sucralose [E955], sacharinen [E954]), natuurlijke aroma's, zuurteregelaar (natriumcitraten [E331]), cafeïne.
Waarvan toegevoegde suikers 0.00g per 100 milliliter en waarvan toegevoegd zout 0.00g per 100 milliliter"|100 Milliliter
518871|albert_heijn|None|Royal Club Rose lemonade 0% suiker|Royal Club|None|1.0|Liter|Home|Producten|Frisdrank, sappen, water|Tonic, ginger, bitter, crafts en speciaal fris|2.39|2.39|||||None|||2.39 per LT|€||https://www.ah.nl/producten/product/wi518871/rose-lemonade-0-suiker|0|None|Frisdrank met roos extract, met zoetstoffen. 0% suiker||"Koel, droog en donker bewaren. Na openen
beperkt houdbaar."|None|None|C|Non-Organic|None|None|Ingrediënten: koolzuurhoudend water, voedingszuur (citroenzuur), natuurlijke aroma's, roos-extract, zoetstoffen (cyclaamzuur, acesulfaam-K, sucralose), zuurteregelaar (natriumcitraat), concentraat van zwarte wortel.|100 Milliliter
476734|albert_heijn|None|Fanta Orange 8-pack|Fanta|None|250.0|Milliliter|Home|Producten|Frisdrank, sappen, water|Sinas, lemon, cassis|5.99|3.99|5.99|3.99|2025-05-26|2025-06-01|None||VOOR 3.99|3 per LT|€||https://www.ah.nl/producten/product/wi476734/orange-8-pack|0|None|Frisdrank met sinaasappelsap, met suiker en zoetstoffen. Low in calorie Bevat een bron van fenylalanine.||Koel, droog en geurvrij bewaren.|None|None|D|Non-Organic|None|None|Ingrediënten: Sprankelend water; sinaasappelsap uit concentraat (5%); suiker; voedingszuren: citroenzuur, appelzuur, natriumcitraten; zoetstoffen: natriumcyclamaat, acesulfaam-k; natuurlijke sinaasappelaroma’s met andere natuurlijke aroma’s; conserveermiddel: kaliumsorbaat; antioxidant: ascorbinezuur; wortelconcentraat; stabilisator: guarpitmeel; kleurstof: carotenen.|100 Milliliter
589015|albert_heijn|None|Fanta Tutti frutti zero sugar limited edition|Fanta|None|250.0|Milliliter|Home|Producten|Frisdrank, sappen, water|Sinas, lemon, cassis|0.79|0.79||0.79|||None|||3.16 per LT|€||https://www.ah.nl/producten/product/wi589015/tutti-frutti-zero-sugar-limited-edition|0|None|Frisdrank met tutti frutti smaak, met zoetstoffen. Zero Sugar||Koel droog, en geurvrij bewaren.|None|None|C|Non-Organic|None|None|Ingrediënten: Sprankelend water; voedingszuren; appelzuur; citroenzuur; natuurlijke aroma's; kleustorf: luteine; zoetstoffen: sucralose;acesulfaam-K: conserveermiddel: kaliumsorbaat: antioxidant:ascorbinezuur.|100 Milliliter
132597|albert_heijn|None|Lipton Ice tea green|Lipton|None|1500.0|Milliliter|Home|Producten|Frisdrank, sappen, water|Ice tea|3.39|3.39|||||None|||2.26 per LT|€||https://www.ah.nl/producten/product/wi132597/ice-tea-green|0|None|Verfrissende drank met groene thee-extract, gezoet met suiker en zoetstof van natuurlijke oorsprong.|IJskoud serveren. Lipton Ice Tea bevat thee-extract. Een licht bezinksel is mogelijk|Na opening gekoeld rechtopstaand bewaren en beperkt houdbaar.|None|None|C|Non-Organic|None|None|Ingrediënten: Water, invertsuiker, fructose, voedingszuren (citroenzuur, appelzuur), groene thee-extract⁽¹⁾ (0,12%), zuurteregelaar (trinatriumcitraat), antioxidant (ascorbinezuur), natuurlijk aroma, zoetstof (steviolglycosiden van Stevia). ⁽¹⁾Rainforest Alliance Certified. More information on ra.org.|100 Milliliter
162477|albert_heijn|None|Coca-Cola Zero sugar mini 12-pack|Coca-Cola|None|150.0|Milliliter|Home|Producten|Frisdrank, sappen, water|Cola|7.69|7.69|||||None|||4.27 per LT|€||https://www.ah.nl/producten/product/wi162477/zero-sugar-mini-12-pack|0|None|Frisdrank met plantenextracten, met zoetstoffen. ZERO SUGAR NO CALORIES Bevat een bron van fenylalanine.||Koel en droog bewaren.|None|None|C|Non-Organic|None|None|Ingrediënten: Sprankelend water; kleurstof: E150d; voedingszuur: E338; zoetstoffen: aspartaam, acesulfaam-K, enzymatisch geproduceerde steviolglycosiden;  natuurlijke aroma's; aroma cafeïne; zuurteregelaar: E331.|100 Milliliter
140126|albert_heijn|None|Royal Club Bitter lemon|Royal Club|None|1.0|Liter|Home|Producten|Frisdrank, sappen, water|Tonic, ginger, bitter, crafts en speciaal fris|2.39|2.39|||||None|||2.39 per LT|€||https://www.ah.nl/producten/product/wi140126/bitter-lemon|0|None|Bittere citroenfrisdrank, bevat kinine.||Koel, droog en donker bewaren. Na openen beperkt houdbaar.|None|None|E|Non-Organic|None|None|Ingrediënten: koolzuurhoudend water, citroensap uit concentraat (8%), suiker, glucose-fructosestroop, voedingszuur (citroenzuur), natuurlijk aroma (waarvan natuurlijke kinine), antioxidant (ascorbinezuur).|100 Milliliter
428731|albert_heijn|None|Fuze Tea Green Ice Tea Mango Chamomile|Fuze Tea|None|1.5|Liter|Home|Producten|Frisdrank, sappen, water|Ice tea|2.89|2.89|||||None|||1.93 per LT|€||https://www.ah.nl/producten/product/wi428731/green-ice-tea-mango-chamomile|0|None|Frisdrank op basis van getrokken groene thee en  kamille-extracten, met mangosmaak, met suiker en zoeetstof Low in calories||"Koel, droog en geurvrij bewaren.
Na openen, gekoeld tot 5 dagen houdbaar"|None|None|D|Non-Organic|None|None|Ingrediënten: Getrokken groene thee 94% (water, geconcentreerde groene the infusie⁺); suiker; mangosap uit concentraat (1%)); voedingszuren: citroenzuur, natriumcitraten; antioxidant: ascorbinezuur; natuurlijke aroma's; zoetstof, steviolglycosiden uit Stevia; kamille-extracten.|100 Milliliter
519031|albert_heijn|None|Coca-Cola Zero sugar 12-pack|Coca-Cola|None|330.0|Milliliter|Home|Producten|Frisdrank, sappen, water|Cola|10.49|10.49|||||None|||2.65 per LT|€||https://www.ah.nl/producten/product/wi519031/zero-sugar-12-pack|0|None|Frisdrank met plantenextracten, met zoetstoffen. ZERO SUGAR  No calories Bevat een bron van fenylalanine.||Koel en droog bewaren.|None|None|C|Non-Organic|None|None|Ingrediënten: Sprankelend water; kleurstof: E150d; voedingszuur: E338; zoetstoffen: aspartaam, acesulfaam-K, enzymatisch geproduceerde steviolglycosiden; natuurlijke aroma's; aroma cafeïne; zuurteregelaar: E331.|100 Milliliter
476714|albert_heijn|None|Coca-Cola Light 8-pack|Coca-Cola|None|250.0|Milliliter|Home|Producten|Frisdrank, sappen, water|Cola|6.29|3.99|6.29|3.99|2025-05-26|2025-06-01|None||VOOR 3.99|3.15 per LT|€||https://www.ah.nl/producten/product/wi476714/light-8-pack|0|None|Frisdrank met plantenextracten, met zoetstoffen. Zonder calorieën Bevat een bron van fenylalanine.||Koel, droog en geurvrij bewaren.|None|None|C|Non-Organic|None|None|Ingrediënten: Sprankelend water; kleurstof: E150d; voedingszuren: E338, E330; natuurlijke aroma's; aroma cafeïne; zoetstoffen: aspartaam, acesulfaam-K.|100 Milliliter
553815|albert_heijn|None|Batu Kombucha ginger & lemon|Batu|None|250.0|Milliliter|Home|Producten|Frisdrank, sappen, water|Tonic, ginger, bitter, crafts en speciaal fris|1.65|1.65|||||None|||6.6 per LT|€||https://www.ah.nl/producten/product/wi553815/kombucha-ginger-en-lemon|0|None|Kombucha No Sugar|||None|None|B|Organic|None|None|Ingrediënten: NL *Biologisch, Water, kombucha cultuur*, gembersap* (3%), citroen* (0,25%), groene thee*, rietsuiker* (volledig omgezet tijdens het fermentatieproces), zwarte thee*, stevia*|100 Milliliter
2798|albert_heijn|None|7up Zero lemon lime|7up|None|1.5|Liter|Home|Producten|Frisdrank, sappen, water|Sinas, lemon, cassis|2.65|2.65||2.65|||None|||1.77 per LT|€||https://www.ah.nl/producten/product/wi2798/zero-lemon-lime|0|None|Calorie-arme frisdrank met natuurlijk citroen- en limoenaroma, met zoetstof. Free of sugar. Calorie-arme frisdrank met natuurlijk citroen- en limoenaroma, met zoetstof. Bevat een bron van fenylalanine.||Koel, droog en donker bewaren. Na openen beperkt houdbaar.|None|None|C|Non-Organic|None|None|Ingrediënten: koolzuurhoudend water, voedingszuur (citroenzuur), natuurlijk citroenen limoenaroma, zuurteregelaar (natriumcitraat), zoetstof (aspartaam).|100 Milliliter
137742|albert_heijn|None|Hero Cassis|Hero|None|1.25|Liter|Home|Producten|Frisdrank, sappen, water|Sinas, lemon, cassis|2.59|2.59|||||None|||2.07 per LT|€||https://www.ah.nl/producten/product/wi137742/cassis|0.1|None|Koolzuurhoudende frisdrank met het sap van zwarte bessen. Gezoet met suiker en zoetstoffen.||Uit de zon en op een koele plaats bewaren. Na openen beperkt houdbaar.|None|None|E|Non-Organic|None|None|Ingrediënten: koolzuurhoudend water, suiker, zwarte bessensap uit concentraat (3%), gefermenteerd zwarte bessensap (2%), voedingszuur (citroenzuur), aroma, kleurend concentraat (zwarte bes, wortel), conserveermiddel (kaliumsorbaat), zoetstof (cyclamaten, acesulfaam-K, sucralose).|100 Milliliter
576009|albert_heijn|None|Coca-Cola Zero sugar 20-pack|Coca-Cola|None|250.0|Milliliter|Home|Producten|Frisdrank, sappen, water|Cola|13.85|13.85|||||None|||2.77 per LT|€||https://www.ah.nl/producten/product/wi576009/zero-sugar-20-pack|0|None|Frisdrank met plantenextracten, met zoetstoffen. ZERO SUGAR  No calories Bevat een bron van fenylalanine.||Koel en droog bewaren.|None|None|C|Non-Organic|None|None|Ingrediënten: Sprankelend water; kleurstof: E150d; voedingszuur: E338; zoetstoffen: aspartaam, acesulfaam-K, enzymatisch geproduceerde steviolglycosiden; natuurlijke aroma's; aroma cafeïne; zuurteregelaar: E331.|100 Milliliter
476691|albert_heijn|None|Fanta Lemon zero sugar 4-pack|Fanta|None|250.0|Milliliter|Home|Producten|Frisdrank, sappen, water|Sinas, lemon, cassis|3.15|3.15||3.15|||None|||3.15 per LT|€||https://www.ah.nl/producten/product/wi476691/lemon-zero-sugar-4-pack|0|None|Frisdrank met citroensap, met zoetstoffen. No sugar. Bevat een bron van fenylalanine.||"Ten minste houdbaar tot: zie bodem blik.
Koel, droog, geurvrij bewaren."|None|None|C|Non-Organic|None|None|Ingrediënten: Sprankelend water; citroensap uit sapconcentraat (6%); voedingszuren: citroenzuur, natriumcitraat; zoetstoffen: aspartaam, acesulfaam-K, natrium-sacharine; conserveermiddel: kaliumsorbaat; stabilisatoren: arabische gom, glycerolesters van houthars; antioxidant: ascorbinezuur; natuurlijke citroenaroma's met ander natuurlijk aroma.|100 Milliliter
553793|albert_heijn|None|Dr Pepper Regular|Dr Pepper|None|33.0|Centiliter|Home|Producten|Frisdrank, sappen, water|Cola|0.99|0.64|0.99|0.64|2025-05-26|2025-06-01|None||35% Op=Op korting|3 per LT|€||https://www.ah.nl/producten/product/wi553793/regular|0|None|Bruisende frisdrank met aroma's van vruchten, met suiker en zoetstoffen, bevat cafeïne.|Koel schenken.|Ten minste houdbaar tot: zie bodem blik. Op een koele plaats bewaren. |None|None|E|Non-Organic|None|None|"Ingrediënten: Koolzuurhoudend water, suiker, kleurstof: E150d, voedingszuur: fosforzuur, aroma's, conserveermiddel: kaliumsorbaat, aroma: cafeïne, zoetstoffen: acesulfaam-K en sucralose
"|100 Milliliter
454525|albert_heijn|None|Fuze Tea Green Ice Tea Mango chamomile|Fuze Tea|None|1.25|Liter|Home|Producten|Frisdrank, sappen, water|Ice tea|2.69|2.69|||||None|||2.15 per LT|€||https://www.ah.nl/producten/product/wi454525/green-ice-tea-mango-chamomile|0|None|Frisdrank op basis van getrokken groene thee en kamille-extracten, met mangosmaak, met suiker en zoetstof. Low in calories|Best served chilled.|Koel, droog, geurvrij en uit het zonlicht bewaren. Na openen, in koelkast 3 dragen houdbaar.|None|None|D|Non-Organic|None|None|"Ingrediënten: Getrokken groene thee 94% (water, geconcentreerde groene thee* infusie), suiker, mangosap uit concentraat (1%), voedingszuren: citroenzuur, natriumcitraat, antioxidant: ascorbinezuur, natuurlijke aroma's, zoetstof: steviolglycosiden, kamille-extracten, * Rainforest Alliance Certified™
"|100 Milliliter
476686|albert_heijn|None|Fanta Exotic zero sugar 4-pack|Fanta|None|250.0|Milliliter|Home|Producten|Frisdrank, sappen, water|Sinas, lemon, cassis|3.15|3.15||3.15|||None|||3.15 per LT|€||https://www.ah.nl/producten/product/wi476686/exotic-zero-sugar-4-pack|0|None|Frisdrank met vruchtensap, met zoetstoffen. No sugar. Bevat een bron van fenylalanine.||"Ten minste houdbaar tot: zie bodem blik.
Koel, droog en geurvrij bewaren."|None|None|C|Non-Organic|None|None|"Ingrediënten: Sprankelend water, vruchtensap uit concentraat 4.4% (sinaasappel 3.4%, perzik 0.5%, appel 0.4%, passievrucht 0.1%), voedingszuren: citroenzuur, appelzuur, conserveermiddel: kaliumsorbaat, wortel- en saffloerconcentraat, zoetstoffen: acesulfame-K, aspartaam, natuurlijke aroma's, stabilisatoren: guarpitmeel, glycerolesters van houthars
"|100 Milliliter
476718|albert_heijn|None|AH Cola zero sugar 6-pack|AH|None|500.0|Milliliter|Home|Producten|Frisdrank, sappen, water|Cola|2.35|2.35|||||None|||0.78 per LT|€||https://www.ah.nl/producten/product/wi476718/cola-zero-sugar-6-pack|0|None|Suikervrije, koolzuurhoudende frisdrank met colasmaak met zoetstoffen||Ten minste houdbaar tot en met: zie bovenzijde. Vaak goed na deze datum. Kijk, ruik en proef. Koel, donker en droog bewaren. Na openen gekoeld bewaren (max. 7°C), beperkt houdbaar. De verpakking goed sluiten na gebruik.|None|None|C|Non-Organic|None|None|"Ingrediënten: koolzuurhoudend water, kleurstof (sulfiet-ammoniakkaramel [E150d]), voedingszuur (fosforzuur [E338]), zoetstof (acesulfaam-K [E950], sucralose [E955], sacharinen [E954]), natuurlijke aroma's, zuurteregelaar (natriumcitraten [E331]), cafeïne.
Waarvan toegevoegde suikers 0.00g per 100 milliliter en waarvan toegevoegd zout 0.00g per 100 milliliter"|100 Milliliter
129320|albert_heijn|None|Pepsi Zero sugar cola lemon|Pepsi|None|1.5|Liter|Home|Producten|Frisdrank, sappen, water|Cola|2.69|2.69||2.69|||None|||1.79 per LT|€||https://www.ah.nl/producten/product/wi129320/zero-sugar-cola-lemon|0|None|Calorie-arme frisdrank met citroensap (1%), met zoetstoffen. Zero Sugar. Calorie-arme frisdrank met citroensap (1%), met zoetstoffen. Bevat aspartaam (een bron van fenylalanine).||Koel, droog en donker bewaren. Na openen beperkt houdbaar.|None|None|C|Non-Organic|None|None|Ingrediënten: koolzuurhoudend water, citroensap uit concentraat (1%), kleurstof (karamel E150d), aroma’s (o.a. cafeïne), voedingszuren (E338, E330), zoetstoffen (E950, E951), zuurteregelaar (E331), conserveermiddel (E211).|100 Milliliter
237902|albert_heijn|None|Sourcy Vitaminwater framboos granaatappel|Sourcy|None|1.0|Liter|Home|Producten|Frisdrank, sappen, water|Energy drink, sportdranken|2.59|2.59|||||None|||2.59 per LT|€||https://www.ah.nl/producten/product/wi237902/vitaminwater-framboos-granaatappel|0|None|Koolzuurvrije drank op basis van bronwater met de smaak van framboos en granaatappel, met toegevoegde vitaminen, hibiscus-extract en zink, met zoetstoffen. 0% suiker. Vitamine B3, B8 en B12 ondersteunen het energieniveau. Zink is een antioxidant en draagt bij aan het behoud van cognitieve functies. Sourcy Vitaminwater is een aanvulling op een gezonde levensstijl. Een gevarieerde, evenwichtige voeding en gezonde leefstijl zijn belangrijk.|Aanbevolen gebruik: drink 2 tot 3 glazen (van 250 ml) vitaminwater per dag.|Ten minste houdbaar tot einde: zie hals fles.  Koel, droog en donker bewaren. Na openen beperkt houdbaar.|None|None|C|Non-Organic|None|None|Ingrediënten: bronwater, druivensap uit concentraat, voedingszuur (citroenzuur), natuurlijk aroma, zoetstoffen (acesulfaam-K, sucralose), conserveermiddel (kaliumsorbaat), concentraten van zoete aardappel en saffloer, hibiscus-extract (0,01%), thee-extract, zinkgluconaat, niacine (vitamine B3), biotine (vitamine B8), vitamine B12.|100 Milliliter
476867|albert_heijn|None|AH Lemon & lime regular|AH|None|1.5|Liter|Home|Producten|Frisdrank, sappen, water|Sinas, lemon, cassis|1.15|1.15|||||None|||0.77 per LT|€||https://www.ah.nl/producten/product/wi476867/lemon-en-lime-regular|0|None|Koolzuurhoudende frisdrank met citroen- en limoensmaak met suiker en zoetstoffen||Ten minste houdbaar tot en met: zie bovenzijde. Vaak goed na deze datum. Kijk, ruik en proef. Koel, donker en droog bewaren. Na openen gekoeld bewaren (max. 7°C), beperkt houdbaar. De verpakking goed sluiten na gebruik.|None|None|E|Non-Organic|None|None|"Ingrediënten: koolzuurhoudend water, suiker, voedingszuur (citroenzuur [E330]), natuurlijk citroen- en limoenaroma, zuurteregelaar (natriumcitraten [E331]), antioxidant (ascorbinezuur [E300]), zoetstof (acesulfaam-K [E950], sucralose [E955]).
Waarvan toegevoegde suikers 5.9g per 100 milliliter en waarvan toegevoegd zout 0.00g per 100 milliliter"|100 Milliliter
476692|albert_heijn|None|Fanta Cassis 4-pack|Fanta|None|250.0|Milliliter|Home|Producten|Frisdrank, sappen, water|Sinas, lemon, cassis|3.15|3.15||3.15|||None|||3.15 per LT|€||https://www.ah.nl/producten/product/wi476692/cassis-4-pack|0|None|Frisdrank met zwarte bessensap.||"Ten minste houdbaar tot: zie bodem blik.
Koel, droog en geurvrij bewaren.
"|None|None|E|Non-Organic|None|None|Ingrediënten: Sprankelend water; suiker; zwarte bessensap uit sapconcentraat (5%); voedingszuur: citroenzuur; kleurstof: anthocyanen; natuurlijke zwarte bessenaroma's; conserveermiddel: kaliumsorbaat.|100 Milliliter
457593|albert_heijn|None|Pepsi Zero sugar zero caffeine|Pepsi|None|1.5|Liter|Home|Producten|Frisdrank, sappen, water|Cola|2.69|2.69||2.69|||None|||1.79 per LT|€||https://www.ah.nl/producten/product/wi457593/zero-sugar-zero-caffeine|0|None|Calorie-arme frisdrank, met zoetstoffen. zero sugar. Calorie-arme frisdrank, met zoetstoffen. Bevat aspartaam (een bron van fenylalanine).||Koel, droog en donker bewaren.Na openen beperkt houdbaar.|None|None|C|Non-Organic|None|None|Ingrediënten: koolzuurhoudend water, kleurstof (karamel E150d), zoetstoffen (E950, E951), voedingszuren (E338, E330), zuurteregelaar (E331), aroma’s.|100 Milliliter
67689|albert_heijn|None|Coca-Cola Original taste mini 12-pack|Coca-Cola|None|150.0|Milliliter|Home|Producten|Frisdrank, sappen, water|Cola|7.69|7.69|||||None|||4.27 per LT|€||https://www.ah.nl/producten/product/wi67689/original-taste-mini-12-pack|0|None|Frisdrank met plantenextracten.||Koel, droog en geurvrij bewaren.|None|None|E|Non-Organic|None|None|Ingrediënten: Sprankelend water; suiker; kleurstof: E150d; voedingszuur: E338; natuurlijke aroma's; aroma cafeïne.|100 Milliliter
516936|albert_heijn|None|Coca-Cola Original taste tray|Coca-Cola|None|330.0|Milliliter|Home|Producten|Frisdrank, sappen, water|Cola|20.98|20.98|||||None|||2.65 per LT|€||https://www.ah.nl/producten/product/wi516936/original-taste-tray|0|None|Frisdrank met plantenextracten.||Koel, droog en geurvrij bewaren.|None|None|E|Non-Organic|None|None|Ingrediënten: Sprankelend water; suiker; kleurstof: E150d; voedingszuur: E338; natuurlijke aroma's; aroma cafeïne.|100 Milliliter
496799|albert_heijn|None|Pepsi Zero sugar 6-pack|Pepsi|None|0.33|Liter|Home|Producten|Frisdrank, sappen, water|Cola|3.99|3.99|||||None|||2.02 per LT|€||https://www.ah.nl/producten/product/wi496799/zero-sugar-6-pack|0|None|Calorie-arme frisdrank met zoetstoffen Zero sugar. Calorie-arme frisdrank met zoetstoffen Bevat aspartaam (een bron van fenylalanine).||Koel en droog bewaren.|None|None|C|Non-Organic|None|None|Ingrediënten: koolzuurhoudend water, kleurstof (karamel E150d), zoetstoffen (E950, E951), voedingszuren (E338, E330), zuurteregelaar (E331), aroma's (o.a. cafeïne)|100 Milliliter
568460|albert_heijn|None|Fritz Spritz organic rhubarb|Fritz|None|330.0|Milliliter|Home|Producten|Frisdrank, sappen, water|Tonic, ginger, bitter, crafts en speciaal fris|1.49|1.49|||||None|||4.52 per LT|€||https://www.ah.nl/producten/product/wi568460/spritz-organic-rhubarb|0|None|biologische sprankelende rabarberdrank met 40 % vruchtgehalte|zachtjes schudden voor de perfecte fruitsensatie||None|None|C|Organic|None|None|Ingredienten: water, biologisch rabarbersap (40%), biologische rietsuiker, kooldioxide. biologisch vlierbessensap. deze sprankelende drank is gemaakt van niet-geconcentreerd biologisch rabarbersap, smaak kan variëren afhankelijk van de oogst.|100 Milliliter
518825|albert_heijn|None|Sisi Sinas zero sugar|Sisi|None|1.5|Liter|Home|Producten|Frisdrank, sappen, water|Sinas, lemon, cassis|2.59|2.59|||||None|||1.73 per LT|€||https://www.ah.nl/producten/product/wi518825/sinas-zero-sugar|0|None|Koolzuurhoudende frisdrank metsinaasappelsmaak, met zoetstoffen.||Koel, droog en donker bewaren. Na openen beperkt houdbaar.|None|None|C|Non-Organic|None|None|Ingrediënten: koolzuurhoudend water, 5,5% vruchtensap uit concentraat (sinaasappelsap 5,4%, citroensap), voedingszuur (citroenzuur, appelzuur), zoetstoffen (sucralose, acesulfaam-K), natuurlijk sinaasappel aroma met andere natuurlijke aroma’s, antioxidant (ascorbinezuur), stabilisator (guargom), kleurstof (bèta-caroteen).|100 Milliliter
478476|albert_heijn|None|YAYA Kombucha yuzu|YAYA|None|330.0|Milliliter|Home|Producten|Frisdrank, sappen, water|Tonic, ginger, bitter, crafts en speciaal fris|2.29|2.29|||||None|||6.94 per LT|€||https://www.ah.nl/producten/product/wi478476/kombucha-yuzu|0|None|Raw and organic kombucha|||None|None|C|Organic|None|None|Ingrediënten: Water, groene thee, zwarte thee, levende kombucha cultuur, rietsuiker, yuzu sap.|100 Milliliter
496901|albert_heijn|None|Lipton Ice tea sparkling 4-pack|Lipton|None|250.0|Milliliter|Home|Producten|Frisdrank, sappen, water|Ice tea|3.59|3.59|||||None|||3.59 per LT|€||https://www.ah.nl/producten/product/wi496901/ice-tea-sparkling-4-pack|0|None|Verfrissende drank met thee-extract, gezoet met suiker en zoetstof van natuurlijke oorsprong. Low in calories|IJskoud serveren. Lipton Ice Tea bevat thee-extract. Een licht bezinksel is mogelijk.||None|None|D|Non-Organic|None|None|Ingrediënten: koolzuurhoudend water, suiker, fructose, thee-extract⁽¹⁾ (0,3%), voedingszuren (citroenzuur, appelzuur), zuurteregelaar (trinatriumcitraat), citroensap van geconcentreerd sap (0,1%), aroma's, antioxidant (ascorbinezuur), zoetstof (steviolglycosiden van Stevia). ⁽¹⁾Rainforest Alliance Certified. More information on ra.org.|100 Milliliter
478475|albert_heijn|None|YAYA Kombucha ginger|YAYA|None|330.0|Milliliter|Home|Producten|Frisdrank, sappen, water|Tonic, ginger, bitter, crafts en speciaal fris|2.29|2.29|||||None|||6.94 per LT|€||https://www.ah.nl/producten/product/wi478475/kombucha-ginger|0|None|Raw and organic kombucha|||None|None|C|Organic|None|None|Ingredienten: Water, rietsuiker, thee, gember, kombucha-culturen|100 Milliliter
476690|albert_heijn|None|Coca-Cola Zero sugar cherry 4-pack|Coca-Cola|None|250.0|Milliliter|Home|Producten|Frisdrank, sappen, water|Cola|3.15|3.15||3.15|||None|||3.15 per LT|€||https://www.ah.nl/producten/product/wi476690/zero-sugar-cherry-4-pack|0|None|Frisdrank met plantenextracten en kersenaroma en zoetstoffen. Zero Sugar Bevat een bron van fenylalanine.||Koel, droog en geurvrij bewaren.|None|None|C|Non-Organic|None|None|Ingrediënten: Sprankelend water; kleurstof: E150d; voedingszuur: E338; zoetstoffen: aspartaam, acesulfaam-K; natuurlijke aroma's; aroma cafeïne; zuurteregelaar: E331.|100 Milliliter
496807|albert_heijn|None|Lipton Ice tea green zero sugar|Lipton|None|1500.0|Milliliter|Home|Producten|Frisdrank, sappen, water|Ice tea|3.39|3.39|||||None|||2.26 per LT|€||https://www.ah.nl/producten/product/wi496807/ice-tea-green-zero-sugar|0|None|Verfrissende drank met groene thee-extract en zoetstoffen.|Lipton Ice Tea bevat thee-extract. Een licht bezinksel is mogelijk.|Na opening gekoeld rechtopstaand bewaren en beperkt houdbaar.|None|None|C|Non-Organic|None|None|Ingrediënten: Water, voedingszuren (citroenzuur, appelzuur), groene thee-extract⁽¹⁾ (0,12%), natuurlijke aroma's, zuurteregelaar (trinatriumcitraat), antioxidant (ascorbinezuur), zoetstoffen (acesulfaam-K, sucralose). ⁽¹⁾Rainforest Alliance Certified. More information on ra.org.|100 Milliliter
193438|albert_heijn|None|AA Drink High energy|AA Drink|None|0.5|Liter|Home|Producten|Energie voeding, sportvoeding|Sportvoeding|1.29|1.29|||||None|||2.58 per LT|€||https://www.ah.nl/producten/product/wi193438/high-energy|0|None|Hypertone sportdrank met koolhydraten||Op een droge, koele, reukloze plaats, uit het zonlicht bewaren.|None|None|E|Non-Organic|None|None|Ingrediënten: water, sacharose, fructose, glucose-fructosestroop, dextrose, voedingszuur: citroenzuur, conserveermiddel: kaliumsorbaat, aroma, antioxidant: ascorbinezuur, stabilisator: E415, E445, kleurstof: bètacaroteen, natriumchloride.|100 Milliliter
476566|albert_heijn|None|Royal Club Ginger beer|Royal Club|None|1.0|Liter|Home|Producten|Frisdrank, sappen, water|Tonic, ginger, bitter, crafts en speciaal fris|2.39|2.39|||||None|||2.39 per LT|€||https://www.ah.nl/producten/product/wi476566/ginger-beer|0|None|Frisdrank met plantenextracten, met suiker en zoetstoffen.|Na openen beperkt houdbaar.|Koel, droog en donker bewaren.|None|None|D|Non-Organic|None|None|Ingrediënten: koolzuurhoudend water, suiker, voedingszuur (citroenzuur), natuurlijk gember aroma, antioxidant (ascorbinezuur), zoetstoffen (cyclaamzuur, sucralose, sacharine), stabilisator (arabische gom), kleurstof (sulfiet-ammoniakkaramel).|100 Milliliter
589007|albert_heijn|None|Van de Boom Troebele groene ijsthee bosfruit|Van de Boom|None|1.5|Liter|Home|Producten|Frisdrank, sappen, water|Ice tea|1.99|1.99|||||None|||1.33 per LT|€||https://www.ah.nl/producten/product/wi589007/troebele-groene-ijsthee-bosfruit|0.02|None|Drank op basis van groene thee-extract en zuivel, met bosvruchtensmaak. Met toegevoegde vitamine C en gezoet met zoetstoffen. Kort verhit. Laag in suiker Laag in calorieën Bron van vitamine C Bevat van nature aanwezige suikers|Koel serveren. Schudden voor gebruik.|"Na openen gekoeld (max. +7℃) enkele dagen houdbaar. 
Ten minste houdbaar tot: zie bovenkant pak."|None|None|C|Non-Organic|None|None|Ingrediënten: Water, vloeibare MELKbestanddelen (MELKpermeaat) 10%, vruchtensap uit concentraat (appel, framboos 0,4%, aardbei 0,3%), ROOM <0,1%, groene thee-extract 0,1%, stabilisator (pectine), voedingszuur (citroenzuur), aroma's, zoetstoffen (sucralose, acesulfaam-K), vitamine C|100 Milliliter
454527|albert_heijn|None|AH Tonic regular|AH|None|1.0|Liter|Home|Producten|Frisdrank, sappen, water|Tonic, ginger, bitter, crafts en speciaal fris|0.99|0.99|||||None|||0.99 per LT|€||https://www.ah.nl/producten/product/wi454527/tonic-regular|0|None|Koolzuurhoudende frisdrank met kinine||Ten minste houdbaar tot einde: zie bovenzijde. Kijk, ruik en proef na deze datum. Koel, donker en droog bewaren. Na openen gekoeld bewaren (max. 7°C), beperkt houdbaar. De verpakking goed sluiten na gebruik.|None|None|D|Non-Organic|None|None|"Ingrediënten: koolzuurhoudend water, suiker, voedingszuur (citroenzuur [E330]), natuurlijke aroma's (kinine), conserveermiddel (kaliumsorbaat [E202]).
Waarvan toegevoegde suikers 8.6g per 100 milliliter en waarvan toegevoegd zout 0.00g per 100 milliliter"|100 Milliliter
519032|albert_heijn|None|Coca-Cola Original taste regular 12-pack|Coca-Cola|None|330.0|Milliliter|Home|Producten|Frisdrank, sappen, water|Cola|10.49|10.49|||||None|||2.65 per LT|€||https://www.ah.nl/producten/product/wi519032/original-taste-regular-12-pack|0|None|Frisdrank met plantenextracten.||Koel, droog en geurvrij bewaren.|None|None|E|Non-Organic|None|None|Ingrediënten: Sprankelend water; suiker; kleurstof: E150d; voedingszuur: E338; natuurlijke aroma's; aroma cafeïne.|100 Milliliter
156794|albert_heijn|None|Fanta Cassis|Fanta|None|1.5|Liter|Home|Producten|Frisdrank, sappen, water|Sinas, lemon, cassis|2.85|2.85|||||None|||1.9 per LT|€||https://www.ah.nl/producten/product/wi156794/cassis|0|None|Frisdrank met zwarte bessensap.|Best served chilled.|Koel, droog, geurvrij en uit het zonlicht bewaren.|None|None|E|Non-Organic|None|None|Ingrediënten: Sprankelend water; suiker; zwarte bessensap uit sapconcentraat (5%); voedingszuur: citroenzuur; kleurstof: anthocyanen; natuurlijke zwarte bessenaroma's; conserveermiddel: kaliumsorbaat.|100 Milliliter
553816|albert_heijn|None|Batu Kombucha passion fruit & mango|Batu|None|250.0|Milliliter|Home|Producten|Frisdrank, sappen, water|Tonic, ginger, bitter, crafts en speciaal fris|1.65|1.65|||||None|||6.6 per LT|€||https://www.ah.nl/producten/product/wi553816/kombucha-passion-fruit-en-mango|0|None|Kombucha No Sugar|Serveersuggestie 2°C/6°C||None|None|B|Organic|None|None|Ingrediënten: NL *Biologisch, Water, kombuchacultuur*, passievrucht* (0,75%), mango* (0,25%), groene thee*, rietsuiker* (volledig omgezet tijdens het fermentatieproces), zwarte thee*, stevia*, natuurlijk mango aroma* (0,03%)|100 Milliliter
480792|albert_heijn|None|AH Cola regular 6-pack|AH|None|330.0|Milliliter|Home|Producten|Frisdrank, sappen, water|Cola|2.19|2.19|||||None|||1.11 per LT|€||https://www.ah.nl/producten/product/wi480792/cola-regular-6-pack|0|None|Koolzuurhoudende frisdrank met colasmaak met suiker en zoetstof||Ten minste houdbaar tot en met: zie onderzijde. Vaak goed na deze datum. Kijk, ruik en proef. Koel en droog bewaren.|None|None|E|Non-Organic|None|None|"Ingrediënten: koolzuurhoudend water, suiker, kleurstof (sulfiet-ammoniakkaramel [E150d]), voedingszuur (fosforzuur [E338], citroenzuur [E330]), zuurteregelaar (natriumcitraten [E331]), cafeïne, natuurlijk aroma, zoetstof (sucralose [E955]).
Waarvan toegevoegde suikers 6.0g per 100 milliliter en waarvan toegevoegd zout 0.00g per 100 milliliter"|100 Milliliter
576008|albert_heijn|None|Coca-Cola Regular 20-pack|Coca-Cola|None|250.0|Milliliter|Home|Producten|Frisdrank, sappen, water|Cola|15.69|15.69|||||None|||3.14 per LT|€||https://www.ah.nl/producten/product/wi576008/regular-20-pack|0|None|Frisdrank met plantenextracten.||Koel, droog en geurvrij bewaren.|None|None|E|Non-Organic|None|None|Ingrediënten: Sprankelend water; suiker; kleurstof: E150d; voedingszuur: E338; natuurlijke aroma's; aroma cafeïne.|100 Milliliter
561772|albert_heijn|None|7up Regular|7up|None|1.5|Liter|Home|Producten|Frisdrank, sappen, water|Sinas, lemon, cassis|2.65|2.65||2.65|||None|||1.77 per LT|€||https://www.ah.nl/producten/product/wi561772/regular|0|None|Frisdrank met natuurlijk citroen- en limoenaroma, suiker en zoetstof.||Koel, droog en donker bewaren. Na openen berperkt houdbaar.|None|None|D|Non-Organic|None|None|Ingrediënten: koolzuurhoudend water, suiker, voedingszuren (citroenzuur, appelzuur), natuurlijk citroen- en limoenaroma met andere natuurlijke aroma's, zuurteregelaar (natriumcitraat), zoetstof (steviolglycosiden uit Stevia).|100 Milliliter
589016|albert_heijn|None|Coca-Cola Lime zero sugar|Coca-Cola|None|250.0|Milliliter|Home|Producten|Frisdrank, sappen, water|Cola|0.79|0.79||0.79|||None|||3.16 per LT|€||https://www.ah.nl/producten/product/wi589016/lime-zero-sugar|0|None|Frisdrank met plantenextracten en limoensap, met zoetstoffen. ZERO SUGAR NO CALORIES Bevat een bron van fenylalanine.||Koel en droog bewaren. Ten minste houdbaar tot: zie bodem blik.|None|None|C|Non-Organic|None|None|Ingrediënten: Sprankelend water; limoensap uit sapconcentraat (0.5%); kleurstof: E150d; natuurlijke aroma's; aroma cafeïne; zoetstoffen: cyclamaten, acesulfaam-K, aspartaam; voedingszuur: E338; zuurteregelaar: E331.|100 Milliliter
496888|albert_heijn|None|Schweppes Agrumes|Schweppes|None|1.0|Liter|Home|Producten|Frisdrank, sappen, water|Sinas, lemon, cassis|2.29|2.29|||||None|||2.29 per LT|€||https://www.ah.nl/producten/product/wi496888/agrumes|0|None|Bruisende frisdrank met natuurlijke aroma's van citrusvruchten (sinaasappel, pompelmoes, limoen en mandarijn) met andere natuurlijke aroma's, met suiker en zoetstoffen. SCH_FRU005R0101|Uit de zon en op een koele plaats bewaren.  Koel schenken.|Uit de zon en op een koele plaats bewaren.  Koel schenken.|None|None|E|Non-Organic|None|None|Koolzuurhoudend water, suiker, sinaasappel-extracten, zuurteregelaar: citroenzuur, conserveringsmiddel: kaliumsorbaat, natuurlijke citrusaroma's met andere natuurlijke aroma's, zoetstoffen: acesulfaam K en sucralose, gemodificeerd zetmeel, antioxidanten: ascorbinezuur, stabilisator: E445|100 Milliliter
515134|albert_heijn|None|AH Vitamin drink granaatappel 0% 6-pack|AH|None|500.0|Milliliter|Home|Producten|Frisdrank, sappen, water|Energy drink, sportdranken|3.79|3.79|||||None|||1.26 per LT|€||https://www.ah.nl/producten/product/wi515134/vitamin-drink-granaatappel-0-6-pack|0|None|Koolzuurvrije drank met granaatappel- en framboossmaak met toegevoegde vitaminen DIT PRODUCT BEVAT VAN NATURE AANWEZIGE SUIKERS met zoetstoffen||Ten minste houdbaar tot einde: zie bovenzijde. Vaak goed na deze datum. Kijk, ruik en proef. Koel, donker en droog bewaren. Na openen gekoeld bewaren (max. 7°C), beperkt houdbaar.|None|None|C|Non-Organic|None|None|"Ingrediënten: water, druivensap uit concentraat, voedingszuur (citroenzuur [E330]), kleurend concentraat (saffloer, wortel), conserveermiddel (kaliumsorbaat [E202]), zoetstof (steviolglycosiden uit Stevia [E960a], sucralose [E955]), groene thee-extract, vitaminen (B3, B5, B8), natuurlijk aroma.
Waarvan toegevoegde suikers 0.00g per 100 milliliter en waarvan toegevoegd zout 0.00g per 100 milliliter"|100 Milliliter
515135|albert_heijn|None|AH Vitamin drink mango guave 0% 6-pack|AH|None|500.0|Milliliter|Home|Producten|Frisdrank, sappen, water|Energy drink, sportdranken|3.79|3.79|||||None|||1.26 per LT|€||https://www.ah.nl/producten/product/wi515135/vitamin-drink-mango-guave-0-6-pack|0|None|Koolzuurvrije drank met mango- en guavesmaak met toegevoegde vitaminen DIT PRODUCT BEVAT VAN NATURE AANWEZIGE SUIKERS met zoetstoffen||Ten minste houdbaar tot einde: zie bovenzijde. Vaak goed na deze datum. Kijk, ruik en proef. Koel, donker en droog bewaren. Na openen gekoeld bewaren (max. 7°C), beperkt houdbaar.|None|None|C|Non-Organic|None|None|"Ingrediënten: water, maltodextrine, voedingszuur (citroenzuur [E330]), antioxidant (ascorbinezuur [E300]), natuurlijk aroma, stabilisator (arabische gom [E414], xanthaangom [E415]), conserveermiddel (kaliumsorbaat [E202]), zoetstof (sucralose [E955], acesulfaam-K [E950]), vitaminen (B3, B5, B6, B8), kleurstof (bèta-apo-8'-carotenal (C30) [E160e]).
Waarvan toegevoegde suikers 0.00g per 100 milliliter en waarvan toegevoegd zout 0.00g per 100 milliliter"|100 Milliliter
589006|albert_heijn|None|Van de Boom Troebele groene ijsthee peer & honing|Van de Boom|None|1.5|Liter|Home|Producten|Frisdrank, sappen, water|Ice tea|1.99|1.99|||||None|||1.33 per LT|€||https://www.ah.nl/producten/product/wi589006/troebele-groene-ijsthee-peer-en-honing|0.02|None|Drank op basis van groene thee-extract en zuivel, met peer- en honingsmaak. Met toegevoegde vitamine C en gezoet met zoetstoffen. Kort verhit. 0% suiker toegevoegd Laag in suiker Laag in calorieën Bron van vitamine C Bevat van nature aanwezige suikers|Koel serveren. Schudden voor gebruik.|"Na openen gekoeld (max. +7℃) enkele dagen houdbaar.
Ten minste houdbaar tot: zie bovenkant pak."|None|None|C|Non-Organic|None|None|Ingrediënten: Water, vloeibare MELKbestanddelen (MELKpermeaat) 10%, perensap uit concentraat 4,0%, ROOM <0,1%, groene thee-extract 0,1%, stabilisator (pectine), voedingszuur (citroenzuur), natuurlijk aroma, honing extract, zoetstoffen (sucralose, acesulfaam-k), vitamine C|100 Milliliter
196003|albert_heijn|None|7up Regular|7up|None|1.0|Liter|Home|Producten|Frisdrank, sappen, water|Sinas, lemon, cassis|2.19|2.19|||||None|||2.19 per LT|€||https://www.ah.nl/producten/product/wi196003/regular|0|None|Frisdrank met natuurlijk citroen- en limoenaroma, suiker en zoetstof. 30% minder suiker dan andere suiker- en koolzuurhoudende frisdranken.||Koel, droog en donker bewaren. Na openen berperkt houdbaar.|None|None|D|Non-Organic|None|None|Ingrediënten: koolzuurhoudend water, suiker, voedingszuren (citroenzuur, appelzuur), natuurlijk citroen- en limoenaroma met andere natuurlijke aroma's, zuurteregelaar (natriumcitraat), zoetstof (steviolglycosiden).|100 Milliliter
189776|albert_heijn|None|AH Ice tea green koolzuurvrij|AH|None|500.0|Milliliter|Home|Producten|Frisdrank, sappen, water|Ice tea|0.59|0.59|||||None|||1.18 per LT|€||https://www.ah.nl/producten/product/wi189776/ice-tea-green-koolzuurvrij|0|None|Koolzuurvrije frisdrank met 0,1% groene thee-extract met suiker en zoetstof||Ten minste houdbaar tot einde: zie bovenzijde. Kijk, ruik en proef na deze datum. Koel, donker en droog bewaren. Na openen gekoeld bewaren (max. 7°C), beperkt houdbaar.|None|None|D|Non-Organic|None|None|"Ingrediënten: water, fructosestroop, voedingszuur (citroenzuur [E330]), groene thee-extract°, natuurlijke aroma's, zuurteregelaar (natriumcitraten [E331]), conserveermiddel (kaliumsorbaat [E202]), antioxidant (ascorbinezuur [E300]), zoetstof (steviolglycosiden uit Stevia [E960a]).
Waarvan toegevoegde suikers 3.6g per 100 milliliter en waarvan toegevoegd zout 0.00g per 100 milliliter
°Rainforest Alliance gecertificeerd. Zie voor meer informatie ra.org"|100 Milliliter
195821|albert_heijn|None|Red Bull Energy drink|Red Bull|None|250.0|Milliliter|Home|Producten|Frisdrank, sappen, water|Energy drink, sportdranken|1.69|1.69||1.69|||None|||6.76 per LT|€||https://www.ah.nl/producten/product/wi195821/energy-drink|0|None|Energy Drink Niet aan bevolen voor kinderen en vrouwen die zwanger zijn of borstvoeding geven (32 mg/100 ml). Gepasteuriseerd. Hoog cafeïnegehalte.|Drink met mate.||None|None|E|Non-Organic|None|None|ingrediënten: koolzuurhoudend water, sacharose, glucose, voedingszuur (citroenzuur), taurine (0,4%), zuurteregelaars (natriumcarbonaten, magnesiumcarbonaten), cafeïne (0,03%), vitaminen (niacine, pantotheenzuur, riboflavine, vitamine b6, vitamine b12) aromas, kleurstof (karamel).|100 Milliliter
477053|albert_heijn|None|AH Ice tea refreshing green 12-pack|AH|None|250.0|Milliliter|Home|Producten|Frisdrank, sappen, water|Ice tea|3.79|3.79|||||None|||1.26 per LT|€||https://www.ah.nl/producten/product/wi477053/ice-tea-refreshing-green-12-pack|0|None|Koolzuurvrije frisdrank met 0,1% groene thee-extract met suiker en zoetstof||Ten minste houdbaar tot einde: zie onderzijde. Kijk, ruik en proef na deze datum. Koel, donker en droog bewaren.|None|None|D|Non-Organic|None|None|"Ingrediënten: water, fructosestroop, voedingszuur (citroenzuur [E330]), groene thee-extract°, natuurlijke aroma's, zuurteregelaar (natriumcitraten [E331]), conserveermiddel (kaliumsorbaat [E202]), antioxidant (ascorbinezuur [E300]), zoetstof (steviolglycosiden uit Stevia [E960a]).
Waarvan toegevoegde suikers 3.6g per 100 milliliter en waarvan toegevoegd zout 0.00g per 100 milliliter
°Rainforest Alliance gecertificeerd. Zie voor meer informatie ra.org"|100 Milliliter
161332|albert_heijn|None|Fanta Lemon zero sugar|Fanta|None|1.5|Liter|Home|Producten|Frisdrank, sappen, water|Sinas, lemon, cassis|2.75|2.75|||||None|||1.83 per LT|€||https://www.ah.nl/producten/product/wi161332/lemon-zero-sugar|0|None|Frisdrank met citroensap, met zoetstoffen. No sugar Bevat een bron van fenylalanine.|Best served chilled.|Koel, droog, geurvrij en uit het zonlicht bewaren.|None|None|C|Non-Organic|None|None|Ingrediënten: Sprankelend water; citroensap uit sapconcentraat (6%); voedingszuren: citroenzuur, natriumcitraat; zoetstoffen: aspartaam, acesulfaam-K, natrium-sacharine; conserveermiddel: kaliumsorbaat; stabilisatoren: arabische gom, glycerolesters van houthars; antioxidant: ascorbinezuur; natuurlijke citroenaroma's met ander natuurlijk aroma.|100 Milliliter
207521|albert_heijn|None|AA Drink High energy|AA Drink|None|0.33|Liter|Home|Producten|Energie voeding, sportvoeding|Sportvoeding|0.99|0.99|||||None|||3 per LT|€||https://www.ah.nl/producten/product/wi207521/high-energy|0|None|Hypertone sportdrank met koolhydraten||Op een droge, koele, reukloze plaats, uit het zonlicht bewaren.|None|None|E|Non-Organic|None|None|Ingrediënten: water, sacharose, fructose, glucose-fructosestroop, dextrose, voedingszuur: citroenzuur, conserveermiddel: kaliumsorbaat, aroma, antioxidant: ascorbinezuur, stabilisator: E415, E445, kleurstof: bètacaroteen, natriumchloride.|100 Milliliter
496902|albert_heijn|None|Lipton Ice tea peach 4-pack|Lipton|None|250.0|Milliliter|Home|Producten|Frisdrank, sappen, water|Ice tea|3.59|3.59|||||None|||3.59 per LT|€||https://www.ah.nl/producten/product/wi496902/ice-tea-peach-4-pack|0|None|Verfrissende drank met thee-extract en perziksap, gezoet met suiker en zoetstof van natuurlijke oorsprong.|Rainforest Alliance logo Black Tea||None|None|C|Non-Organic|None|None|Ingrediënten: water, suiker, fructose, voedingszuren (appelzuur, citroenzuur), thee-extract(1) (0,12%), perziksap van geconcentreerd sap (0,1%), zuurteregelaar (trinatriumcitraat), aroma's, antioxidant (ascorbinezuur), zoetstof (steviolglycosiden van Stevia). (1)Rainforest Alliance Certified. More information on ra.org.|100 Milliliter
588065|albert_heijn|None|Red Bull Pink edition sugarfree bosvruchtensmaak|Red Bull|None|250.0|Milliliter|Home|Producten|Frisdrank, sappen, water|Energy drink, sportdranken|1.69|1.69||1.69|||None|||6.76 per LT|€||https://www.ah.nl/producten/product/wi588065/pink-edition-sugarfree-bosvruchtensmaak|0|None|Energy Drink met zoetstoffen en de smaak van bosvruchten Sugar Free. Niacine en vitamine B6 dragen bij tot de vermindering van vermoeidheid en moeheid en een normaal energieleverend metabolisme. Hoog cafeïnegehalte. Niet aanbevolen voor kinderen en vrouwen die zwanger zijn of borstvoeding geven (32 mg/100 ml). Gepasteuriseerd. Een gevarieerde en evenwichtige voeding en een gezonde levensstijl zijn aanbevolen.|Drink met mate.||None|None|C|Non-Organic|None|None|Ingrediënten: koolzuurhoudend water, voedingszuur (citroenzuur), taurine (0,4%), zuurteregelaar (natriumcitraten), zoetstoffen (sucralose, acesulfaam-K), cafeïne (0,03%), vitaminen (niacine, pantotheenzuur, riboflavine, vitamine B6, vitamine B12), aroma's, verdikkingsmiddel (xanthaangom), kleurstof (anthocyanen).|100 Milliliter
170160|albert_heijn|None|Sourcy Vitaminwater braam bosbes|Sourcy|None|0.5|Liter|Home|Producten|Frisdrank, sappen, water|Energy drink, sportdranken|1.79|1.79|||||None|||3.58 per LT|€||https://www.ah.nl/producten/product/wi170160/vitaminwater-braam-bosbes|0|None|Koolzuurvrije drank op basis van bronwater met de smaak van braam en bosbes, met toegevoegde vitaminen, açai-extract en zink, met zoetstoffen. 0% suiker. Vitamine B6, B12 en Zink hebben een positieve werking op het immuunsysteem. Vitamine E en Zink zijn antioxidanten die helpen bij het natuurlijke afweersysteem van lichaamscellen. Sourcy Vitaminwater is een aanvulling op een gezonde levensstijl. Een gevarieerde, evenwichtige voeding en gezonde leefstijl zijn belangrijk.||Ten minste houdbaar tot einde: zie hals fles.  Koel, droog en donker bewaren. Na openen beperkt houdbaar.|None|None|C|Non-Organic|None|None|Ingrediënten: bronwater, voedingszuur (citroenzuur), zuurteregelaar (trinatriumcitraat), natuurlijk aroma, zoetstoffen (sucralose, acesulfaam-K), conserveermiddel (kaliumsorbaat), kleurstof (anthocyanen), zinkgluconaat, açai- extract (0,001%), vitamine E, vitamine B6, vitamine B12.|100 Milliliter
568472|albert_heijn|None|Dr Foots Cola zero sugar|Dr Foots|None|330.0|Milliliter|Home|Producten|Frisdrank, sappen, water|Cola|0.79|0.79|||||None|||2.39 per LT|€||https://www.ah.nl/producten/product/wi568472/cola-zero-sugar|0|None|Frisdrank met plantenextracten en zoetstoffen, bevat cafeïne Zero sugar Bevat een bron van fenylalanine.|IJskoud serveren|Ten minste houdbaar tot einde, zie bodem blik.|None|None|C|Non-Organic|None|None|Ingrediënten: koolzuurhoudend water, kleurstof (E150d), zoetstoffen (aspartaam, acesulfaam-K), voedingszuur (E338), conserveermiddel (E211), aroma's as (cafeïne, aroma's).|100 Milliliter
437910|albert_heijn|None|Fuze Tea Black ice tea peach hibiscus 4-pack|Fuze Tea|None|250.0|Milliliter|Home|Producten|Frisdrank, sappen, water|Ice tea|3.15|3.15||3.15|||None|||3.15 per LT|€||https://www.ah.nl/producten/product/wi437910/black-ice-tea-peach-hibiscus-4-pack|0|None|​Frisdrank op basis van zwarte thee extract, met perzik- en hibiscussmaak, met suiker en zoetstof. Low calories ||Koel en droog bewaren. Ten minste houdbaar tot: zie bodem blik.|None|None|D|Non-Organic|None|None|Ingrediënten: Water; suiker voedingszuren: citroenzuur, appelzuur; zwarte thee extract+ (0.12%); perziksap uit concentraat (0.1%); natuurlijk* perzikaroma met andere natuurlijke aroma's zuurteregelaar: natriumcitraten; antioxidant;ascorbinezuur; zoetstof steviolglycosiden uit Stevia; hibiscusextract. +Rainforest Alliance Certified. Find out more at ra.org.|100 Milliliter
476721|albert_heijn|None|AH Ginger ale|AH|None|1.0|Liter|Home|Producten|Frisdrank, sappen, water|Tonic, ginger, bitter, crafts en speciaal fris|0.99|0.99|||||None|||0.99 per LT|€||https://www.ah.nl/producten/product/wi476721/ginger-ale|0|None|Koolzuurhoudende frisdrank met gembersmaak met suiker en zoetstoffen||Ten minste houdbaar tot einde: zie bovenzijde. Kijk, ruik en proef na deze datum. Koel, donker en droog bewaren. Na openen gekoeld bewaren (max. 7°C), beperkt houdbaar. De verpakking goed sluiten na gebruik.|None|None|D|Non-Organic|None|None|"Ingrediënten: koolzuurhoudend water, suiker, voedingszuur (citroenzuur [E330]), natuurlijk gember aroma en andere natuurlijke aroma's, conserveermiddel (kaliumsorbaat [E202]), zoetstof (acesulfaam-k [E950], sucralose [E955]), kleurstof (caramel [E150d]).
Waarvan toegevoegde suikers 3.0g per 100 milliliter en waarvan toegevoegd zout 0.00g per 100 milliliter"|100 Milliliter
496999|albert_heijn|None|Lipton Ice tea green 4-pack|Lipton|None|250.0|Milliliter|Home|Producten|Frisdrank, sappen, water|Ice tea|3.59|3.59|||||None|||3.59 per LT|€||https://www.ah.nl/producten/product/wi496999/ice-tea-green-4-pack|0|None|Verfrissende drank met groene thee-extract, gezoet met suiker en zoetstof van natuurlijke oorsprong.|IJskoud serveren. Lipton Ice Tea bevat thee-extract. Een licht bezinksel is mogelijk.||None|None|C|Non-Organic|None|None|Ingrediënten: water, fructose, suiker, voedingszuren (citroenzuur, appelzuur), groene thee-extract(1) (0,12%), zuurteregelaar (trinatriumcitraat), antioxidant (ascorbinezuur), natuurlijk aroma, zoetstof (steviolglycosiden van Stevia). (1)Rainforest Alliance gecertificeerd. More information on ra.org.|100 Milliliter
544487|albert_heijn|None|Sisi Orange no bubbles zero sugar|Sisi|None|1.5|Liter|Home|Producten|Frisdrank, sappen, water|Sinas, lemon, cassis|2.59|2.59|||||None|||1.73 per LT|€||https://www.ah.nl/producten/product/wi544487/orange-no-bubbles-zero-sugar|0|None|Koolzuurvrije drank met vruchtensap en zoetstoffen.|Schudden voor gebruik.|Koel, droog en donker bewaren. Na openen beperkt houdbaar.|None|None|C|Non-Organic|None|None|Ingrediënten: water, 5,4% vruchtensap uit concentraat (sinaasappelsap 5,1%, mandarijnsap), voedingszuur (appelzuur, citroenzuur), natuurlijk sinaasappel aroma met andere natuurlijke aroma's, sinaasappel extract, antioxidant (ascorbinezuur), conserveermiddel (kaliumsorbaat), zoetstoffen (sucralose, acesulfaam-K), stabilisator (guar gom), kleurstof (bèta-caroteen).|100 Milliliter
544485|albert_heijn|None|Club-Mate Original|Club-Mate|None|330.0|Milliliter|Home|Producten|Frisdrank, sappen, water|Energy drink, sportdranken|1.59|1.59|||||None|||4.82 per LT|€||https://www.ah.nl/producten/product/wi544485/original|0|None|Cafeïnehoudende frisdrank op mate-basis|||None|None|C|Non-Organic|None|None|Ingrediënten: water, glucose-fructosesiroop, suiker, drankbasis (mate thee-extract met min. 0,4 g mate in 100 ml drank, zuurmiddel, citroenzuur, gekaramelliseerde suikersiroop, cafeïne, natuurlijk aroma), koolzuur|100 Milliliter
454523|albert_heijn|None|Fuze Tea Sparkling black tea|Fuze Tea|None|1.25|Liter|Home|Producten|Frisdrank, sappen, water|Ice tea|2.69|2.69|||||None|||2.15 per LT|€||https://www.ah.nl/producten/product/wi454523/sparkling-black-tea|0|None|Frisdrank met citroensmaak, met thee-extracten en met suiker en zoetstof. Low in calories|Best served chilled.|Koel, droog, geurvrij en uit het zonlicht bewaren.|None|None|D|Non-Organic|None|None|"Ingrediënten: Water, suiker, citroensap uit concentraat (1%), voedingszuren: citroenzuur, natriumcitraat, thee-extracten (0.12%), antioxidant: ascorbinezuur, natuurlijke citroenaroma's met andere natuurlijke aroma's, zoetstof: steviolglycosiden, * Rainforest Alliance Certifiedᵀᴹ
"|100 Milliliter
568375|albert_heijn|None|Coca-Cola Cherry zero sugar|Coca-Cola|None|1.5|Liter|Home|Producten|Frisdrank, sappen, water|Cola|2.99|2.99|||||None|||1.99 per LT|€||https://www.ah.nl/producten/product/wi568375/cherry-zero-sugar|0|None|Frisdrank met plantenextracten en kersensmaak, met zoetstoffen. Zero sugar  No calories Bevat een bron van fenylalanine.||Koel, droog, geurvrij en uit het zonlicht bewaren.|None|None|C|Non-Organic|None|None|Ingrediënten: Sprankelend water; kleurstof: E150d; voedingszuur: E338; zoetstoffen: aspartaam, acesulfaam-K; natuurlijke aroma’s; aroma cafeïne; zuurteregelaar: E331.|100 Milliliter
195842|albert_heijn|None|Red Bull Energy drink suikervrij|Red Bull|None|250.0|Milliliter|Home|Producten|Frisdrank, sappen, water|Energy drink, sportdranken|1.69|1.69||1.69|||None|||6.76 per LT|€||https://www.ah.nl/producten/product/wi195842/energy-drink-suikervrij|0|None|Energy Drink met zoetstoffen Sugar Free. Niacine en vitamine B6 dragen bij tot de vermindering van vermoeidheid en moeheid en een normaal energieleverend metabolisme. Hoog cafeïnegehalte. Niet aanbevolen voor kinderen en vrouwen die zwanger zijn of borstvoeding geven (32 mg/100 ml). Gepasteuriseerd. Een gevarieerde en evenwichtige voeding en een gezonde levensstijl zijn aanbevolen.|Drink met mate.||None|None|C|Non-Organic|None|None|Ingrediënten: koolzuurhoudend water, voedingszuur (citroenzuur), taurine (0,4%), zuurteregelaars (natriumcarbonaten, magnesiumcarbonaten), cafeïne (0,03%), zoetstoffen (sucralose, acesulfaam-K), vitaminen (niacine, pantotheenzuur, riboflavine, vitamine B6, vitamine B12), aroma's, verdikkingsmiddel (xanthaangom), kleurstof (karamel).|100 Milliliter
436663|albert_heijn|None|Pepsi Cola|Pepsi|None|1.5|Liter|Home|Producten|Frisdrank, sappen, water|Cola|2.69|2.69||2.69|||None|||1.79 per LT|€||https://www.ah.nl/producten/product/wi436663/cola|0|None|Frisdrank met suiker en zoetstoffen Bevat cafeïne||Koel, droog en donker bewaren. Na openen beperkt houdbaar.|None|None|D|Non-Organic|None|None|Ingrediënten: koolzuurhoudend water, suiker, kleurstof (sulfiet-ammoniakkaramel), aroma's (bevat cafeïne), voedingszuur (fosforzuur), zoetstoffen (acesulfaam-K, sucralose).|100 Milliliter
474695|albert_heijn|None|Fuze Tea Black ice tea peach hibiscus|Fuze Tea|None|400.0|Milliliter|Home|Producten|Frisdrank, sappen, water|Ice tea|1.39|1.39|||||None|||3.48 per LT|€||https://www.ah.nl/producten/product/wi474695/black-ice-tea-peach-hibiscus|0|None|​Frisdrank op basis van zwarte thee extract, met perzik- en hibiscussmaak, met suiker en zoetstof. Low calories |"

Koel drinken.



"|Koel en droog bewaren. Ten minste houdbaar tot: zie hals/dop.|None|None|D|Non-Organic|None|None|Ingrediënten: Water; suiker voedingszuren: citroenzuur, appelzuur; zwarte thee extract+ (0.12%); perziksap uit concentraat (0.1%); natuurlijk* perzikaroma met andere natuurlijke aroma's zuurteregelaar: natriumcitraten; antioxidant;ascorbinezuur; zoetstof steviolglycosiden uit Stevia; hibiscusextract. +Rainforest Alliance Certified. Find out more at ra.org.|100 Milliliter
590462|albert_heijn|None|Royal Club Pink grapefruit 0% suiker|Royal Club|None|1.0|Liter|Home|Producten|Frisdrank, sappen, water|Tonic, ginger, bitter, crafts en speciaal fris|2.39|2.39|||||None|||2.39 per LT|€||https://www.ah.nl/producten/product/wi590462/pink-grapefruit-0-suiker|0|None|Frisdrank met grapefruitsmaak, met zoetstoffen. 0% suiker||"Koel, droog en donker bewaren. Na openen
beperkt houdbaar."|None|None|C|Non-Organic|None|None|Ingrediënten: koolzuurhoudend water, 5% vruchtensap uit concentraat (citroensap, mandarijnsap, grapefruitsap 0,7% en appelsap), voedingszuur (citroenzuur), zoetstoffen (cyclaamzuur, sucralose, sacharine), natuurlijk citrusfruit aroma met andere natuurlijke aroma's, conserveermiddel (kaliumsorbaat), concentraat van zwarte wortel.|100 Milliliter
568458|albert_heijn|None|Fritz Kola|Fritz|None|330.0|Milliliter|Home|Producten|Frisdrank, sappen, water|Cola|1.49|1.49|||||None|||4.52 per LT|€||https://www.ah.nl/producten/product/wi568458/kola|0|None|cafeïnehoudende limonade Hoog cafeïnegehalte, niet aanbevolen voor kinderen en vrouwen die zwanger zijn of borstvoeding geven (25 mg/100ml).|||None|None|E|Non-Organic|None|None|Ingrediënten: natuurlijk mineraalwater, suiker, kooldioxide, kleurstof sulfietammoniakkaramel, zuurteregelaar fosforzuur, cafeïne, natuurlijke smaakstoffen.|100 Milliliter
568459|albert_heijn|None|Fritz Kola superzero|Fritz|None|330.0|Milliliter|Home|Producten|Frisdrank, sappen, water|Cola|1.49|1.49|||||None|||4.52 per LT|€||https://www.ah.nl/producten/product/wi568459/kola-superzero|0|None|Cola|||None|None||Non-Organic|None|None|Ingredienten: Natuurlijk mineraalwater, koolzuur, kleurstof ammoniumsulfiet karamel, voedingszuur fosforzuur, zoetstoffen (natriumcyclamaat, acesulfaam-k, aspartaam*), cafeïne, natuurlijk aroma, *bevat een bron van fenylanine.|100 Milliliter
237903|albert_heijn|None|Sourcy Vitaminwater mango guave|Sourcy|None|1.0|Liter|Home|Producten|Frisdrank, sappen, water|Energy drink, sportdranken|2.59|2.59|||||None|||2.59 per LT|€||https://www.ah.nl/producten/product/wi237903/vitaminwater-mango-guave|0|None|Koolzuurvrije drank op basis van bronwater met de smaak van mango en guave, met toegevoegde vitaminen, guarana-extract en magnesium, met zoetstoffen. 0% suiker. Vitamine C, B6, B8 en B12 activeren je natuurlijke energie in het lichaam. Magnesium draagt bij aan extra energie bij vermoeidheid. Sourcy Vitaminwater is een aanvulling op een gezonde levensstijl. Een gevarieerde, evenwichtige voeding en gezonde leefstijl zijn belangrijk.|Aanbevolen gebruik: drink 2 tot 3 glazen (van 250 ml) vitaminwater per dag.|Ten minste houdbaar tot einde: zie hals fles.  Koel, droog en donker bewaren. Na openen beperkt houdbaar.|None|None|C|Non-Organic|None|None|Ingrediënten: bronwater, voedingszuur (citroenzuur), magnesiumcarbonaat, natuurlijk aroma, aroma (cafeïne), zoetstoffen (cyclaamzuur, acesulfaam-K, sucralose), stabilisator (arabische gom), conserveermiddel (kaliumsorbaat), kleurstof (Beta-apo-8-carotenal), guarana-extract (0,01%), vitamine C, vitamine B6, biotine (vitamine B8), vitamine B12.|100 Milliliter
454531|albert_heijn|None|Lipton Ice tea peach|Lipton|None|500.0|Milliliter|Home|Producten|Frisdrank, sappen, water|Ice tea|1.89|1.89|||||None|||3.78 per LT|€||https://www.ah.nl/producten/product/wi454531/ice-tea-peach|0|None|Verfrissende drank met thee-extract en perziksap, gezoet met suiker en zoetstof van natuurlijke oorsprong.|IJskoud serveren. Lipton Ice Tea bevat thee-extract. Een licht bezinksel is mogelijk.||None|None|C|Non-Organic|None|None|Ingrediënten: water, suiker, fructose, voedingszuren (appelzuur, citroenzuur), thee-extract(1) (0,12%), perziksap van geconcentreerd sap (0,1%), zuurteregelaar (trinatriumcitraat), aroma's, antioxidant (ascorbinezuur), zoetstof (steviolglycosiden van Stevia). (1)Rainforest Alliance Certified. More information on ra.org.|100 Milliliter
477057|albert_heijn|None|Coca-Cola Zero sugar vanilla 4-pack|Coca-Cola|None|250.0|Milliliter|Home|Producten|Frisdrank, sappen, water|Cola|3.15|3.15||3.15|||None|||3.15 per LT|€||https://www.ah.nl/producten/product/wi477057/zero-sugar-vanilla-4-pack|0|None|Frisdrank met plantenextracten en vanillesmaak, met zoetstoffen; Zero sugar. No Calories Bevat een bron van fenylalanine.||Koel, droog en uit het zonlicht bewaren.|None|None|C|Non-Organic|None|None|Ingrediënten: Sprankelend water; kleurstof: E150d; voedingszuur: E338; zoetstoffen: aspartaam, acesulfaam-K; natuurlijke aroma's; aroma cafeïne; zuurteregelaar: E331.|100 Milliliter
130865|albert_heijn|None|Fanta Pomelo zero sugar|Fanta|None|1.5|Liter|Home|Producten|Frisdrank, sappen, water|Sinas, lemon, cassis|2.79|2.79|||||None|||1.86 per LT|€||https://www.ah.nl/producten/product/wi130865/pomelo-zero-sugar|0|None|Frisdrank met pomelosap, met zoetstoffen. Zero Sugar Bevat een bron van fenylalanine.|Best served chilled.|Koel, droog, geurvrij en uit het zonlicht bewaren.|None|None|C|Non-Organic|None|None|Ingrediënten: Sprankelend water; pomelosap uit sapconcentraat (3.4%); voedingszuren: citroenzuur, natriumcitraat; natuurlijke pompelmoesaroma's met andere natuurlijke aroma's; kleurstoffen: anthocyanen, carotenen;  zoetstoffen: aspartaam, acesulfam-K; conserveermiddel: kaliumsorbaat.|100 Milliliter
226930|albert_heijn|None|Dr Foots Cola regular|Dr Foots|None|0.33|Liter|Home|Producten|Frisdrank, sappen, water|Cola|0.79|0.79|||||None|||2.39 per LT|€||https://www.ah.nl/producten/product/wi226930/cola-regular|0|None|Frisdrank met plantenextracten, bevat cafeïne.|IJskoud serveren!|Ten minste houdbaar tot einde: zie bodem blik.|None|None|E|Non-Organic|None|None|Ingrediënten: koolzuurhoudend water, suiker, kleurstof (E150d), voedingszuur (E338), conserveermiddel (E211), aroma's (cafeïne, aroma's).|100 Milliliter
496913|albert_heijn|None|Lipton Ice tea peach zero sugar|Lipton|None|1500.0|Milliliter|Home|Producten|Frisdrank, sappen, water|Ice tea|3.39|3.39|||||None|||2.26 per LT|€||https://www.ah.nl/producten/product/wi496913/ice-tea-peach-zero-sugar||None|Verfrissende drank met thee-extract en perziksap, met zoetstoffen.|Lipton Ice Tea bevat thee-extract. Een licht bezinksel is mogelijk.|Na opening gekoeld rechtopstaand bewaren en beperkt houdbaar.|None|None||Non-Organic|None|None|Ingrediënten: Water, voedingszuren (appelzuur, citroenzuur), thee-extract(1) (0,12%), perziksap van geconcentreerd sap (0,1%), zuurteregelaar (trinatriumcitraat), aroma's, antioxidant (ascorbinezuur), zoetstoffen (sucralose, acesulfaam-k).|100 Gram
531037|albert_heijn|None|O2Life Redfruit cranberry|O2Life|None|750.0|Milliliter|Home|Producten|Energie voeding, sportvoeding|Sportvoeding|1.85|1.85|||||None|||2.47 per LT|€||https://www.ah.nl/producten/product/wi531037/redfruit-cranberry|0|None|Koolzuurvrije drank op basis van natuurlijk mineraalwater|||None|None|C|Non-Organic|None|None|"Ingrediënten: Mineraalwater, fructose, citroenzuur, natuurlijk fruitaroma, conserveermiddel E202, zoetstof, vitamine B5, B6, B8 en B12, zuurstof
"|100 Milliliter
476871|albert_heijn|None|AH Sinas zero 6-pack|AH|None|500.0|Milliliter|Home|Producten|Frisdrank, sappen, water|Sinas, lemon, cassis|2.99|2.99|||||None|||1 per LT|€||https://www.ah.nl/producten/product/wi476871/sinas-zero-6-pack|0|None|Suikervrije, koolzuurhoudende frisdrank met 4% sinaasappelsap uit concentraat met zoetstoffen||Ten minste houdbaar tot en met: zie bovenzijde. Vaak goed na deze datum. Kijk, ruik en proef. Koel, donker en droog bewaren. Na openen gekoeld bewaren (max. 7°C), beperkt houdbaar. De verpakking goed sluiten na gebruik.|None|None|C|Non-Organic|None|None|"Ingrediënten: koolzuurhoudend water, sap uit concentraat (sinaasappel, wortel), voedingszuur (citroenzuur [E330]), natuurlijke aroma's, zuurteregelaar (natriumcitraten [E331]), zoetstof (acesulfaam-K [E950], sucralose [E955], sacharinen [E954]), antioxidant (ascorbinezuur [E300]), conserveermiddel (kaliumsorbaat [E202]), kleurstof (carotenen [E160a]).
Waarvan toegevoegde suikers 0.00g per 100 milliliter en waarvan toegevoegd zout 0.00g per 100 milliliter"|100 Milliliter
189777|albert_heijn|None|Arizona Green tea with honey|Arizona|None|1.5|Liter|Home|Producten|Frisdrank, sappen, water|Ice tea|2.59|2.59|||||None|||1.73 per LT|€||https://www.ah.nl/producten/product/wi189777/green-tea-with-honey|0|None|Groene Thee met honing, met suiker en zoetstof|shake well|Ten minste houdbaar tot einde: zie boven|None|None|D|Non-Organic|None|None|Ingredienten: water, suiker, fructose, 2% perensap uit concentraat, honing (0,43%), groene thee-extract (0,12%), anti-oxidant: ascorbinezuur, voedingszuur: citroenzuur, natuurlijk aroma, zoetstof: steviolglycosiden.|100 Milliliter
568336|albert_heijn|None|Lipton Ice tea green strawberry|Lipton|None|1500.0|Milliliter|Home|Producten|Frisdrank, sappen, water|Ice tea|3.69|3.69|||||None|||2.46 per LT|€||https://www.ah.nl/producten/product/wi568336/ice-tea-green-strawberry|0|None|Verfrissende drank met thee-extract en aardbeiensap, gezoet met suiker en zoetstof van natuurlijke oorsprong.|Lipton Ice Tea bevat thee-extract. Een licht bezinksel is mogelijk. Kijk, ruik en proef een beetje na deze datum om de kwaliteit te beoordelen.|Na opening gekoeld bewaren en beperkt houdbaar.|None|None|C|Non-Organic|None|None|Ingrediënten: Water, suiker, fructose, voedingszuren (appelzuur, citroenzuur), groene thee-extract⁽¹⁾ (0,12%), aardbeiensap van geconcentreerd sap (0,1%), natuurlijk aroma, zuurteregelaar (trinatriumcitraat), antioxidant (ascorbinezuur), zoetstof (steviolglycosiden van Stevia). ⁽¹⁾Rainforest Alliance Certified. More information on ra.org.|100 Milliliter
589009|albert_heijn|None|Batu Kombucha forest fruits|Batu|None|250.0|Milliliter|Home|Producten|Frisdrank, sappen, water|Tonic, ginger, bitter, crafts en speciaal fris|1.65|1.65|||||None|||6.6 per LT|€||https://www.ah.nl/producten/product/wi589009/kombucha-forest-fruits|0|None|Kombucha No Sugar|Serveertemperatuur tussen 2°C en 6°C|Tenminste houdbaar tot eind: zie onderkant blik|None|None|B|Organic|None|None|Ingrediënten: water, kombuchacultuur*, aardbei*, braam*, groene thee*, rietsuiker* (volledig omgezet tijdens het fermentatieproces), zwarte wortel*, zwarte thee*, stevia*, natuurlijk rode vruchten aroma*, natuurlijk aardbei aroma*. *Biologisch|100 Milliliter
387533|albert_heijn|None|Vitamin Well Hydrate|Vitamin Well|None|500.0|Milliliter|Home|Producten|Frisdrank, sappen, water|Energy drink, sportdranken|1.99|1.99|||||None|||3.98 per LT|€||https://www.ah.nl/producten/product/wi387533/hydrate|0|None|niet-koolzuurhoudende, met vitamines en mineralen verrijkte caloriearme drank zonder conserveermiddelen niet-koolzuurhoudende, met vitamines en mineralen verrijkte caloriearme drank zonder conserveermiddelen Vitamin Well Hydrate bevat vitamine C en B12 welke bijdragen aan de vermindering van vermoeidheid. Het bevat ook  biotine, niacine en zink die bijdragen aan het behoud van een gezonde huid.We raden een gevarieerde en evenwichtige voeding en een gezonde levensstijl aan.||Na opening dezelfde dag consumeren. Kan bij kamertemperatuur bewaard worden, buiten direct zonlicht bewaren.|None|None|C|Non-Organic|None|None|Ingrediënten water, vruchtensuiker, zuurteregelaars (citroenzuur, calciumcarbonaat), vitaminen (D3, E, C, niacine, foliumzuur, B12, biotine, pantotheenzuur), mineralen (magnesium, zink), aroma’s, stabilisator (pectine), kleurstof (lycopeen).|100 Milliliter
503328|albert_heijn|None|Lipton Green zero|Lipton|None|500.0|Milliliter|Home|Producten|Frisdrank, sappen, water|Ice tea|1.89|1.89|||||None|||3.78 per LT|€||https://www.ah.nl/producten/product/wi503328/green-zero|0|None|Verfrissende drank met groene thee-extract en zoetstoffen. 0% sugar|IJskoud serveren. Lipton Ice Tea bevat thee-extract. Een licht bezinksel is mogelijk.|"Na opening gekoeld bewaren en beperkt houdbaar.
Ten minste houdbaar tot einde: zie dop/hals fles."|None|None|C|Non-Organic|None|None|"Ingrediënten: Water, voedingszuren (citroenzuur, appelzuur), groene thee-extract⁽¹⁾ (0,12%), natuurlijke aroma's, zuurteregelaar (trinatriumcitraat), antioxidant (ascorbinezuur), zoetstoffen (acesulfaam-K, sucralose).
⁽¹⁾ Rainforest Alliance Certified. More information on ra.org."|100 Milliliter
129672|albert_heijn|None|Hero Cassis the original 4-pack|Hero|None|250.0|Milliliter|Home|Producten|Frisdrank, sappen, water|Sinas, lemon, cassis|2.99|2.99|||||None|||2.99 per LT|€||https://www.ah.nl/producten/product/wi129672/cassis-the-original-4-pack|0.1|None|Koolzuurhoudende frisdrank met het sap van zwarte bessen. Gezoet met suiker en zoetstoffen.|||None|None|E|Non-Organic|None|None|Ingrediënten: koolzuurhoudend water, suiker, zwarte bessensap uit concentraat (3%), gefermenteerd zwarte bessensap (2%), voedingszuur (citroenzuur), aroma, kleurend concentraat (zwarte bes, wortel), zoetstof (cyclamaten, acesulfaam-K, sucralose)|100 Milliliter
475509|albert_heijn|None|Fanta Orange mini 8-pack|Fanta|None|150.0|Milliliter|Home|Producten|Frisdrank, sappen, water|Sinas, lemon, cassis|4.99|4.99|||||None|||4.16 per LT|€||https://www.ah.nl/producten/product/wi475509/orange-mini-8-pack|0|None|Frisdrank met sinaasappelsap, met suiker enzoetstoffen. Bevat een bron van fenylalanine.||Koel, droog en geurvrij bewaren.|None|None|E|Non-Organic|None|None|Ingrediënten: Sprankelend water; sinaasappelsap uit sapconcentraat (6.5%); suiker; voedingszuren: citroenzuur, appelzuur, natriumcitraat; conserveermiddel: kaliumsorbaat; natuurlijke sinaasappelaroma’s met andere natuurlijke aroma’s; antioxidant: ascorbinezuur; zoetstoffen: natriumcyclamaat, acesulfaam-K, sucralose; stabilisator: guarpitmeel; wortelconcentraat; kleurstof: carotenen.|100 Milliliter
54644|albert_heijn|None|Dr Pepper Cola|Dr Pepper|None|1.5|Liter|Home|Producten|Frisdrank, sappen, water|Cola|2.89|2.89|||||None|||1.93 per LT|€||https://www.ah.nl/producten/product/wi54644/cola|0|None|Bruisende frisdrank met fruitaroma's, bevat cafeïne DRP_STD062R0100 Bevat cafeïne|Uit de zon en op een koele plaats bewaren.  Koel schenken.|Uit de zon en op een koele plaats bewaren.  Koel schenken.|None|None|E|Non-Organic|None|None|koolzuurhoudend water, suiker, kleurstof: E150d, zuurteregelaar: fosforzuur, aroma's, conserveermiddel: kaliumsorbaat, aroma: cafeïne, zoetstoffen: acesulfaam K en sucralose|100 Milliliter
167763|albert_heijn|None|Sourcy Vitaminwater mango guave|Sourcy|None|0.5|Liter|Home|Producten|Frisdrank, sappen, water|Energy drink, sportdranken|1.79|1.79|||||None|||3.58 per LT|€||https://www.ah.nl/producten/product/wi167763/vitaminwater-mango-guave|0|None|Koolzuurvrije drank op basis van bronwater met de smaak van mango en guave, met toegevoegde vitaminen, guarana-extract en magnesium, met zoetstoffen. 0% suiker. Vitamine C, B6, B8 en B12 activeren je natuurlijke energie in het lichaam. Magnesium draagt bij aan extra energie bij vermoeidheid. Sourcy Vitaminwater is een aanvulling op een gezonde levensstijl. Een gevarieerde, evenwichtige voeding en gezonde leefstijl zijn belangrijk.||Ten minste houdbaar tot einde: zie hals fles.  Koel, droog en donker bewaren. Na openen beperkt houdbaar.|None|None|C|Non-Organic|None|None|Ingrediënten: bronwater, voedingszuur (citroenzuur), magnesiumcarbonaat, natuurlijk aroma, aroma (cafeïne), zoetstoffen (cyclaamzuur, acesulfaam-K, sucralose), stabilisator (arabische gom), conserveermiddel (kaliumsorbaat), kleurstof (Beta-apo-8-carotenal), guarana-extract (0,01%), vitamine C, vitamine B6, biotine (vitamine B8), vitamine B12.|100 Milliliter
436636|albert_heijn|None|Hero Cassis zero 4-pack|Hero|None|250.0|Milliliter|Home|Producten|Frisdrank, sappen, water|Sinas, lemon, cassis|2.99|2.99|||||None|||2.99 per LT|€||https://www.ah.nl/producten/product/wi436636/cassis-zero-4-pack|0.1|None|Koolzuurhoudende frisdrank met het sap van zwarte bessen. Gezoet met zoetstoffen. 0% added sugar*. * Dit product bevat van nature aanwezige suikers. ***Bevat een bron van fenylalanine.|||None|None|C|Non-Organic|None|None|Ingrediënten: koolzuurhoudend water, zwarte bessensap uit concentraat (3%), gefermenteerd zwarte bessensap (2%), voedingszuur (citroenzuur), aroma, kleurend concentraat (zwarte bes, wortel), zoetstoffen (cyclamaten, acesulfaam-K, aspartaam***, sacharinen).|100 Milliliter
476736|albert_heijn|None|Coca-Cola Cherry 4-pack|Coca-Cola|None|250.0|Milliliter|Home|Producten|Frisdrank, sappen, water|Cola|3.15|3.15||3.15|||None|||3.15 per LT|€||https://www.ah.nl/producten/product/wi476736/cherry-4-pack|0|None|Frisdrank met plantenextracten en kersenaroma.||Koel, droog en geurvrij bewaren.|None|None|E|Non-Organic|None|None|Ingrediënten: Sprankelend water; suiker; kleurstof: E150d; voedingszuur: E338; natuurlijke aroma's; aroma cafeïne.|100 Milliliter
237894|albert_heijn|None|Rivella Cranberry|Rivella|None|1.5|Liter|Home|Producten|Frisdrank, sappen, water|Tonic, ginger, bitter, crafts en speciaal fris|2.99|2.99||2.99|||None|||1.99 per LT|€||https://www.ah.nl/producten/product/wi237894/cranberry|0|None|Frisdrank met melkserum en zoetstoffen, met cranberrysmaak.||Koel, droog en donker bewaren. Na openen beperkt houdbaar.|None|None|C|Non-Organic|None|None|Ingrediënten: koolzuurhoudend water, MELKserum (26%), voedingszuur (L(+) melkzuur), karamelsuikersiroop, natuurlijke aroma's, zoetstoffen (cyclaamzuur, acesulfaam-K, sacharine), conserveermiddelen (kaliumsorbaat, natriumbenzoaat), cranberrysap uit concentraat (0,01%).|100 Milliliter
365171|albert_heijn|None|Vitamin Well Reload|Vitamin Well|None|500.0|Milliliter|Home|Producten|Frisdrank, sappen, water|Energy drink, sportdranken|1.99|1.99|||||None|||3.98 per LT|€||https://www.ah.nl/producten/product/wi365171/reload|0|None|niet-koolzuurhoudende, met vitamines en mineralen verrijkte caloriearme drank zonder conserveermiddelen niet-koolzuurhoudende, met vitamines en mineralen verrijkte caloriearme drank zonder conserveermiddelen Vitamin Well Reload bevat magnesium ter ondersteuning van de elektrolytenbalans en Vitamine B12 draagt bij tot een normale energieleverende stofwisseling. Reload bevat ook vitamine D voor het behoud van een gezonde spierfunctie en zink welke bijdraagt aan de werking van het immuunsysteem. We raden een gevarieerde  en evenwichtige voeding en een gezonde levensstijl aan.|Gekoeld serveren.|Na opening dezelfde dag consumeren. Kan bij kamertemperatuur bewaard worden, buiten direct zonlicht bewaren.|None|None|C|Non-Organic|None|None|Ingrediënten water, vruchtensuiker, zuurteregelaars (citroen- zuur, calciumcarbonaat), vitaminen (D3, E, niacine, folium zuur, B12, biotine, pantotheenzuur), mineralen (magnesium, zink, seleen), aroma’s.|100 Milliliter
466974|albert_heijn|None|Fanta Exotic zero sugar|Fanta|None|1.5|Liter|Home|Producten|Frisdrank, sappen, water|Sinas, lemon, cassis|2.85|2.85|||||None|||1.9 per LT|€||https://www.ah.nl/producten/product/wi466974/exotic-zero-sugar|0|None|Frisdrank met vruchtensap,met zoetstoffen. No sugar Bevat een bron van fenylalanine.|Best served chilled.|Koel, droog, geurvrij en uit het zonlicht bewaren.|None|None|C|Non-Organic|None|None|​Ingrediënten: Sprankelend water; vruchtensap uit concentraat 4.4% (sinaasappel 3.4%,perzik 0.5%, appel 0.4%, passievrucht 0.1%); voedingszuren:citroenzuur, appelzuur; conserveermiddel: kaliumsorbaat; wortel- en saffloerconcentraat; zoetstoffen:acesulfame-K, aspartaam;natuurlijke aroma’s; stabilisatoren: guarpitmeel, glycerolesters van houthars.​|100 Milliliter
496887|albert_heijn|None|Schweppes Indian tonic|Schweppes|None|1.0|Liter|Home|Producten|Frisdrank, sappen, water|Tonic, ginger, bitter, crafts en speciaal fris|2.29|2.29|||||None|||2.29 per LT|€||https://www.ah.nl/producten/product/wi496887/indian-tonic|0|None|Verfrissende koolzuurhoudende drank met cinchona schors extract, met suiker en zoetstoffen SCH_FRU005R0101|Uit de zon en op een koele plaats bewaren.  Koel schenken.|Uit de zon en op een koele plaats bewaren.  Koel schenken.|None|None|D|Non-Organic|None|None|Ingrediënten: koolzuurhoudend water, suiker, voedingszuur: citroenzuur, natuurlijke aroma's, aroma: kinine, zoetstoffen: acesulfaam K en sucralose|100 Milliliter
128161|albert_heijn|None|Lipton Ice tea peach|Lipton|None|1500.0|Milliliter|Home|Producten|Frisdrank, sappen, water|Ice tea|3.39|3.39|||||None|||2.26 per LT|€||https://www.ah.nl/producten/product/wi128161/ice-tea-peach|0|None|Verfrissende drank met thee-extract en perziksap, gezoet met suiker en zoetstof van natuurlijke oorsprong. Low in Calories|Lipton Ice Tea bevat thee-extract. Een licht bezinksel is mogelijk. Kijk, ruik en proef een beetje na deze datum om de kwaliteit te beoordelen.|Na opening gekoeld rechtopstaand bewaren en beperkt houdbaar.|None|None|C|Non-Organic|None|None|Ingrediënten: Water, invertsuiker, fructose, voedingszuren (appelzuur, citroenzuur), thee-extract(¹) (0,12%), perziksap van geconcentreerd sap (0,1%), aroma's, zuurteregelaar (trinatriumcitraat), antioxidant (ascorbinezuur), zoetstof (steviolglycosiden van Stevia). (¹)Rainforest Alliance Certified. More information on ra.org.|100 Gram
387603|albert_heijn|None|Bundaberg Ginger beer|Bundaberg|None|37.5|Centiliter|Home|Producten|Frisdrank, sappen, water|Tonic, ginger, bitter, crafts en speciaal fris|2.49|2.49|||||None|||6.64 per LT|€||https://www.ah.nl/producten/product/wi387603/ginger-beer|0|None|Alcoholvrij gember gebrouwen frisdrank|||None|None|E|Non-Organic|None|None|Ingrediënten: koolzuurhoudend water, suiker, gember wortel, natuurlijke aroma's, voedingszuur (citroenzuur), conserveringsmiddelen (E202, E211), antioxidant (ascourbinezuur), gist.|100 Milliliter
376093|albert_heijn|None|Active O2 Apple kiwi|Active O2|None|500.0|Milliliter|Home|Producten|Energie voeding, sportvoeding|Sportvoeding|1.39|1.39|||||None|||2.78 per LT|€||https://www.ah.nl/producten/product/wi376093/apple-kiwi|0.5|None|Frisdrank met appel/kiwi smaak, met suiker en zoetstoffen|||None|None|D|Non-Organic|None|None|Ingrediënten: natuurlijk mineraalwater, fructosestroop, zuurteregelaar: citroenzuur, zoetstoffen: cyclamaat, saccharine, acesulfaam-K; aroma, zuurstof (0,003%).|100 Milliliter
584105|albert_heijn|None|YAYA Organic kombucha maté|YAYA|None|330.0|Milliliter|Home|Producten|Frisdrank, sappen, water|Tonic, ginger, bitter, crafts en speciaal fris|2.29|2.29|||||None|||6.94 per LT|€||https://www.ah.nl/producten/product/wi584105/organic-kombucha-mate|0|None|Raw and organic kombucha|||None|None|C|Organic|None|None|Ingredienten: Kombucha (water, suiker*, groene thee*, zwarte thee*, kombucha cultuur), maté* (0,6%), sinaasappelsap concentraat*. EN: Kombucha (water, sugar*, green tea*, black tea*|100 Milliliter
470647|albert_heijn|None|Pepsi Zero sugar lemon|Pepsi|None|0.33|Liter|Home|Producten|Frisdrank, sappen, water|Cola|0.85|0.55|0.85|0.55|2025-05-26|2025-06-01|None||35% Op=Op korting|2.58 per LT|€||https://www.ah.nl/producten/product/wi470647/zero-sugar-lemon|0|None|Calorie-arme frisdrank met citroensap (1%),met zoetstoffen. zero sugar. Calorie-arme frisdrank met citroensap (1%), met zoetstoffen. Bevat aspartaam (een bron van fenylalanine).||Koel en droog bewaren.|None|None|C|Non-Organic|None|None|Ingrediënten: koolzuurhoudend water, citroensap uit concentraat (1%), kleurstof (karamel E150d), aroma’s (o.a. cafeïne), voedingszuren (E338, E330), zoetstoffen (E950, E951), zuurteregelaar (E331), conserveermiddel (E211).|100 Milliliter
185155|albert_heijn|None|Lipton Ice tea sparkling|Lipton|None|500.0|Milliliter|Home|Producten|Frisdrank, sappen, water|Ice tea|1.89|1.89|||||None|||3.78 per LT|€||https://www.ah.nl/producten/product/wi185155/ice-tea-sparkling|0|None|Verfrissende drank met thee-extract, gezoet met suiker en zoetstof van natuurlijke oorsprong.|IJskoud serveren. Lipton Ice Tea bevat thee-extract. Een licht bezinksel is mogelijk. Na opening gekoeld bewaren en beperkt houdbaar.||None|None|D|Non-Organic|None|None|Ingrediënten: Koolzuurhoudend water, invertsuiker, fructose, thee-extract⁽¹⁾ (0,3%), voedingszuren (citroenzuur, appelzuur), zuurteregelaar (trinatriumcitraat), citroensap van geconcentreerd sap (0,1%), aroma's, antioxidant (ascorbinezuur), zoetstof (steviolglycosiden van Stevia). ⁽¹⁾Rainforest Alliance Certified. More information on ra.org.|100 Milliliter
554747|albert_heijn|None|Fuze Tea Green ice tea|Fuze Tea|None|400.0|Milliliter|Home|Producten|Frisdrank, sappen, water|Ice tea|1.39|1.39|||||None|||3.48 per LT|€||https://www.ah.nl/producten/product/wi554747/green-ice-tea|0|None|Frisdrank op basis van getrokken groene thee,met citrussmaak, met suikers en zoetstof. Laag in caloriën|"

Koel drinken.



"|Koel, droog, geurvrij en uit het zonlicht bewaren.|None|None|D|Non-Organic|None|None|Ingrediënten: Getrokkengroene thee 94% (water, geconcentreerde groene thee⁺ infusie); suiker; voedingszuren:citroenzuur, natriumcitraat; citroensap uit concentraat (1%); natuurlijkecitrusaroma's met andere natuurlijke aroma's; antioxidant: ascorbinezuur;zoetstof: steviolglycosiden.⁺RainforestAlliance Gecertificeerd™​⁺VérifiéRainforest Alliance™​⁺RainforestAlliance Certified™​|100 Milliliter
569110|albert_heijn|None|Lipton Ice tea sparkling zero sugar 4-pack|Lipton|None|250.0|Milliliter|Home|Producten|Frisdrank, sappen, water|Ice tea|3.59|3.59|||||None|||3.59 per LT|€||https://www.ah.nl/producten/product/wi569110/ice-tea-sparkling-zero-sugar-4-pack|0|None|Verfrissende drank met thee-extract en zoetstoffen.|IJskoud serveren. Lipton Ice Tea bevat thee-extract. Een licht bezinksel is mogelijk.||None|None|C|Non-Organic|None|None|Ingrediënten: koolzuurhoudend water, voedingszuren (citroenzuur, appelzuur), thee-extract(1) (0,24%), zuurteregelaar (trinatriumcitraat), citroensap van geconcentreerd sap (0,1%), aroma's, antioxidant (ascorbinezuur), zoetstoffen (sucralose, acesulfaam-k). (1)Rainforest Alliance Certified. More information on ra.org.|100 Gram
437911|albert_heijn|None|Fuze Tea Green ice tea mango chamomile 4-pack|Fuze Tea|None|250.0|Milliliter|Home|Producten|Frisdrank, sappen, water|Ice tea|3.15|3.15||3.15|||None|||3.15 per LT|€||https://www.ah.nl/producten/product/wi437911/green-ice-tea-mango-chamomile-4-pack|0|None|Frisdrank op basis van getrokken groene thee en kamille-extracten, met mangosmaak, met suiker en zoetstof. Low in calories||Koel, droog en geurvrij bewaren.|None|None|D|Non-Organic|None|None|Ingrediënten: Getrokken groene thee 94% (water, geconcentreerde groene thee infusie⁺); suiker; mangosap uit concentraat (1%); voedingszuren: citroenzuur, natriumcitraat; antioxidant: ascorbinezuur; natuurlijke aroma’s; zoetstof: steviolglycosiden uit Stevia; kamille-extracten.|100 Milliliter
222765|albert_heijn|None|Orangina Regular|Orangina|None|1.5|Liter|Home|Producten|Frisdrank, sappen, water|Sinas, lemon, cassis|2.89|2.89|||||None|||1.93 per LT|€||https://www.ah.nl/producten/product/wi222765/regular|0|None|Bruisende vruchtenfrisdrank ORA_STD133R0101|Uit de zon en op een koele plaats bewaren.  Koel schenken.|Uit de zon en op een koele plaats bewaren.  Koel schenken.|None|None|E|Non-Organic|None|None|koolzuurhoudend water, sinaasappelsap en andere citrusvruchten uit concentraat 10% (sinaasappel 9% inclusief pulp 1%, grapefruit, mandarijn), suiker, sinaasappel- en mandarijnenschilconcentraat, zuurteregelaar: citroenzuur, conserveermiddel: kaliumsorbaat, natuurlijke sinaasappelaroma's|100 Milliliter
566939|albert_heijn|None|Orangina Zero sugar|Orangina|None|1.5|Liter|Home|Producten|Frisdrank, sappen, water|Sinas, lemon, cassis|2.89|2.89|||||None|||1.93 per LT|€||https://www.ah.nl/producten/product/wi566939/zero-sugar|0.1|None|Bruisende vruchtenfrisdrank, met zoetstoffen.|Koel schenken.|Ten minste houdbaar tot: zie bovenzijde fles. Uit de zon en op een koele plaats bewaren.|None|None|C|Non-Organic|None|None|"Ingrediënten: Koolzuurhoudend water, sinaasappelsap en andere citrusvruchten uit concentraat 4,8% (sinaasappel 3,3%, citroen, mandarijn, grapefruit), pulp 1,4% (sinaasappel, mandarijn), stabilisatoren: E414 en E445, natuurlijke aroma's, natuurlijk sinaasappelaroma, zuurteregelaar: citroenzuur, conserveermiddel: kaliumsorbaat, zoetstoffen: acesulfaam K en sucralose, sinaasappelschilextract, antioxidant: ascorbinezuur, kleurstof: carotenen
"|100 Milliliter
589130|albert_heijn|None|Lipton Ice tea green citrus sparkling no sugar|Lipton|None|1500.0|Milliliter|Home|Producten|Frisdrank, sappen, water|Ice tea|3.69|3.69|||||None|||2.46 per LT|€||https://www.ah.nl/producten/product/wi589130/ice-tea-green-citrus-sparkling-no-sugar|0|None|Verfrissende drank met groene thee-extract en sinaasappelsap, met zoetstoffen.|IJskoud serveren. Lipton Ice Tea bevat thee-extract. Een licht bezinksel is mogelijk. Na opening gekoeld bewaren en beperkt houdbaar.||None|None|C|Non-Organic|None|None|Ingrediënten: koolzuurhoudend water, voedingszuren (citroenzuur, appelzuur), groene thee-extract(1) (0,12%), sinaasappelsap van geconcentreerd sap (0,1%), zuurteregelaar (trinatriumcitraat), aroma's, antioxidant (ascorbinezuur), zoetstoffen (acesulfaam-k, sucralose, steviolglycosiden van Stevia). (1)Rainforest Alliance Certified. More information on ra.org.|100 Gram
568353|albert_heijn|None|Brand Garage Passion mama|Brand Garage|None|330.0|Milliliter|Home|Producten|Frisdrank, sappen, water|Tonic, ginger, bitter, crafts en speciaal fris|1.79|1.79|||||None|||5.42 per LT|€||https://www.ah.nl/producten/product/wi568353/passion-mama|0|None|Sinaasappel Passievrucht Frisdrank|||None|None|C|Organic|None|None|Ingrediënten: Sprankelend water, sinaasappelsap uit concentraat* (13%), suiker*, passievruchtsap* (2,5%) natuurlijke sinaasappelolie* * Van gecontroleerde biologische teelt uit eu-en niet eu- landbouw.|100 Milliliter
215233|albert_heijn|None|Sourcy Vitaminwater witte druif citroen|Sourcy|None|0.5|Liter|Home|Producten|Frisdrank, sappen, water|Energy drink, sportdranken|1.79|1.79|||||None|||3.58 per LT|€||https://www.ah.nl/producten/product/wi215233/vitaminwater-witte-druif-citroen|0|None|Koolzuurvrije drank op basis van bronwater met de smaak van witte druif en citroen, met toegevoegde vitaminen, ginseng-extract en zink, met zoetstoffen. 0% suiker. Vitamine C en B3 zijn goed voor het concentratievermogen. Zink houdt de geest helder en is goed voor het geheugen. Sourcy Vitaminwater is een aanvulling op een gezonde levensstijl. Een gevarieerde, evenwichtige voeding en gezonde leefstijl zijn belangrijk.||Ten minste houdbaar tot einde: zie hals fles.  Koel, droog en donker bewaren. Na openen beperkt houdbaar.|None|None|C|Non-Organic|None|None|Ingrediënten: bronwater, voedingszuur (citroenzuur), natuurlijk aroma, zoetstoffen (acesulfaam-K, cyclaamzuur, sucralose), stabilisator (arabische gom), kleurstof (bètacaroteen), conserveermiddel (kaliumsorbaat), zinkcitraat, ginseng(panax)-extract (0.001%), vitamine C, niacine (vitamine B3).|100 Milliliter
515133|albert_heijn|None|AH Vitamin drink limoen lychee 0% 6-pack|AH|None|500.0|Milliliter|Home|Producten|Frisdrank, sappen, water|Energy drink, sportdranken|3.79|3.79|||||None|||1.26 per LT|€||https://www.ah.nl/producten/product/wi515133/vitamin-drink-limoen-lychee-0-6-pack|0|None|Koolzuurvrije drank met limoen- en lycheesmaak met toegevoegde vitaminen DIT PRODUCT BEVAT VAN NATURE AANWEZIGE SUIKERS met zoetstoffen||Ten minste houdbaar tot einde: zie bovenzijde. Vaak goed na deze datum. Kijk, ruik en proef. Koel, donker en droog bewaren. Na openen gekoeld bewaren (max. 7°C), beperkt houdbaar.|None|None|C|Non-Organic|None|None|"Ingrediënten: water, voedingszuur (citroenzuur [E330], appelzuur [E296]), appelsap uit concentraat, conserveermiddel (kaliumsorbaat [E202]), natuurlijk limoenaroma met andere natuurlijke aroma's, stabilisator (arabische gom [E414]), zoetstof (acesulfaam-K [E950], sucralose [E955]), vitaminen (B5, B6, B8, B12).
Waarvan toegevoegde suikers 0.00g per 100 milliliter en waarvan toegevoegd zout 0.00g per 100 milliliter"|100 Milliliter
473149|albert_heijn|None|Lipton Ice tea green 6-pack|Lipton|None|1500.0|Milliliter|Home|Producten|Frisdrank, sappen, water|Ice tea|17.29|17.29|||||None|||1.92 per LT|€||https://www.ah.nl/producten/product/wi473149/ice-tea-green-6-pack|0|None|Verfrissende drank met groene thee-extract, gezoet met suiker en zoetstof van natuurlijke oorsprong. Low in Sugar|IJskoud serveren. Lipton Ice Tea bevat thee-extract. Een licht bezinksel is mogelijk. Na opening gekoeld bewaren en beperkt houdbaar.||None|None|C|Non-Organic|None|None|Ingrediënten: Water, fructose, suiker, voedingszuren (citroenzuur, appelzuur), groene thee-extract(1) (0,12%), zuurteregelaar (trinatriumcitraat), antioxidant (ascorbinezuur), natuurlijk aroma, zoetstof (steviolglycosiden van Stevia). (1)Rainforest Alliance Certified. More information on ra.org.|100 Milliliter
568454|albert_heijn|None|Gimber Ginger & herbs|Gimber|None|250.0|Milliliter|Home|Producten|Frisdrank, sappen, water|Tonic, ginger, bitter, crafts en speciaal fris|1.89|1.89|||||None|||7.56 per LT|€||https://www.ah.nl/producten/product/wi568454/ginger-en-herbs|0|None|SPARKLING GINGER DRINK WITH LEMON & HERBS.||Ten minste houdbaar tot: zie onderkant blik.|None|None|C|Organic|None|None|Ingrediënten: Bruiswater, 6% Gembersap*, 4% Citroensap*, Rietsuiker*, Yuzusap*, 0,4% Kruiden-infusie*. *biologische oorsprong|100 Gram
151537|albert_heijn|None|Lipton Ice tea green lemon|Lipton|None|1500.0|Milliliter|Home|Producten|Frisdrank, sappen, water|Ice tea|3.39|3.39|||||None|||2.26 per LT|€||https://www.ah.nl/producten/product/wi151537/ice-tea-green-lemon|0|None|Verfrissende drank met groene thee-extract en citroensap, gezoet met suiker en zoetstof van natuurlijke oorsprong.|IJskoud serveren. Lipton Ice Tea bevat thee-extract. Een licht bezinksel is mogelijk.|Na opening gekoeld rechtopstaand bewaren en beperkt houdbaar.|None|None|C|Non-Organic|None|None|Ingrediënten: Water, invertsuiker, fructose, voedingszuren (citroenzuur, appelzuur), groene thee-extract⁽¹⁾ (0,12%), citroensap van geconcentreerd sap (0,1%), zuurteregelaar (trinatriumcitraat) , aroma's, antioxidant (ascorbinezuur), zoetstof (steviolglycosiden van Stevia). (1)Rainforest Alliance Certified. More information on ra.org.|100 Milliliter
568193|albert_heijn|None|Red Bull Energy drink juneberry|Red Bull|None|250.0|Milliliter|Home|Producten|Frisdrank, sappen, water|Energy drink, sportdranken|1.69|1.69||1.69|||None|||6.76 per LT|€||https://www.ah.nl/producten/product/wi568193/energy-drink-juneberry|0|None|Energy Drink met de smaak van Juneberry (bes van het krentenboompje) Niacine en vitamine B6 dragen bij tot de vermindering van vermoeidheid en moeheid en een normaal energieleverend metabolisme. Hoog cafeïnegehalte. Niet aan bevolen voor kinderen en vrouwen die zwanger zijn of borstvoeding geven (32 mg/100 ml). Gepasteuriseerd. Een gevarieerde en evenwichtige voeding en een gezonde levensstijl zijn aanbevolen.|Drink met mate.||None|None|E|Non-Organic|None|None|ingrediënten: koolzuurhoudend water, sacharose, glucose, voedingszuur (citroenzuur), taurine (0,4%), zuurteregelaar (natriumcitraten), cafeïne (0,03%), vitaminen (niacine, panthotheenzuur, vitamine B6, vitamine B12), aroma's, kleurstoffen (anthocyanen, briljantblauw FCF).|100 Milliliter
476875|albert_heijn|None|AH Sinas regular 6-pack|AH|None|500.0|Milliliter|Home|Producten|Frisdrank, sappen, water|Sinas, lemon, cassis|2.99|2.99|||||None|||1 per LT|€||https://www.ah.nl/producten/product/wi476875/sinas-regular-6-pack|0.01|None|Koolzuurhoudende frisdrank met 6% sinaasappelsap uit concentraat met suiker en zoetstoffen||Ten minste houdbaar tot en met: zie bovenzijde. Vaak goed na deze datum. Kijk, ruik en proef. Koel, donker en droog bewaren. Na openen gekoeld bewaren (max. 7°C), beperkt houdbaar. De verpakking goed sluiten na gebruik.|None|None|E|Non-Organic|None|None|"Ingrediënten: koolzuurhoudend water, sap uit concentraat (sinaasappel, wortel), suiker, voedingszuur (citroenzuur [E330]), natuurlijk aroma, zoetstof (cyclamaten [E952], sucralose [E955], acesulfaam-K [E950]), antioxidant (ascorbinezuur [E300]), conserveermiddel (kaliumsorbaat [E202]), zuurteregelaar (natriumcitraten [E331]), kleurstof (carotenen [E160a]).
Waarvan toegevoegde suikers 5.0g per 100 milliliter en waarvan toegevoegd zout 0.00g per 100 milliliter"|100 Milliliter
476720|albert_heijn|None|AH Ginger beer|AH|None|1.0|Liter|Home|Producten|Frisdrank, sappen, water|Tonic, ginger, bitter, crafts en speciaal fris|0.99|0.99|||||None|||0.99 per LT|€||https://www.ah.nl/producten/product/wi476720/ginger-beer|0|None|Koolzuurhoudende frisdrank met gembersmaak met suikers en zoetstoffen||Ten minste houdbaar tot einde: zie bovenzijde. Kijk, ruik en proef na deze datum. Koel, donker en droog bewaren. Na openen gekoeld bewaren (max. 7°C), beperkt houdbaar. De verpakking goed sluiten na gebruik.|None|None|D|Non-Organic|None|None|"Ingrediënten: koolzuurhoudend water, suiker, invertsuikerstroop, voedingszuur (citroenzuur [E330]), natuurlijk gemberaroma, zoetstof (sacharine [E954], sucralose [E955], cyclamaat [E952]), antioxidant (ascorbinezuur [E300]), conserveermiddel (kaliumsorbaat [E202]), stabilisator (glycerolesters van houthars [E445], arabische gom [E414]), kleurstof (sulfiet-ammoniakkaramel [E150d]).
Waarvan toegevoegde suikers 4.4g per 100 milliliter en waarvan toegevoegd zout 0.00g per 100 milliliter"|100 Milliliter
568461|albert_heijn|None|Fritz Limo lemon|Fritz|None|330.0|Milliliter|Home|Producten|Frisdrank, sappen, water|Sinas, lemon, cassis|1.49|1.49|||||None|||4.52 per LT|€||https://www.ah.nl/producten/product/wi568461/limo-lemon|0|None|limonade met 7 % vruchtgehalte|||None|None|D|Non-Organic|None|None|Ingrediënten: Water, suiker, citroensap (6%), sinaasappelsap (1%), koolzuur, citroen- en sinaasappelextract, natuurlijk citrusaroma, antioxidantiemiddel ascorbinezuur, stabilisator johannesbroodpitmeel, *van vruchtensapconcentraten|100 Milliliter
237882|albert_heijn|None|Red Bull Energy drink tropisch fruit|Red Bull|None|250.0|Milliliter|Home|Producten|Frisdrank, sappen, water|Energy drink, sportdranken|1.69|1.69||1.69|||None|||6.76 per LT|€||https://www.ah.nl/producten/product/wi237882/energy-drink-tropisch-fruit|0|None|Energy Drink met de smaak van tropisch fruit Niacine en Vitamine B6 dragen bij tot de vermindering van vermoeidheid en moeheid en een normaal energieleverend metabolisme. Een gevarieerde en evenwichtige voeding en een gezonde levensstijl zijn aanbevolen. Hoog cafeïnegehalte. Niet aan bevolen voor kinderen en vrouwen die zwanger zijn of borstvoeding geven (32 mg/100 ml). Gepasteuriseerd.|Drink met mate.||None|None|E|Non-Organic|None|None|ingrediënten: koolzuurhoudend water, sacharose, glucose, voedingszuur (citroenzuur), taurine (0,4%), zuurteregelaar (natriumcitraten), cafeïne (0,03%), vitaminen (niacine, pantotheenzuur, riboflavine, vitamine b6, vitamine b12) aroma's, kleurstoffen (karamel, beta apo-8'-carotenal (c30), stabilisatoren (glycerolesters van houthars, sucroseacetaatisobutyraat)|100 Milliliter
516933|albert_heijn|None|Fanta Orange tray|Fanta|None|330.0|Milliliter|Home|Producten|Frisdrank, sappen, water|Sinas, lemon, cassis|18.95|18.95|||||None|||2.39 per LT|€||https://www.ah.nl/producten/product/wi516933/orange-tray|0|None|Frisdrank met sinaasappelsap, met suiker en zoetstoffen. Low Calories||Koel, droog en geurvrij bewaren.|None|None|D|Non-Organic|None|None|Ingrediënten: Sprankelend water; sinaasappelsap uit concentraat (5%); suiker; voedingszuren: citroenzuur, appelzuur, natriumcitraten; zoestoffen: natriumcyclamaat, acesulfaam-K, natuurlijke sinaasappelaroma's met andere natuurlijke aroma's; conserveermiddel: kaliumsorbaat; antioxidant: ascorbinezuur; wortelconcentraat; stabilisator: guarpitmeel; kleurstof: carotenen.|100 Milliliter
584140|albert_heijn|None|Kult Water kefir yuzu & mandarin|Kult|None|33.0|Centiliter|Home|Producten|Frisdrank, sappen, water|Tonic, ginger, bitter, crafts en speciaal fris|1.99|1.99|||||None|||6.03 per LT|€||https://www.ah.nl/producten/product/wi584140/water-kefir-yuzu-en-mandarin|0.5|None|Sparkling water kefir yuzu & mandarin||Ten minste houdbaar tot: zie onderkant|None|None|C|Organic|None|None|Ingrediënten: Waterkefir (gefilterd water, kefir, suiker* (deels omgezet door fermentatie), citroenconcentraat*), yuzusap (1.4%), mandarijn concentraat (0.4%), *biologische landbouw.|100 Milliliter
568366|albert_heijn|None|Coca-Cola Cherry|Coca-Cola|None|1.5|Liter|Home|Producten|Frisdrank, sappen, water|Cola|2.99|2.99|||||None|||1.99 per LT|€||https://www.ah.nl/producten/product/wi568366/cherry|0|None|Frisdrank met plantenextracten en kersensmaak.||Koel, droog, geurvrij en uit het zonlicht bewaren.|None|None|E|Non-Organic|None|None|Ingrediënten: Sprankelend water; suiker; kleurstof: E150d; voedingszuur: E338; natuurlijke aroma’s; aroma cafeïne.|100 Milliliter
426214|albert_heijn|None|Vitamin Well Awake|Vitamin Well|None|500.0|Milliliter|Home|Producten|Frisdrank, sappen, water|Energy drink, sportdranken|1.99|1.99|||||None|||3.98 per LT|€||https://www.ah.nl/producten/product/wi426214/awake|0|None|niet-koolzuurhoudende, met vitamines en mineralen verrijkte caloriearme drank zonder conserveermiddelen. met vitamines en mineralen verrijkte caloriearme drank zonder conserveermiddelen. Awake bevat cafeïne welke bijdraagt aan een verhoogde alertheid en verbeterde concentratie. Daarbij bevat Awake ook vitamine D, B12 en foliumzuur welke alle het goed  functioneren van het immuunsysteem ondersteunen. We raden een gevarieerde en evenwichtige voeding en een gezonde levensstijl aan. Hoog cafeïne gehalte (15mg/100ml). Niet geschikt voor kinderen en zwangere vrouwen of vrouwen die borstvoeding geven.|Cafeïne-inhoud komt overeen met een kop koffie per fles. Het is aanbevolen om een dagelijkse inname van 400 mg cafeïne niet te overschrijden. Gekoeld serveren.|Na opening dezelfde dag consumeren. Kan bij kamertemperatuur bewaard worden, buiten direct zonlicht bewaren.|None|None|C|Non-Organic|None|None|Ingrediënten water, vruchtensuiker, zuurteregelaars (citroen zuur, calciumcarbonaat), zwarte bes extract, cafeïne, vitamines (D3, E, niacine, foliumzuur, B12, biotine, pantotheenzuur), mineralen (magnesium, zink, seleen), aroma’s, kleurend levensmiddel (concentraat van wortel en bosbes).|100 Milliliter
555244|albert_heijn|None|AA Drink Zero no sugar|AA Drink|None|500.0|Milliliter|Home|Producten|Frisdrank, sappen, water|Energy drink, sportdranken|1.29|1.29|||||None|||2.58 per LT|€||https://www.ah.nl/producten/product/wi555244/zero-no-sugar|0|None|Hypotone sportdrank met toegevoegde vitamines en zoetstoffen. No sugar||Op een droge, koele, reukloze plaats, uit het zonlicht bewaren.|None|None|C|Non-Organic|None|None|Ingrediënten: water, voedingszuur: citroenzuur, aroma, zuurteregelaar: natriumcitraat, zoetstoffen: acesulfaam-K, sucralose, cyclamaat, saccharine, stabilisatoren: E414, E415, E445, conserveermiddel: kaliumsorbaat, antioxidant: ascorbinezuur, kleurstof: beta-caroteen, zout, vitamines: niacine (vitamine B3), pantotheenzuur (vitamine B5), vitamine B6.|100 Milliliter
435975|albert_heijn|None|Bullit Energy drink suikervrij rode bessen|Bullit|None|250.0|Milliliter|Home|Producten|Frisdrank, sappen, water|Energy drink, sportdranken|0.99|0.99|||||None|||3.96 per LT|€||https://www.ah.nl/producten/product/wi435975/energy-drink-suikervrij-rode-bessen|0|None|Cafeïne houdende taurine drank met zoetstoffen en de smaak van rode bessen Sugar Free. Hoog cafeïnegehalte. Niet aanbevolen voor kinderen en vrouwen die zwanger zijn of borstvoeding geven (30mg/100ml). Gepasteuriseerd.|Drink met mate.||None|None|C|Non-Organic|None|None|Ingrediënten: koolzuurhoudend water, voedingszuur (citroenzuur), taurine (0,4%), zuurteregelaar (natriumcitraten), zoetstoffen (Sucralose, Acesulfaam-K), cafeïne (0,03%), vitaminen (niacine, pantotheenzuur, B6, B12), aroma's, verdikkingsmiddel (xanthaangom), kleurstof (anthocyanen).|100 Milliliter
447811|albert_heijn|None|E Energy drink sugarfree tray|E|None|250.0|Milliliter|Home|Producten|Frisdrank, sappen, water|Energy drink, sportdranken|17.99|17.99|||||None|||3 per LT|€||https://www.ah.nl/producten/product/wi447811/energy-drink-sugarfree-tray|0|None|Suikervrije, koolzuurhoudende drank met 0,4% taurine en 0,032% cafeïne met toegevoegde vitaminen met zoetstoffen Hoog cafeïnegehalte (bevat 32mg cafeïne per 100ml). Niet aanbevolen voor kinderen en vrouwen die zwanger zijn of borstvoeding geven.||Ten minste houdbaar tot einde: zie onderzijde. Vaak goed na deze datum. Kijk, ruik en proef. Koel en droog bewaren.|None|None||Non-Organic|None|None|"Ingrediënten: koolzuurhoudend water, voedingszuur (citroenzuur [E330]), taurine, zuurteregelaar (natriumcitraten [E331]), aroma, kleurstof (alkali-sulfietkaramel [E150b]), zoetstof (acesulfaam-K [E950], sucralose [E955]), vitaminen (niacine, pantotheenzuur, B6, riboflavine, B12), cafeïne.
Waarvan toegevoegde suikers 0.00g per 100 milliliter en waarvan toegevoegd zout 0.00g per 100 milliliter"|100 Milliliter
229612|albert_heijn|None|Bullit Energy drink 6-pack|Bullit|None|250.0|Milliliter|Home|Producten|Frisdrank, sappen, water|Energy drink, sportdranken|5.89|5.89|||||None|||3.93 per LT|€||https://www.ah.nl/producten/product/wi229612/energy-drink-6-pack|0|None|Energy Drink Niet aanbevolen voor kinderen en vrouwen die zwanger zijn of borstvoeding geven (30mg/100ml). Hoog cafeïne gehalte. Gepasteuriseerd|Drink met mate.||None|None|E|Non-Organic|None|None|Ingrediënten: koolzuurhoudend water, sacharose, glucose, voedingszuur (citroenzuur), taurine (0,4%), zuurteregelaar (natriumcitraten), cafeïne (0,03%), vitaminen (niacine, pantotheenzuur, B6, B12), aroma's, kleurstoffen (karamel, riboflavinen).|100 Milliliter
553819|albert_heijn|None|Sisi Tropical flavour no bubbles zero sugar|Sisi|None|1.5|Liter|Home|Producten|Frisdrank, sappen, water|Sinas, lemon, cassis|2.59|2.59|||||None|||1.73 per LT|€||https://www.ah.nl/producten/product/wi553819/tropical-flavour-no-bubbles-zero-sugar|0|None|Koolzuurvrije drank met vruchtensap en zoetstoffen.|Schudden voor gebruik.|"Ten minste houdbaar tot einde: zie hals fles.
Koel, droog en donker bewaren. Na openen
beperkt houdbaar."|None|None|C|Non-Organic|None|None|Ingrediënten: water, 4% vruchtensap uit concentraat (sinaasappelsap, ananassap 1,9%, passievruchtensap 0,1%), voedingszuur (citroenzuur), zuurteregelaar (natriumcitraat), zoetstoffen (cyclaamzuur, sucralose, sacharine), conserveermiddel (kaliumsorbaat), aroma, concentraat van zwarte wortel, kleurstoffen (caroteen, beta-apo-8'-carotenal).|100 Milliliter
589127|albert_heijn|None|S. Pellegrino Melograno & arancia|S. Pellegrino|None|330.0|Milliliter|Home|Producten|Frisdrank, sappen, water|Tonic, ginger, bitter, crafts en speciaal fris|1.35|1.35|||||None|||4.09 per LT|€||https://www.ah.nl/producten/product/wi589127/melograno-en-arancia|0|None|Koolzuurhoudende Frisdrank met Sinaasappelsap- (10 %) en Granaatappelsap (5 %) uit Concentraat, Gearomatiseerd||"Bewaar op een koele, droge en reukloze plaats, beschermd tegen de zon en vorst.
"|None|None|E|Non-Organic|None|None| Ingrediënten: Water, sinaasappelsap uit concentraat (10%), suiker, granaatappelsap uit concentraat (5%), kooldioxide, geconcentreerd citroensap, sinaasappelextract (0,1%), zwarte wortelconcentraat, natuurlijk aroma|100 Milliliter
73201|albert_heijn|None|Fanta Orange zero sugar tray|Fanta|None|330.0|Milliliter|Home|Producten|Frisdrank, sappen, water|Sinas, lemon, cassis|18.69|18.69|||||None|||2.36 per LT|€||https://www.ah.nl/producten/product/wi73201/orange-zero-sugar-tray|0|None|Frisdrank met sinaasappelsap, met zoetstoffen. No sugar Bevat een bron van fenylalanine.||Koel, droog en geurvrij bewaren.|None|None||Non-Organic|None|None|Ingrediënten: Sprankelend water; sinaasappelsap uit concentraat (4%); voedingszuren: citroenzuur, appelzuur, natriumcitraat; zoetstoffen: aspartaam, acesulfaam-K; conserveermiddel: kaliumsorbaat; antioxidant: ascorbinezuur; natuurlijke sinaasappelaroma’s met andere natuurlijke aroma’s; wortelconcentraat; stabilisator: guarpitmeel; kleurstof: carotenen.|100 Milliliter
531038|albert_heijn|None|O2Life Peach greentea|O2Life|None|750.0|Milliliter|Home|Producten|Energie voeding, sportvoeding|Sportvoeding|1.85|1.85|||||None|||2.47 per LT|€||https://www.ah.nl/producten/product/wi531038/peach-greentea|0|None|Koolzuurvrije drank op basis van natuurlijk mineraalwater|||None|None|C|Non-Organic|None|None|"Ingrediënten: Mineraalwater, fructose, citroenzuur, natuurlijk fruitaroma, conserveermiddel E202, zoetstof, vitamine B5, B6, B8 en B12, zuurstof
"|100 Milliliter
185157|albert_heijn|None|AA Drink Iso lemon|AA Drink|None|500.0|Milliliter|Home|Producten|Energie voeding, sportvoeding|Sportvoeding|1.29|1.29|||||None|||2.58 per LT|€||https://www.ah.nl/producten/product/wi185157/iso-lemon|0|None|Isotone sportdrank met toegevoegde vitamines||Op een droge, koele, reukloze plaats, uit het zonlicht bewaren.|None|None|D|Non-Organic|None|None|Ingrediënten: Water, suiker, maltodextrine, voedingszuur: citroenzuur, natriumchloride, zuurteregelaars: magnesiumlactaat, natriumcitraat, kaliumfosfaat en calciumfosfaat, conserveermiddel: E202, vitamines: B3, E, B5, B6 en H, stabilisatoren: arabische gom en glycerol-esters van houthars, natuurlijke aroma’s. Osmolaliteit 290-320 mOsm/L|100 Milliliter
480793|albert_heijn|None|AH Cola no sugar mini 6-pack|AH|None|150.0|Milliliter|Home|Producten|Frisdrank, sappen, water|Cola|1.99|1.99|||||None|||2.21 per LT|€||https://www.ah.nl/producten/product/wi480793/cola-no-sugar-mini-6-pack|0|None|Suikervrije, koolzuurhoudende frisdrank met colasmaak met zoetstoffen||Ten minste houdbaar tot en met: zie onderzijde. Vaak goed na deze datum. Kijk, ruik en proef. Koel en droog bewaren.|None|None|C|Non-Organic|None|None|"Ingrediënten: koolzuurhoudend water, kleurstof (sulfiet-ammoniakkaramel [E150d]), voedingszuur (fosforzuur [E338]), zoetstof (acesulfaam-K [E950], sucralose [E955], sacharinen [E954]), natuurlijke aroma's, zuurteregelaar (natriumcitraten [E331]), cafeïne.
Waarvan toegevoegde suikers 0.00g per 100 milliliter en waarvan toegevoegd zout 0.00g per 100 milliliter"|100 Milliliter
494869|albert_heijn|None|Lemonaid Bloodorange|Lemonaid|None|330.0|Milliliter|Home|Producten|Frisdrank, sappen, water|Tonic, ginger, bitter, crafts en speciaal fris|1.75|1.75|||||None|||5.3 per LT|€||https://www.ah.nl/producten/product/wi494869/bloodorange||None|Frisdrank van biologisch bloedsinaasappelsap.||Tenminste houdbaar tot: zie dop|None|None||Organic|None|None|"Ingrediënten: Water, bio-bloedsinaasappelsap (7%), bio-rietsuiker, bio-citroensap, bio-sinaasappelsap, bio-kersensap, bio-grapefruitsap, koolzuur
"|100 Milliliter
568354|albert_heijn|None|Brand Garage Mango mama|Brand Garage|None|330.0|Milliliter|Home|Producten|Frisdrank, sappen, water|Tonic, ginger, bitter, crafts en speciaal fris|1.79|1.79|||||None|||5.42 per LT|€||https://www.ah.nl/producten/product/wi568354/mango-mama|0|None|Sinaasappel Mango Frisdrank|||None|None|C|Organic|None|None|Ingrediënten: Sprankelend water, sinaasappelsap uit concentraat* (13%), suiker*, mangopuree* (4%)natuurlijke sinaasappelolie* * Van gecontroleerde biologische teelt uit eu-en niet eu- landbouw.|100 Milliliter
370021|albert_heijn|None|Fever-Tree Indian tonic water|Fever-Tree|None|500.0|Milliliter|Home|Producten|Frisdrank, sappen, water|Tonic, ginger, bitter, crafts en speciaal fris|3.49|3.49|||||None|||6.98 per LT|€||https://www.ah.nl/producten/product/wi370021/indian-tonic-water|0|None|Natuurlijke frisdrank met vruchtenextract, bevat kinine|Voorzichtig, weg van het gezicht openen.|Na opening bewaren in de koelkast en consumeren binnen de 3 dagen. Uit de zon bewaren.|None|None|D|Non-Organic|None|None|Ingrediënten: Koolzuurhoudend bronwater, rietsuiker, voedingszuur: citroenzuur, natuurlijke aroma's, waaronder natuurlijke kinine.|100 Milliliter
454532|albert_heijn|None|Lipton Ice tea green lemon|Lipton|None|500.0|Milliliter|Home|Producten|Frisdrank, sappen, water|Ice tea|1.89|1.89|||||None|||3.78 per LT|€||https://www.ah.nl/producten/product/wi454532/ice-tea-green-lemon||None|Verfrissende drank met groene thee-extract en citroensap, gezoet met suiker en zoetstof van natuurlijke oorsprong.|Lipton Ice Tea bevat thee-extract. Een licht bezinksel is mogelijk.|Na opening gekoeld bewaren en beperkt houdbaar.|None|None||Non-Organic|None|None|Ingrediënten: Water, fructose, suiker, voedingszuren (citroenzuur, appelzuur), groene thee-extract(¹) (0,12%), citroensap van geconcentreerd sap (0,1%), zuurteregelaar (trinatriumcitraat), aroma's, antioxidant (ascorbinezuur), zoetstof (steviolglycosiden). (1)Rainforest Alliance Certified. More information on ra.org.|100 Gram
519610|albert_heijn|None|Bullit Sugarfree 6-pack|Bullit|None|250.0|Milliliter|Home|Producten|Frisdrank, sappen, water|Energy drink, sportdranken|5.89|5.89|||||None|||3.93 per LT|€||https://www.ah.nl/producten/product/wi519610/sugarfree-6-pack|0|None|Cafeïne Houdende Taurine Drank Met Zoetstoffen Sugar Free Hoog Cafeïnegehalte. Niet aanbevolen voor kinderen en vrouwen die zwanger zijn of borstvoeding geven (30 mg/100 ml). Gepasteuriseerd.|Drink met mate.||None|None|C|Non-Organic|None|None|ingrediënten: koolzuurhoudend water, voedingszuur (citroenzuur), taurine (0,4%), zuurteregelaar (natriumcitraten), cafeïne (0,03%), Zoetstoffen (Sucralose, Acesulfaam-K), vitaminen (niacine, pantotheenzuur, B6, B12), aroma's, kleurstoffen (karamel, riboflavinen).|100 Milliliter
530953|albert_heijn|None|ChariTea Green|ChariTea|None|330.0|Liter|Home|Producten|Frisdrank, sappen, water|Ice tea|1.75|1.75|||||None|||5.3 per LT|€||https://www.ah.nl/producten/product/wi530953/green|0|None|IJsthee van biologische groene thee en gember.||Tenminste houdbaar tot: zie dop|None|None|C|Organic|None|None|"Ingrediënten: Infusie van biologische groene thee en biologische gember (water, groene thee, gember) (94%), bio-agavediksap, biologische honing, bio-citroensap
"|100 Milliliter
476865|albert_heijn|None|Fentimans Rose lemonade blik|Fentimans|None|250.0|Milliliter|Home|Producten|Frisdrank, sappen, water|Tonic, ginger, bitter, crafts en speciaal fris|1.69|1.69|||||None|||6.76 per LT|€||https://www.ah.nl/producten/product/wi476865/rose-lemonade-blik|0|None|Koolzuurhoudende drank met rozen- en citroensmaak, suiker en zoetstof.|Best served chilled|Tenminste houdbaar tot: zie onderkant blikje.|None|None|D|Non-Organic|None|None|Ingrediënten: Koolzuurhoudend water, fructose, suiker, geklaard citroensap uit concentraat (6%), perensapconcentraat (5%), gefermenteerd gemberwortelextract (water, glucosestroop, gemberwortel, perensapconcentraat, gist), natuurlijke aroma's, stabilisator (pectine), zuur (wijnsteenzuur, citroenzuur), kleurstof (rodekoolextract), zoetstof (steviolglycosiden van stevia), Bulgaarse rozenolie.|100 Milliliter
519033|albert_heijn|None|Lipton Ice tea peach zero sugar|Lipton|None|500.0|Milliliter|Home|Producten|Frisdrank, sappen, water|Ice tea|1.89|1.89|||||None|||3.78 per LT|€||https://www.ah.nl/producten/product/wi519033/ice-tea-peach-zero-sugar|0|None|Verfrissende drank met thee-extract en perziksap, met zoetstoffen. 0% sugar|IJskoud serveren. Lipton Ice Tea bevat thee-extract. Een licht bezinksel is mogelijk.|"Na opening gekoeld bewaren en beperkt houdbaar.
Ten minste houdbaar tot einde: zie dop/hals fles."|None|None|C|Non-Organic|None|None|"Ingrediënten: Water, voedingszuren (citroenzuur, appelzuur), thee-extract⁽¹⁾ (0,12%), perziksap van geconcentreerd sap (0,1%),  zuurteregelaar (trinatriumcitraat), aroma's, antioxidant (ascorbinezuur), zoetstoffen (sucralose, acesulfaam-K).
⁽¹⁾ Rainforest Alliance Certified. More information on ra.org."|100 Milliliter
584138|albert_heijn|None|Kult Water kefir ginger & lemon|Kult|None|33.0|Centiliter|Home|Producten|Frisdrank, sappen, water|Tonic, ginger, bitter, crafts en speciaal fris|1.99|1.99|||||None|||6.03 per LT|€||https://www.ah.nl/producten/product/wi584138/water-kefir-ginger-en-lemon|0.5|None|Sparkling water kefir ginger & lemon Low sugar||Ten minste houdbaar tot: zie onderkant|None|None|C|Organic|None|None|Ingrediënten: Waterkefir (gefilterd water, kefir cultuur, suiker* (deels omgezet door fermentatie), citroenconcentraat*), gembersap (1.6%)*, citroensap (0.8%)*, natuurlijke rozemarijn aroma, *biologische landbouw.|100 Gram
518917|albert_heijn|None|S. Pellegrino Aranciata rossa 6-pack|S. Pellegrino|None|33.0|Centiliter|Home|Producten|Frisdrank, sappen, water|Tonic, ginger, bitter, crafts en speciaal fris|7.99|7.99|||||None|||4.04 per LT|€||https://www.ah.nl/producten/product/wi518917/aranciata-rossa-6-pack|0|None|Bruisende drank met 5 %  sinaasappelsap op basis van concentraat en 10 % bloedsinaasappelsap van concentraat||Bewaren op een plaats beschut tegen vorst en zon, op een droge plaats, schoon en geurloos|None|None|E|Non-Organic|None|None|Water, sinaasappelsap uit concentraat (10 %), suiker, bloedsinaasappelsap uit concentraat (5 %), koolzuurgas, citroensapconcentraat, sinaasappelextract, zwarte wortelconcentraat, natuurlijk aroma.|100 Milliliter
568478|albert_heijn|None|Something & Nothing Yuzu|Something & Nothing|None|330.0|Milliliter|Home|Producten|Frisdrank, sappen, water|Tonic, ginger, bitter, crafts en speciaal fris|1.79|1.79|||||None|||5.42 per LT|€||https://www.ah.nl/producten/product/wi568478/yuzu|0|None|Licht koolzuurhoudende drank op basis van water, vruchtensappen en yuzusmaak.||Store in a cool, dry place.|None|None|C|Non-Organic|None|None|Ingrediënten: Koolzuurhoudend water, vruchtensappen en yuzusmaak.|100 Milliliter
476689|albert_heijn|None|Fernandes Cherry bouquet 4-pack|Fernandes|None|0.25|Liter|Home|Producten|Frisdrank, sappen, water|Tonic, ginger, bitter, crafts en speciaal fris|3.95|3.95|||||None|||3.95 per LT|€||https://www.ah.nl/producten/product/wi476689/cherry-bouquet-4-pack|0|None|Frisdrank met kersensmaak, suiker en zoetstoffen.|Koel serveren|Uit de zon bij gematigde temperatuur in een droge en schone omgeving bewaren.|None|None|E|Non-Organic|None|None|Ingrediënten: Koolzuurhoudend water, suiker, aroma's, zwarte wortelconcentraat, voedingszuur: citroenzuur, conserveermiddel: kaliumsorbaat, zoetstoffen: acesulfaam K, sucralose|100 Milliliter
496801|albert_heijn|None|Rivella Original|Rivella|None|0.25|Liter|Home|Producten|Frisdrank, sappen, water|Tonic, ginger, bitter, crafts en speciaal fris|3.19|3.19|||||None|||3.19 per LT|€||https://www.ah.nl/producten/product/wi496801/original|0|None|Frisdrank met melkserum en zoetstoffen.||Koel en droog bewaren.|None|None|C|Non-Organic|None|None|Ingrediënten: koolzuurhoudend water, MELKserum (26%), voedingszuur (L(+) melkzuur), karamelsuikersiroop, zoetstoffen (cyclaamzuur, acesulfaam-K, sacharine), natuurlijke aroma's.|100 Milliliter
575872|albert_heijn|None|Vitwater Rhubarb strawberry|Vitwater|None|500.0|Milliliter|Home|Producten|Frisdrank, sappen, water|Energy drink, sportdranken|1.19|1.19|||||None|||2.38 per LT|€||https://www.ah.nl/producten/product/wi575872/rhubarb-strawberry|0|None|Koolzuurvrije drank met aardbei-rabarber smaak, met toegevoegde vitaminen en mineralen, met zoetstof. No sugar - 0 kcal. Vitamine C en B12 dragen bij tot de vermindering van vermoeidheid en moeheid. Biotine, Niacine en Zink dragen bij                               tot de instandhouding van normale huid.||Op een droge, koele, reukloze plaats, uit het zonlicht bewaren.|None|None|C|Non-Organic|None|None|Ingrediënten: water, zuurteregelaar: citroenzuur, natuurlijk aroma, zoetstof: sucralose, conserveermiddel: kaliumsorbaat, vitaminen: (Vitamine C, Vitamine E, Niacine, Pantotheenzuur, Foliumzuur, Biotine, Vitamine D, Vitamine B12), mineraal: zink, kleurstof: lycopeen uit tomaat (E150d).|100 Milliliter
195830|albert_heijn|None|Old Jamaica Ginger beer soda|Old Jamaica|None|330.0|Milliliter|Home|Producten|Frisdrank, sappen, water|Tonic, ginger, bitter, crafts en speciaal fris|1.19|1.19|||||None|||3.61 per LT|€||https://www.ah.nl/producten/product/wi195830/ginger-beer-soda|0.5|None|Koolzuurhoudende frisdrank met gemberbiersmaak|Koel serveren.|Op een koele, droge plaats bewaren. Ten minste houdbaar tot: zie bodem blikje.|None|None||Non-Organic|None|None|Ingrediënten: Water, suiker, kooldioxide, voedingszuur (citroenzuur), stabilisatoren (Arabische gom, quillaia-extract), conserveermiddel (natriumbenzoaat), aroma’s (inclusief gemberextract).|100 Milliliter
496969|albert_heijn|None|Royal Club Ginger ale 0% 4-pack|Royal Club|None|0.25|Liter|Home|Producten|Frisdrank, sappen, water|Tonic, ginger, bitter, crafts en speciaal fris|3.39|3.39|||||None|||3.39 per LT|€||https://www.ah.nl/producten/product/wi496969/ginger-ale-0-4-pack|0|None|Frisdrank met plantenextracten, metzoetstoffen. 0% suiker||Koel en droog bewaren.|None|None|C|Non-Organic|None|None|Ingrediënten: koolzuurhoudend water, natuurlijk gember aroma, voedingszuur (citroenzuur), natuurlijk aroma, zuurteregelaar (natriumcitraat), conserveermiddel (kaliumsorbaat), zoetstoffen (sucralose, acesulfaam-K), kleurstof (sulfiet-ammoniakkaramel).|100 Milliliter
568374|albert_heijn|None|Coca-Cola Vanilla zero sugar|Coca-Cola|None|1.5|Liter|Home|Producten|Frisdrank, sappen, water|Cola|2.99|2.99|||||None|||1.99 per LT|€||https://www.ah.nl/producten/product/wi568374/vanilla-zero-sugar|0|None|Frisdrank met plantenextracten en vanillesmaak, met zoetstoffen. Bevat een bron van fenylalanine.||Koel, droog, geurvrij en uit het zonlicht bewaren.|None|None|C|Non-Organic|None|None|Ingrediënten: Sprankelend water; kleurstof: E150d; voedingszuur: E338; zoetstoffen: aspartaam, acesulfaam-K; natuurlijke aroma's; aroma cafeïne; zuurteregelaar: E331.|100 Milliliter
549658|albert_heijn|None|Bullit Sugarfree mango miracle|Bullit|None|250.0|Milliliter|Home|Producten|Frisdrank, sappen, water|Energy drink, sportdranken|0.99|0.99|||||None|||3.96 per LT|€||https://www.ah.nl/producten/product/wi549658/sugarfree-mango-miracle|0|None|Cafeïnehoudende taurinedrank met zoetstoffen en de smaak van mango Sugar Free. Hoog cafeïnegehalte. Niet aanbevolen voor kinderen en vrouwen die zwanger zijn of borstvoeding geven (30 mg/100 ml). Gepasteuriseerd.|||None|None|C|Non-Organic|None|None|ingrediënten: koolzuurhoudend water, voedingszuur (citroenzuur), taurine (0,4%), zuurteregelaar (natriumcitraten), zoetstoffen (sucralose, acesulfaam-k), cafeïne (0,03%), vitaminen (niacine, pantotheenzuur, B6, B12), aroma’s, kleurstoffen (beta-apo-8'-carotenal (c30), karamel), verdikkingsmiddel (xanthaangom), antioxidant (ascorbinezuur).|100 Milliliter
553817|albert_heijn|None|Lipton Zero green ice tea mango|Lipton|None|500.0|Milliliter|Home|Producten|Frisdrank, sappen, water|Ice tea|1.89|1.89|||||None|||3.78 per LT|€||https://www.ah.nl/producten/product/wi553817/zero-green-ice-tea-mango|0|None|Verfrissende drank met groene thee-extract, mangosap en zoetstoffen. 0% Sugar|Lipton Ice Tea bevat thee-extract. Een licht bezinksel is mogelijk.|Na opening gekoeld bewaren en beperkt houdbaar.|None|None|C|Non-Organic|None|None|Ingrediënten: Water, voedingszuren (citroenzuur, appelzuur), groene thee-extract(¹) (0,12%), mangosap van geconcentreerd sap (0,1%), zuurteregelaar (trinatriumcitraat), aroma's, antioxidant (ascorbinezuur), zoetstoffen (sucralose, acesulfaam-k). (¹Rainforest Alliance Certified. More information on ra.org.|100 Milliliter
403042|albert_heijn|None|Schweppes Agrumes zero 6-pack|Schweppes|None|0.33|Liter|Home|Producten|Frisdrank, sappen, water|Sinas, lemon, cassis|6.89|6.89|||||None|||3.48 per LT|€||https://www.ah.nl/producten/product/wi403042/agrumes-zero-6-pack|0|None|Bruisende frisdrank met natuurlijke aroma's van citrusvruchten (sinaasappel, pompelmoes, limoen en mandarijn) met andere natuurlijke aroma's met  zoetstoffen. SCH_FZE005R0100|Uit de zon en op een koele plaats bewaren.  Koel schenken.|Uit de zon en op een koele plaats bewaren.  Koel schenken.|None|None|C|Non-Organic|None|None|Ingrediënten: koolzuurhoudend water, sinaasappelextracten, voedingszuur: citroenzuur, zoetstoffen: acesulfaam K en sucralose, conserveermiddel: kaliumsorbaat, natuurlijke citrusaroma's met andere natuurlijke aroma's, gemodificeerd zetmeel, antioxidant: ascorbinezuur, stabilisator: E445|100 Milliliter
584134|albert_heijn|None|AH Cola zero sugar cherry 6-pack|AH|None|330.0|Milliliter|Home|Producten|Frisdrank, sappen, water|Cola|3.29|3.29|||||None|||1.66 per LT|€||https://www.ah.nl/producten/product/wi584134/cola-zero-sugar-cherry-6-pack|0|None|Suikervrije, koolzuurhoudende frisdrank met cola- en kersensmaak met zoetstoffen||Ten minste houdbaar tot en met: zie onderzijde. Vaak goed na deze datum. Kijk, ruik en proef. Koel en droog bewaren.|None|None|C|Non-Organic|None|None|"Ingrediënten: koolzuurhoudend water, kleurstof (sulfiet-ammoniakkaramel [E150d]), natuurlijke aroma's, voedingszuur (fosforzuur [E338]), zoetstof (acesulfaam-K [E950], sucralose [E955], sacharinen [E954]), zuurteregelaar (natriumcitraten [E331]), cafeïne.
Waarvan toegevoegde suikers 0.00g per 100 milliliter en waarvan toegevoegd zout 0.00g per 100 milliliter"|100 Milliliter
476683|albert_heijn|None|Fentimans Ginger beer|Fentimans|None|250.0|Milliliter|Home|Producten|Frisdrank, sappen, water|Tonic, ginger, bitter, crafts en speciaal fris|1.69|1.69|||||None|||6.76 per LT|€||https://www.ah.nl/producten/product/wi476683/ginger-beer|0|None|Koolzuurhoudende frisdrank met gembersmaak, suiker en natuurlijke zoetstof.|"Upend before pouring
Best served chilled"|Tenmiste houdbaar tot: zie onderkant blikje.|None|None|D|Non-Organic|None|None|Ingrediënten: Koolzuurhoudend water, gefermenteerd gemberwortel extract (water, glucosestroop, gemberwortel, perensap concentraat, gist), suiker, perensap concentraat, natuurlijke smaakstoffen (gember, citroen, paprika), wijnsteenpoeder, zuur (citroenzuur), zoetstof (steviolglycosiden van stevia), kruiden infusie (ereprijs, jeneverbes, duizendblad).|100 Milliliter
568509|albert_heijn|None|Fever-Tree Sparkling ginger beer|Fever-Tree|None|250.0|Milliliter|Home|Producten|Frisdrank, sappen, water|Tonic, ginger, bitter, crafts en speciaal fris|1.69|1.69|||||None|||6.76 per LT|€||https://www.ah.nl/producten/product/wi568509/sparkling-ginger-beer|0|None|Gearomatiseerde koolzuurhoudende frisdrank|"Kan natuurlijke bezinksel bevatten.
Voor het openen voorzichtig omkeren."|Op een koele, droge plaats bewaren.|None|None|E|Non-Organic|None|None|Ingrediënten: Koolzuurhoudend bronwater, suiker, gember (0,2%), natuurlijk gemberaroma met andere natuurlijke aroma's, voedingszuur (wijnsteenzuur), antioxidant (ascorbinezuur).|100 Gram
67881|albert_heijn|None|Red Bull Energy drink 4-pack|Red Bull|None|250.0|Milliliter|Home|Producten|Frisdrank, sappen, water|Energy drink, sportdranken|6.75|5|6.75|5|2025-05-26|2025-06-01|None||voor 5.00|6.75 per LT|€||https://www.ah.nl/producten/product/wi67881/energy-drink-4-pack|0|None|Energy Drink Niet aan bevolen voor kinderen en vrouwen die zwanger zijn of borstvoeding geven (32 mg/100 ml). Gepasteuriseerd. Hoog cafeïnegehalte.|Drink met mate.||None|None|E|Non-Organic|None|None|ingrediënten: koolzuurhoudend water, sacharose, glucose, voedingszuur (citroenzuur), taurine (0,4%), zuurteregelaars (natriumcarbonaten, magnesiumcarbonaten), cafeïne (0,03%), vitaminen (niacine, pantotheenzuur, riboflavine, vitamine b6, vitamine b12) aromas, kleurstof (karamel).|100 Milliliter
480797|albert_heijn|None|AH Sinas regular mini 6-pack|AH|None|150.0|Milliliter|Home|Producten|Frisdrank, sappen, water|Sinas, lemon, cassis|2.19|2.19|||||None|||2.43 per LT|€||https://www.ah.nl/producten/product/wi480797/sinas-regular-mini-6-pack|0.01|None|Koolzuurhoudende frisdrank met 6% sinaasappelsap uit concentraat met suiker en zoetstoffen||Ten minste houdbaar tot en met: zie onderzijde. Vaak goed na deze datum. Kijk, ruik en proef. Koel en droog bewaren.|None|None|E|Non-Organic|None|None|"Ingrediënten: koolzuurhoudend water, sap uit concentraat (sinaasappel, wortel), suiker, voedingszuur (citroenzuur [E330]), natuurlijk aroma, zoetstof (cyclamaten [E952], sucralose [E955], acesulfaam-K [E950]), antioxidant (ascorbinezuur [E300]), conserveermiddel (kaliumsorbaat [E202]), zuurteregelaar (natriumcitraten [E331]), kleurstof (carotenen [E160a]).
Waarvan toegevoegde suikers 5.0g per 100 milliliter en waarvan toegevoegd zout 0.00g per 100 milliliter"|100 Milliliter
476735|albert_heijn|None|Coca-Cola Vanilla 4-pack|Coca-Cola|None|250.0|Milliliter|Home|Producten|Frisdrank, sappen, water|Cola|3.15|3.15||3.15|||None|||3.15 per LT|€||https://www.ah.nl/producten/product/wi476735/vanilla-4-pack|0|None|Frisdrank met plantenextracten en vanille-aroma's.||Koel, droog en geurvrij bewaren.|None|None|E|Non-Organic|None|None|Ingrediënten: Sprankelend water; suiker; kleurstof: E150d; voedingszuur: E338; natuurlijke aroma's; aroma cafeïne.|100 Milliliter
496804|albert_heijn|None|Royal Club Tonic 0% suiker 4-pack|Royal Club|None|0.25|Liter|Home|Producten|Frisdrank, sappen, water|Tonic, ginger, bitter, crafts en speciaal fris|3.39|3.39|||||None|||3.39 per LT|€||https://www.ah.nl/producten/product/wi496804/tonic-0-suiker-4-pack|0|None|Frisdrank met vruchtenextracten, met zoetstoffen, bevat kinine. 0% suiker||Koel en droog bewaren.|None|None|C|Non-Organic|None|None|Ingrediënten: koolzuurhoudend water, voedingszuur (citroenzuur), natuurlijk aroma (waarvan natuurlijke kinine), zoetstoffen (cyclaamzuur, sacharine, acesulfaam-K), conserveermiddel (kaliumsorbaat).|100 Milliliter
575874|albert_heijn|None|Vitwater Lemon lime|Vitwater|None|500.0|Milliliter|Home|Producten|Frisdrank, sappen, water|Energy drink, sportdranken|1.19|1.19|||||None|||2.38 per LT|€||https://www.ah.nl/producten/product/wi575874/lemon-lime|0|None|Koolzuurvrije drank met citroen-limoen  smaak, met toegevoegde vitaminen en mineralen, met zoetstof. No sugar - 0 kcal. Vitamine B12 draagt bij tot de vermindering van vermoeidheid en moeheid. Vitamine D draagt bij tot de instandhouding van normale werking van de spieren. Zink draagt bij tot de normale werking van het immuunsysteem.||Op een droge, koele, reukloze plaats, uit het zonlicht bewaren.|None|None|C|Non-Organic|None|None|Ingrediënten: Water, zuurteregelaar: citroenzuur, natuurlijk aroma, conserveermiddel: kaliumsorbaat, zoetstof: sucralose, vitamines: (Vitamine B12, Biotine, Vitamine D, Vitamine E, Niacine, Pantotheenzuur), mineralen: (magnesium, zink).|100 Milliliter
588192|albert_heijn|None|Powerade Mountain blast zero sugar|Powerade|None|500.0|Milliliter|Home|Producten|Energie voeding, sportvoeding|Sportvoeding|1.75|1.75|||||None|||3.5 per LT|€||https://www.ah.nl/producten/product/wi588192/mountain-blast-zero-sugar|0|None|Drank met vruchtensmaak, met vitamine B6. Met zoetstoffen. Zero Sugar Zero Calories +Vitamin B6 Vitamine B6 draagt bij tot een normale psychologische functie en tot de vermindering van vermoeidheid en moeheid..Het is aanbevolen er een gevarieerde, evenwichtige voeding en een gezonde levensstijl op na te houden.||Koel, droog, geurvrij en uit het zonlicht bewaren. Ten minste houdbaar tot -zie hals/dop.|None|None|C|Non-Organic|None|None|Ingrediënten: Water; voedingszuur: citroenzuur; zuurteregelaars: natriumcitraten, zoetstoffen: sucralose, acesulfaam-K; aroma’s; kleurstof: briljantblauw FCF; vitamine B6.|100 Milliliter
494478|albert_heijn|None|Red Bull Energy drink watermeloen|Red Bull|None|250.0|Milliliter|Home|Producten|Frisdrank, sappen, water|Energy drink, sportdranken|1.69|1.69||1.69|||None|||6.76 per LT|€||https://www.ah.nl/producten/product/wi494478/energy-drink-watermeloen|0|None|Energy Drink met de smaak van watermeloen Niacine en vitamine B6 dragen bij tot de vermindering van vermoeidheid en moeheid en een normaal energieleverend metabolisme. Hoog cafeïnegehalte. Niet aan bevolen voor kinderen en vrouwen die zwanger zijn of borstvoeding geven (32 mg/100 ml). Gepasteuriseerd. Een gevarieerde en evenwichtige voeding en een gezonde levensstijl zijn aanbevolen.|Drink met mate.||None|None|E|Non-Organic|None|None|ingrediënten: koolzuurhoudend water, sacharose, glucose, voedingszuur (citroenzuur), taurine (0,4%), zuurteregelaar (natriumcitraten), cafeïne (0,03%), vitaminen (niacine, panthotheenzuur, riboflavine, vitamine B6, vitamine B12), aroma's, kleurstof (anthocyanen).|100 Milliliter
387485|albert_heijn|None|Shakura Energy drink|Shakura|None|250.0|Milliliter|Home|Producten|Frisdrank, sappen, water|Energy drink, sportdranken|0.89|0.89|||||None|||3.56 per LT|€||https://www.ah.nl/producten/product/wi387485/energy-drink|0|None|Energydrink met toegevoegde vitamines, bevat Taurine. Hoog cafeïnegehalte. Niet aanbevolen voor kinderen en vrouwen die zwanger zijn of borstvoeding geven.||Koel en droog bewaren.|None|None|E|Non-Organic|None|None|Ingrediënten: koolzuurhoudend water, suiker, voedingszuur: citroenzuur, taurine:(0,4%), zuurteregelaar: natriumcitraat, cafeine, glucuronolacton, inositol, stabilisator: E405, kleurstof: E150d, aroma's, vitamines: B2, B3, B5, B6, B12.|100 Milliliter
466975|albert_heijn|None|Fernandes Cherry bouquet|Fernandes|None|1.5|Liter|Home|Producten|Frisdrank, sappen, water|Tonic, ginger, bitter, crafts en speciaal fris|2.99|2.99|||||None|||1.99 per LT|€||https://www.ah.nl/producten/product/wi466975/cherry-bouquet|0|None|FRISDRANK MET KERSENSMAAK, SUIKER EN ZOETSTOFFEN.||"Ten minste houdbaar tot: zie fles of dop.
Uit de zon bij gematigde temperatuur in een droge en schone omgeving bewaren."|None|None|E|Non-Organic|None|None|Ingrediënten: Koolzuurhoudend water, suiker, aroma’s, zwarte wortelconcentraat, voedingszuur: citroenzuur, conserveermiddel: kaliumsorbaat, zoetstoffen: acesulfaam K, sucralose.|100 Milliliter
476565|albert_heijn|None|7up Zero lemon lime cherry|7up|None|1500.0|Milliliter|Home|Producten|Frisdrank, sappen, water|Sinas, lemon, cassis|2.65|2.65||2.65|||None|||1.77 per LT|€||https://www.ah.nl/producten/product/wi476565/zero-lemon-lime-cherry|0|None|Calorie-arme frisdrank met citroen-, limoen- en kerssmaak, met zoetstoffen. Free of sugar. Calorie-arme frisdrank. Bevat een bron van fenylalanine.||Koel, droog en donker bewaren. Na openen beperkt houdbaar.|None|None|C|Non-Organic|None|None|Ingrediënten: koolzuurhoudend water, natuurlijk citroen, limoen en kers aroma met andere natuurlijke aroma's, voedingszuren (citroenzuur, appelzuur), zuurteregelaar (natriumcitraat), zoetstoffen (aspartaam, acesulfaam-K), conserveermiddel (natriumbenzoaat). Bevat een bron van fenylalanine.|100 Milliliter
578725|albert_heijn|None|AH Ice tea green zero 10-pack|AH|None|200.0|Milliliter|Home|Producten|Frisdrank, sappen, water|Ice tea|2.99|2.99|||||None|||1.5 per LT|€||https://www.ah.nl/producten/product/wi578725/ice-tea-green-zero-10-pack|0|None|Koolzuurvrije frisdrank met 0,1% groene thee-extract DIT PRODUCT BEVAT VAN NATURE AANWEZIGE SUIKERS met zoetstof||Ten minste houdbaar tot en met: zie bovenzijde. Vaak goed na deze datum. Kijk, ruik en proef. Koel, donker en droog bewaren.|None|None|C|Non-Organic|None|None|"Ingrediënten: water, groene thee-extract°, zuurteregelaar (citroenzuur [E330], natriumcitraten [E331]), zoetstof (sucralose [E955]), natuurlijk aroma, antioxidant (ascorbinezuur [E300]).
Waarvan toegevoegde suikers 0.00g per 100 milliliter en waarvan toegevoegd zout 0.00g per 100 milliliter
°Rainforest Alliance gecertificeerd. Zie voor meer informatie ra.org"|100 Milliliter
496862|albert_heijn|None|Red Bull Energy drink suikervrij 6-pack voordeel|Red Bull|None|250.0|Milliliter|Home|Producten|Frisdrank, sappen, water|Energy drink, sportdranken|9.89|7.5|9.89|7.5|2025-05-26|2025-06-01|None||VOOR 7.50|6.59 per LT|€||https://www.ah.nl/producten/product/wi496862/energy-drink-suikervrij-6-pack-voordeel|0|None|Energy Drink met zoetstoffen Sugar Free. Niacine en vitamine B6 dragen bij tot de vermindering van vermoeidheid en moeheid en een normaal energieleverend metabolisme. Hoog cafeïnegehalte. Niet aanbevolen voor kinderen en vrouwen die zwanger zijn of borstvoeding geven (32 mg/100 ml). Gepasteuriseerd. Een gevarieerde en evenwichtige voeding en een gezonde levensstijl zijn aanbevolen.|Drink met mate.||None|None|C|Non-Organic|None|None|Ingrediënten: koolzuurhoudend water, voedingszuur (citroenzuur), taurine (0,4%), zuurteregelaars (natriumcarbonaten, magnesiumcarbonaten), cafeïne (0,03%), zoetstoffen (sucralose, acesulfaam-K), vitaminen (niacine, pantotheenzuur, riboflavine, vitamine B6, vitamine B12), aroma's, verdikkingsmiddel (xanthaangom), kleurstof (karamel).|100 Milliliter
553749|albert_heijn|None|Fuze Tea Green ice tea|Fuze Tea|None|330.0|Milliliter|Home|Producten|Frisdrank, sappen, water|Ice tea|24.09|24.09|||||None|||3.04 per LT|€||https://www.ah.nl/producten/product/wi553749/green-ice-tea|0|None|Frisdrank op basis van getrokken groene thee, met citrussmaak, met suiker en zoetstof. Low in calories||Koel, droog, en geurvrij  bewaren.|None|None||Non-Organic|None|None|Ingrediënten: Getrokken groene thee 94% (water, geconcentreerde groene thee infusie⁺); suiker; voedingszuren: citroenzuur, natriumcitraat; citroensap uit concentraat (1%); natuurlijke citrusaroma's met andere natuurlijke aroma's; antioxidant: ascorbinezuur; zoetstof: steviolglycosiden uit Stevia|100 Milliliter
562287|albert_heijn|None|Clipper Chamomile peach orange|Clipper|None|250.0|Milliliter|Home|Producten|Frisdrank, sappen, water|Ice tea|1.59|1.59|||||None|||6.36 per LT|€||https://www.ah.nl/producten/product/wi562287/chamomile-peach-orange|0.2|None|Biologische Drank met Kamille-, Perzik- en Sinaasappelaroma's.|Best gekoeld serveren.|"Koel en droog bewaren. 
Ten minste houdbaar tot: zie onderkant blikje. Na openen beperkt houdbaar."|None|None|C|Organic|None|None|"Ingrediënten: Water, vruchtensap uit concentraat* (appel* (41,5%), witte druif* (2,2%), citroen* (1%)), natuurlijke kamille-, sinaasappel- en perzikaroma's, *Ingrediënt van biologische teelt.
"|100 Milliliter
494870|albert_heijn|None|Lemonaid Lime|Lemonaid|None|330.0|Milliliter|Home|Producten|Frisdrank, sappen, water|Tonic, ginger, bitter, crafts en speciaal fris|1.75|1.75|||||None|||5.3 per LT|€||https://www.ah.nl/producten/product/wi494870/lime||None|Frisdrank van biologisch limoensap.||Tenminste houdbaar tot: zie dop|None|None||Organic|None|None|"Ingrediënten: Water, bio-limoensap (10 %), bio-rietsuiker, koolzuur
"|100 Milliliter
480615|albert_heijn|None|AH Cassis regular 6-pack|AH|None|330.0|Milliliter|Home|Producten|Frisdrank, sappen, water|Sinas, lemon, cassis|2.99|2.99|||||None|||1.51 per LT|€||https://www.ah.nl/producten/product/wi480615/cassis-regular-6-pack|0|None|Koolzuurhoudende frisdrank met 5% zwartebessensap uit concentraat met suiker en zoetstoffen||Ten minste houdbaar tot en met: zie onderzijde. Kijk, ruik en proef na deze datum. Koel, donker en droog bewaren.|None|None|D|Non-Organic|None|None|"Ingrediënten: koolzuurhoudend water, zwartebessensap uit concentraat, suiker, voedingszuur (citroenzuur [E330]), natuurlijk aroma, conserveermiddel (kaliumsorbaat [E202], natriumbenzoaat [E211]), kleurend concentraat (zwarte wortel, hibiscus), zoetstof (sucralose [E955], acesulfaam-K [E950]).
Waarvan toegevoegde suikers 2.4g per 100 milliliter en waarvan toegevoegd zout 0.00g per 100 milliliter"|100 Milliliter
128162|albert_heijn|None|Lipton Ice tea lemon|Lipton|None|1500.0|Milliliter|Home|Producten|Frisdrank, sappen, water|Ice tea|3.69|3.69|||||None|||2.46 per LT|€||https://www.ah.nl/producten/product/wi128162/ice-tea-lemon|0|None|Verfrissende drank met thee-extract en citroensap, gezoet met suiker en zoetstof van natuurlijke oorsprong.|Lipton Ice Tea bevat thee-extract. Een licht bezinksel is mogelijk. Kijk, ruik en proef een beetje na deze datum om de kwaliteit te beoordelen.|Na opening gekoeld rechtopstaand bewaren en beperkt houdbaar. |None|None|C|Non-Organic|None|None|Ingrediënten: Water, invertsuiker, fructose, voedingszuren (appelzuur, citroenzuur), thee-extract(¹) (0,12%), citroensap van geconcentreerd sap (0,1%), zuurteregelaar (trinatriumcitraat), aroma's, antioxidant (ascorbinezuur), zoetstof (steviolglycosiden van Stevia). (¹)Rainforest Alliance Certified. More information on ra.org.|100 Milliliter
384861|albert_heijn|None|Active O2 Lemon|Active O2|None|500.0|Milliliter|Home|Producten|Energie voeding, sportvoeding|Sportvoeding|1.39|1.39|||||None|||2.78 per LT|€||https://www.ah.nl/producten/product/wi384861/lemon|0.5|None|Frisdrank met citroensmaak met suiker en zoetstoffen|||None|None|C|Non-Organic|None|None|Ingrediënten: natuurlijk mineraalwater, fructosestroop, zuurteregelaar: citroenzuur, natuurlijke citrus aroma met andere natuurlijke aroma's, zoetstoffen: cyclamaat, saccharine, acesulfaam-K; zuurstof (0,003%).|100 Milliliter
466977|albert_heijn|None|Fernandes Green punch|Fernandes|None|1.5|Liter|Home|Producten|Frisdrank, sappen, water|Tonic, ginger, bitter, crafts en speciaal fris|2.99|2.99|||||None|||1.99 per LT|€||https://www.ah.nl/producten/product/wi466977/green-punch|0|None|Frisdrank met vruchtensmaak, suiker en zoetstoffen|"Koel serveren.
"|Uit de zon bij gematigde temperatuur in een droge en schone omgeving bewaren.|None|None|E|Non-Organic|None|None|Ingrediënten: Koolzuurhoudend water, suiker, voedingszuur: citroenzuur, aroma’s, conserveermiddel: kaliumsorbaat, antioxidant: ascorbinezuur, zoetstoffen: acesulfaam K, sucralose, kleurstoffen: E142, E160a.|100 Milliliter
518935|albert_heijn|None|Fanta Orange 12-pack|Fanta|None|330.0|Milliliter|Home|Producten|Frisdrank, sappen, water|Sinas, lemon, cassis|9.55|9.55|||||None|||2.41 per LT|€||https://www.ah.nl/producten/product/wi518935/orange-12-pack|0|None|Frisdrank met sinaasappelsap, met suiker en zoetstoffen. Low Calories||Koel, droog en geurvrij bewaren.|None|None|D|Non-Organic|None|None|Ingrediënten: Sprankelend water; sinaasappelsap uit concentraat (5%); suiker; voedingszuren: citroenzuur, appelzuur, natriumcitraten; zoestoffen: natriumcyclamaat, acesulfaam-K, natuurlijke sinaasappelaroma's met andere natuurlijke aroma's; conserveermiddel: kaliumsorbaat; antioxidant: ascorbinezuur; wortelconcentraat; stabilisator: guarpitmeel; kleurstof: carotenen.|100 Milliliter
480791|albert_heijn|None|AH Cola regular mini 6-pack|AH|None|150.0|Milliliter|Home|Producten|Frisdrank, sappen, water|Cola|1.99|1.99|||||None|||2.21 per LT|€||https://www.ah.nl/producten/product/wi480791/cola-regular-mini-6-pack|0|None|Koolzuurhoudende frisdrank met colasmaak met suiker en zoetstof||Ten minste houdbaar tot en met: zie onderzijde. Vaak goed na deze datum. Kijk, ruik en proef. Koel en droog bewaren.|None|None|E|Non-Organic|None|None|"Ingrediënten: koolzuurhoudend water, suiker, kleurstof (sulfiet-ammoniakkaramel [E150d]), voedingszuur (fosforzuur [E338], citroenzuur [E330]), zuurteregelaar (natriumcitraten [E331]), cafeïne, natuurlijk aroma, zoetstof (sucralose [E955]).
Waarvan toegevoegde suikers 6.0g per 100 milliliter en waarvan toegevoegd zout 0.00g per 100 milliliter"|100 Milliliter
454456|albert_heijn|None|Active O2 Iced berry|Active O2|None|500.0|Milliliter|Home|Producten|Energie voeding, sportvoeding|Sportvoeding|1.39|1.39|||||None|||2.78 per LT|€||https://www.ah.nl/producten/product/wi454456/iced-berry|0.5|None|Frisdrank met bessen smaak, met suiker en zoetstoffen|||None|None|C|Non-Organic|None|None|Ingrediënten: natuurlijk mineraalwater, fructosestroop, zuurteregelaar: citroenzuur, zoetstoffen: cyclamaat, saccharine, acesulfaam-K; zeezout, zuurstof (0,003%), natuurlijk aroma.|100 Milliliter
506876|albert_heijn|None|Sourcy Vitaminwater framboos granaatapp 6-pack|Sourcy|None|0.5|Liter|Home|Producten|Frisdrank, sappen, water|Energy drink, sportdranken|10.69|10.69|||||None|||3.56 per LT|€||https://www.ah.nl/producten/product/wi506876/vitaminwater-framboos-granaatapp-6-pack|0|None|Koolzuurvrije drank op basis van bronwater met de smaak van framboos en granaatappel, met toegevoegde vitaminen, hibiscus-extract en zink, met zoetstoffen. 0% suiker. Vitamine B3, B8 en B12 ondersteunen het energieniveau. Zink is een antioxidant en draagt bij aan het behoud van cognitieve functies. Sourcy Vitaminwater is een aanvulling op een gezonde levensstijl. Een gevarieerde, evenwichtige voeding en gezonde leefstijl zijn belangrijk.||Ten minste houdbaar tot einde: zie hals fles.  Koel, droog en donker bewaren. Na openen beperkt houdbaar.|None|None|C|Non-Organic|None|None|Ingrediënten: bronwater, druivensap uit concentraat, voedingszuur (citroenzuur), natuurlijk aroma, zoetstoffen (acesulfaam-K, sucralose), conserveermiddel (kaliumsorbaat), concentraten van zoete aardappel en saffloer, hibiscus-extract (0,01%), thee-extract, zinkgluconaat, niacine (vitamine B3), biotine (vitamine B8), vitamine B12.|100 Milliliter
554742|albert_heijn|None|Pepsi zero cherry 4-pack|Pepsi|None|0.33|Liter|Home|Producten|Frisdrank, sappen, water|Cola|3.29|2.14|3.29|2.14|2025-05-26|2025-06-01|None||35% Op=Op korting|2.49 per LT|€||https://www.ah.nl/producten/product/wi554742/pepsi-zero-cherry-4-pack|0|None|Calorie-arme frisdrank met kers aroma enzoetstoffen. zero sugar. Calorie-arme frisdrank met kers aroma en zoetstoffen. Bevat aspartaam (een bron van fenylalanine).||Koel en droog bewaren.|None|None|C|Non-Organic|None|None|Ingrediënten: koolzuurhoudend water, kleurstof (E150d), zoetstoffen (aspartaam, acesulfaam K), voedingszuren (fosforzuur, citroenzuur), aroma's (waarvan cafeïne, en kers), conserveermiddel (kaliumsorbaat).|100 Milliliter
503266|albert_heijn|None|Pepsi Zero sugar 4-pack|Pepsi|None|0.25|Liter|Home|Producten|Frisdrank, sappen, water|Cola|2.69|2.69|||||None|||2.69 per LT|€||https://www.ah.nl/producten/product/wi503266/zero-sugar-4-pack|0|None|Calorie-arme frisdrank, met zoetstoffen zero sugar. Calorie-arme frisdrank, met zoetstoffen Bevat aspartaam (een bron van fenylalanine).||Koel en droog bewaren.|None|None|C|Non-Organic|None|None|Ingrediënten: koolzuurhoudend water, kleurstof (karamel E150d), zoetstoffen (E950, E951), voedingszuren (E338, E330), zuurteregelaar (E331), aroma’s (o.a. cafeïne).|100 Milliliter
568471|albert_heijn|None|Guaraná Antarctica zero|Guaraná|None|0.33|Liter|Home|Producten|Frisdrank, sappen, water|Sinas, lemon, cassis|1.25|1.25|||||None|||3.79 per LT|€||https://www.ah.nl/producten/product/wi568471/antarctica-zero|0|None|Frisdrank met guarana-extract. Met zoetstoffen. Bevat een bron van fenylalanine|Koel serveren|Bescherm tegen zonlicht en agressieve geuren. Niet invriezen.|None|None|C|Non-Organic|None|None|Ingrediënten: koolzuurhoudend water, voedingszuur: citroenzuur, natuurlijke aroma's, conserveermiddel (E211), guarana-extract (0,017%), kleur (E150d) en zoetstoffen (E951, E950).|100 Milliliter
568484|albert_heijn|None|Cucumis Lavender|Cucumis|None|330.0|Milliliter|Home|Producten|Frisdrank, sappen, water|Tonic, ginger, bitter, crafts en speciaal fris|1.79|1.79|||||None|||5.42 per LT|€||https://www.ah.nl/producten/product/wi568484/lavender|0|None|Erfrischungsgetränk|||None|None|C|Non-Organic|None|None|Natuurlijk mineraalwater, suiker, koolzuur, citroensapconcentraat, natuurlijk lavendel-bergamotaroma, citroenzuur|100 Milliliter
474694|albert_heijn|None|Fuze Tea Green ice tea mango chamomile|Fuze Tea|None|400.0|Milliliter|Home|Producten|Frisdrank, sappen, water|Ice tea|1.39|1.39|||||None|||3.48 per LT|€||https://www.ah.nl/producten/product/wi474694/green-ice-tea-mango-chamomile|0|None|Frisdrank op basis van getrokken groene thee enkamille-extracten, met mangosmaak, met suiker en zoetstof. Laag in caloriën|"

Koel drinken.



"|Koel, droog, geurvrij en uit het zonlicht bewaren.|None|None|D|Non-Organic|None|None|Ingrediënten:Getrokken groene thee 94% (water, geconcentreerde groene thee⁺ infusie); suiker;mangosap uit concentraat (1%); voedingszuren: citroenzuur, natriumcitraat; antioxidant: ascorbinezuur; natuurlijke aroma’s; zoetstof:steviolglycosiden; kamille-extracten.⁺RainforestAlliance Gecertificeerd™​|100 Milliliter
476695|albert_heijn|None|Fernandes Red grape|Fernandes|None|0.25|Liter|Home|Producten|Frisdrank, sappen, water|Tonic, ginger, bitter, crafts en speciaal fris|0.99|0.99|||||None|||3.96 per LT|€||https://www.ah.nl/producten/product/wi476695/red-grape|0|None|Frisdrank met druivensmaak, suiker en zoetstoffen|Koel serveren|"Ten minste houdbaar tot: zie bodem.
Uit de zon bij gematigde temperatuur in een droge en schone omgeving bewaren."|None|None|E|Non-Organic|None|None|Ingrediënten: Koolzuurhoudend water, suiker, zwarte wortelconcentraat, appelextract, aroma’s, voedingszuur: citroenzuur, conserveermiddel: kaliumsorbaat, zoetstoffen: acesulfaam K, sucralose, kleurstof: E133.|100 Milliliter
589020|albert_heijn|None|Fever-Tree Mediterranean tonic water|Fever-Tree|None|250.0|Milliliter|Home|Producten|Frisdrank, sappen, water|Tonic, ginger, bitter, crafts en speciaal fris|1.69|1.69|||||None|||6.76 per LT|€||https://www.ah.nl/producten/product/wi589020/mediterranean-tonic-water|0|None|Gearomatiseerde koolzuurhoudende frisdrank||Op een koele, droge plaats bewaren. Ten minste houdbaar tot einde: zie onderaan blik.|None|None|D|Non-Organic|None|None|Ingrediënten: Koolzuurhoudendbronwater, suiker, voedingszuur (citroenzuur), natuurlike aroma's bevat kinine.|100 Gram
568321|albert_heijn|None|Lipton Ice tea green mango zero|Lipton|None|1500.0|Milliliter|Home|Producten|Frisdrank, sappen, water|Ice tea|3.39|3.39|||||None|||2.26 per LT|€||https://www.ah.nl/producten/product/wi568321/ice-tea-green-mango-zero|0|None|Verfrissende drank met groene thee-extract, mangosap en zoetstoffen.|Lipton Ice Tea bevat thee-extract. Een licht bezinksel is mogelijk. Kijk, ruik en proef een beetje na deze datum om de kwaliteit te beoordelen.|Na opening gekoeld rechtopstaand bewaren en beperkt houdbaar.|None|None|C|Non-Organic|None|None|Ingrediënten: Water, voedingszuren (citroenzuur, appelzuur), groene thee-extract(1) (0,12%), mangosap van geconcentreerd sap (0,1%), zuurteregelaar (trinatriumcitraat), aroma's, antioxidant (ascorbinezuur), zoetstoffen (sucralose, acesulfaam-k). (1)Rainforest Alliance Certified. More information on ra.org.|100 Gram
568462|albert_heijn|None|Fritz Limo orange|Fritz|None|330.0|Milliliter|Home|Producten|Frisdrank, sappen, water|Sinas, lemon, cassis|1.49|1.49|||||None|||4.52 per LT|€||https://www.ah.nl/producten/product/wi568462/limo-orange|0|None|sinas met 17 % vruchtgehalte|||None|None|E|Non-Organic|None|None|Ingrediënten: water, sinaasappelsap* (10,5%), suiker, citroensap* (5%), mandarijnsap* (1,5%), koolzuur, citroen- en sinaasappelextract, natuurlijk sinaasappelaroma, anti-oxidatiemiddel ascorbinezuur, stabilisator johannesbroodpitmeel, kleurstof caroteen, *van vruchtensapconcentraten|100 Milliliter
575849|albert_heijn|None|Sportwater Lemon|Sportwater|None|500.0|Milliliter|Home|Producten|Energie voeding, sportvoeding|Sportvoeding|1.19|1.19|||||None|||2.38 per LT|€||https://www.ah.nl/producten/product/wi575849/lemon|0|None|Hypotone sportdrank met citroensmaak, met toegevoegde elektrolyten en zoetstoffen No sugar, 0 calories||Op een droge, koele, reukloze plaats, uit het zonlicht bewaren.|None|None|C|Non-Organic|None|None|Ingrediënten: Gedemineraliseerd water, minerale zouten: (magnesiumchloride, natriumchloride, kaliumchloride, calciumchloride, kaliumfosfaat), voedingszuur: citroenzuur, zuurteregelaar: natriumcitraat, natuurlijk aroma, conserveermiddel: kaliumsorbaat, zoetstoffen: acesulfaam-k, sucralose.|100 Milliliter
474833|albert_heijn|None|Lipton Sparkling Zero|Lipton|None|500.0|Milliliter|Home|Producten|Frisdrank, sappen, water|Ice tea|1.89|1.89|||||None|||3.78 per LT|€||https://www.ah.nl/producten/product/wi474833/sparkling-zero|0|None|Verfrissende drank met thee-extract en zoetstoffen. 0% Sugar|Lipton Ice Tea bevat thee-extract. Een licht bezinksel is mogelijk.|Na opening gekoeld bewaren en beperkt houdbaar.|None|None|C|Non-Organic|None|None|Ingrediënten: Koolzuurhoudend water, voedingszuren (citroenzuur, appelzuur), thee-extract(¹) (0,24%), zuurteregelaar (trinatriumcitraat), citroensap van geconcentreerd sap (0,1%), natuurlijke aroma's, antioxidant (ascorbinezuur), zoetstoffen (sucralose, acesulfaam-k). (¹)Rainforest Alliance Certified. More information on ra.org.|100 Milliliter
584139|albert_heijn|None|Kult Water kefir passion & hops|Kult|None|33.0|Centiliter|Home|Producten|Frisdrank, sappen, water|Tonic, ginger, bitter, crafts en speciaal fris|1.99|1.99|||||None|||6.03 per LT|€||https://www.ah.nl/producten/product/wi584139/water-kefir-passion-en-hops|0.5|None|Sparkling water kefir passion & hops Low sugar||Ten minste houdbaar tot: zie onderkant|None|None|C|Organic|None|None|Ingrediënten: Waterkefir (gefilterd water, kefir cultuur, suiker* (deels omgezet door fermentatie), citroenconcentraat*), passievruchtsap (2%)*, natuurlijke groene thee extract*, Simcoe hop (0.05%)*, *biologische landbouw.|100 Milliliter
568357|albert_heijn|None|Something & Nothing Cucumber|Something & Nothing|None|330.0|Milliliter|Home|Producten|Frisdrank, sappen, water|Tonic, ginger, bitter, crafts en speciaal fris|1.79|1.79|||||None|||5.42 per LT|€||https://www.ah.nl/producten/product/wi568357/cucumber|0|None|Licht koolzuurhoudende drank op basis van water, vruchtensappen en komkommerextract.||Store in a cool, dry place.|None|None|B|Non-Organic|None|None|Ingrediënten: Koolzuurhoudend water, geconcentreerd druivensap, geconcentreerd citroensap, komkommer-extract (0,2%), natuurlijke Aroma's.|100 Milliliter
476701|albert_heijn|None|Hero Cherry frisdrank zero|Hero|None|1.25|Liter|Home|Producten|Frisdrank, sappen, water|Sinas, lemon, cassis|2.59|2.59|||||None|||2.07 per LT|€||https://www.ah.nl/producten/product/wi476701/cherry-frisdrank-zero|0|None|Koolzuurhoudende frisdrank met het sap van rode kersen. Gezoet met zoetstoffen. 0% added sugar*. *Dit product bevat van nature aanwezige suikers.||Uit de zon en op een koele plaats bewaren. Na openen beperkt houdbaar.|None|None|C|Non-Organic|None|None|Ingrediënten: koolzuurhoudend water, kersensap uit concentraat (5%), gefermenteerd zwarte bessensap, voedingszuur (citroenzuur), kleurend concentraat (wortel, zwarte bes), zoetstoffen (cyclamaten, acesulfaam-K, sacharinen, conserveermiddel (kaliumsorbaat), natuurlijke aroma's.|100 Milliliter
584164|albert_heijn|None|Hip Pop Kombucha strawberry & pineapple|Hip Pop|None|330.0|Milliliter|Home|Producten|Frisdrank, sappen, water|Tonic, ginger, bitter, crafts en speciaal fris|1.99|1.99|||||None|||6.03 per LT|€||https://www.ah.nl/producten/product/wi584164/kombucha-strawberry-en-pineapple|0.1|None|Hip Pop Kombucha|||None|None|C|Non-Organic|None|None|Water, rietsuiker, groene thee, zwarte thee, kombucha cultuur, aardbei- en ananassappen uit concentraat, natuurlijke smaakstoffen, levende culturen (Bacillus coagulans)|100 Milliliter
496903|albert_heijn|None|Fernandes Green punch 4-pack|Fernandes|None|0.25|Liter|Home|Producten|Frisdrank, sappen, water|Tonic, ginger, bitter, crafts en speciaal fris|3.95|3.95|||||None|||3.95 per LT|€||https://www.ah.nl/producten/product/wi496903/green-punch-4-pack|0|None|Frisdrank met vruchtensmaak, suiker en zoetstoffen|Koel serveren|Uit de zon bij gematigde temperatuur in een droge en schone omgeving bewaren.|None|None|E|Non-Organic|None|None|Ingrediënten: Koolzuurhoudend water, suiker, voedingszuur: citroenzuur, aroma’s, conserveermiddel: kaliumsorbaat, antioxidant: ascorbinezuur, zoetstoffen: acesulfaam K, sucralose, kleurstoffen: E142, E160a.|100 Milliliter
549745|albert_heijn|None|Red Bull Energy drink abrikoos-aardbei|Red Bull|None|250.0|Milliliter|Home|Producten|Frisdrank, sappen, water|Energy drink, sportdranken|1.69|1.69||1.69|||None|||6.76 per LT|€||https://www.ah.nl/producten/product/wi549745/energy-drink-abrikoos-aardbei|0|None|Energy Drink met de smaak van abrikoos-aardbei Niacine en vitamine B6 dragen bij tot de vermindering van vermoeidheid en moeheid en een normaal energieleverend metabolisme. Hoog cafeïnegehalte. Niet aan bevolen voor kinderen en vrouwen die zwanger zijn of borstvoeding geven (32 mg/100 ml). Gepasteuriseerd. Een gevarieerde en evenwichtige voeding en een gezonde levensstijl zijn aanbevolen.|Drink met mate.||None|None|E|Non-Organic|None|None|ingrediënten: koolzuurhoudend water, sacharose, glucose, voedingszuur (citroenzuur), taurine (0,4%), zuurteregelaar (natriumcitraten), cafeïne (0,03%), vitaminen (niacine, panthotheenzuur, riboflavine, vitamine B6, vitamine B12), aroma's, kleurstof (anthocyanen).|100 Milliliter
588064|albert_heijn|None|Red Bull Green edition sugarfree curuba|Red Bull|None|250.0|Milliliter|Home|Producten|Frisdrank, sappen, water|Energy drink, sportdranken|1.69|1.69||1.69|||None|||6.76 per LT|€||https://www.ah.nl/producten/product/wi588064/green-edition-sugarfree-curuba|0|None|Energy Drink met zoetstoffen en de smaak van curuba en vlierbloesem Sugar Free. Niacine en vitamine B6 dragen bij tot de vermindering van vermoeidheid en moeheid en een normaal energieleverend metabolisme. Hoog cafeïnegehalte. Niet aanbevolen voor kinderen en vrouwen die zwanger zijn of borstvoeding geven (32 mg/100 ml). Gepasteuriseerd. Een gevarieerde en evenwichtige voeding en een gezonde levensstijl zijn aanbevolen.|Drink met mate.||None|None|C|Non-Organic|None|None|Ingrediënten: koolzuurhoudend water, voedingszuur (citroenzuur), taurine (0,4%), zuurteregelaars (natriumcarbonaten), cafeïne (0,03%), zoetstoffen (sucralose, acesulfaam-K), vitaminen (niacine, pantotheenzuur, riboflavine, vitamine B6, vitamine B12), aroma's, verdikkingsmiddel (xanthaangom), kleurstof (karamel).|100 Milliliter
196194|albert_heijn|None|Red Bull Energy drink bosbes|Red Bull|None|250.0|Milliliter|Home|Producten|Frisdrank, sappen, water|Energy drink, sportdranken|1.69|1.69||1.69|||None|||6.76 per LT|€||https://www.ah.nl/producten/product/wi196194/energy-drink-bosbes|0|None|Energy Drink met de smaak van bosbes Niacine en Vitamine B6 dragen bij tot de vermindering van vermoeidheid en moeheid en een normaal energieleverend metabolisme. Een gevarieerde en evenwichtige voeding en een gezonde levensstijl zijn aanbevolen. Hoog cafeïnegehalte. Niet aanbevolen voor kinderen en vrouwen die zwanger zijn of borstvoeding geven (32 mg/100 ml). Gepasteuriseerd.|Drink met mate.||None|None|E|Non-Organic|None|None|Ingrediënten: koolzuurhoudend water, sacharose, glucose, voedingszuur (citroenzuur), taurine (0,4%), zuurteregelaars (natriumcarbonaten, magnesiumcarbonaten), cafeïne (0,03%), vitaminen (niacine, panthotheenzuur, vitamine B6, vitamine B12), aroma's, kleurstoffen (anthocyanen, briljantblauw FCF).|100 Milliliter
568350|albert_heijn|None|Vitamin Well Protect|Vitamin Well|None|500.0|Milliliter|Home|Producten|Frisdrank, sappen, water|Energy drink, sportdranken|1.99|1.99|||||None|||3.98 per LT|€||https://www.ah.nl/producten/product/wi568350/protect|0|None|niet-koolzuurhoudende, met vitamines en mineralen verrijkte caloriearme drank zonder conserveermiddelen. met vitamines en mineralen verrijkte caloriearme drank Protect bevat Vitamine E en Selenium, wat bijdraagt aan de bescherming van cellen tegen oxidatieve stress. Foliumzuur, selenium, vitamine D en B12 dragen bij aan de normale werking van het immuunsysteem.|Gekoeld serveren.|Na opening dezelfde dag consumeren. Kan bij kamertemperatuur bewaard worden, buiten direct zonlicht bewaren.|None|None|C|Non-Organic|None|None|Ingrediënten water, vruchtensuiker, zuurteregelaars (citroenzuur, calciumcarbonaat), vitaminen (D3, E, niacine, foliumzuur, B12, biotine, pantotheenzuur), mineralen (magnesium, zink, Seleen), aroma’s, kleurstof (karamel).|100 Milliliter
239494|albert_heijn|None|Lipton Ice tea green|Lipton|None|200.0|Milliliter|Home|Producten|Frisdrank, sappen, water|Ice tea|3.99|3.99|||||None|||3.33 per LT|€||https://www.ah.nl/producten/product/wi239494/ice-tea-green|0|None|Verfrissende drank met groene thee-extract, gezoet met suiker en zoetstof van natuurlijke oorsprong.|IJskoud serveren. Lipton Ice Tea bevat thee-extract. Een licht bezinksel is mogelijk.|Ten minste houdbaar tot einde: zie boven.|None|None|C|Non-Organic|None|None|Ingrediënten: Water, fructose, suiker, voedingszuren (citroenzuur, appelzuur), groene thee-extract(1) (0,12%), zuurteregelaar (trinatriumcitraat), antioxidant (ascorbinezuur), natuurlijk aroma, zoetstof (steviolglycosiden van Stevia). (1)Rainforest Alliance gecertificeerd. More information on ra.org.|100 Milliliter
543887|albert_heijn|None|Soof Sparkling lemon, mint & apple|Soof|None|250.0|Milliliter|Home|Producten|Frisdrank, sappen, water|Sinas, lemon, cassis|1.59|1.59|||||None|||6.36 per LT|€||https://www.ah.nl/producten/product/wi543887/sparkling-lemon-mint-en-apple|0|None|Natuurlijke frisdrank van appel, citroen, munt en bruiswater|||None|None|C|Non-Organic|None|None|Ingrediënten: 63,4% fruitsappen uit concentraat (60,8% appel, 2,6% citroen), bruiswater, muntextract 0,01%|100 Milliliter
370022|albert_heijn|None|Fever-Tree Elderflower tonic water|Fever-Tree|None|500.0|Milliliter|Home|Producten|Frisdrank, sappen, water|Tonic, ginger, bitter, crafts en speciaal fris|3.49|3.49|||||None|||6.98 per LT|€||https://www.ah.nl/producten/product/wi370022/elderflower-tonic-water|0|None|Natuurlijke frisdrank met vruchtenextract, bevat kinine|Voorzichtig, weg van het gezicht openen.|Na opening bewaren in de koelkast en consumeren binnen de 3 dagen. Uit de zon bewaren.|None|None|D|Non-Organic|None|None|Ingrediënten: Bronwater, rietsuiker, vers vlierbloesem-extract, voedingszuur: citroenzuur, natuurlijke aroma's, waaronder natuurlijke kinine.|100 Milliliter
549659|albert_heijn|None|Bullit Sugarfree crazy passion|Bullit|None|250.0|Milliliter|Home|Producten|Frisdrank, sappen, water|Energy drink, sportdranken|0.99|0.99|||||None|||3.96 per LT|€||https://www.ah.nl/producten/product/wi549659/sugarfree-crazy-passion|0|None|Cafeïne houdende taurine drank met zoetstoffen en de smaak van passievrucht Sugar Free. Hoog cafeïnegehalte. Niet aanbevolen voor kinderen en vrouwen die zwanger zijn of borstvoeding geven (30 mg/100 ml). Gepasteuriseerd.|||None|None|C|Non-Organic|None|None|ingrediënten: koolzuurhoudend water, voedingszuur (citroenzuur), taurine (0,4%), zuurteregelaar (natriumcitraten), zoetstoffen (sucralose, acesulfaam-k), cafeïne (0,03%), vitaminen (niacine, pantotheenzuur, B6, B12), aroma’s, kleurstoffen (beta-apo-8'-carotenal (c30), karamel), verdikkingsmiddel (xanthaangom), antioxidant (ascorbinezuur).|100 Milliliter
584137|albert_heijn|None|Rivella Perzik licht sprankelend|Rivella|None|1.5|Liter|Home|Producten|Frisdrank, sappen, water|Tonic, ginger, bitter, crafts en speciaal fris|2.99|2.99||2.99|||None|||1.99 per LT|€||https://www.ah.nl/producten/product/wi584137/perzik-licht-sprankelend|0|None|Frisdrank met melkserum en zoetstoffen, met perziksmaak.|Gekoeld het lekkerst.|Koel, droog en donker bewaren. Na openen beperkt houdbaar.|None|None|C|Non-Organic|None|None|Ingrediënten: koolzuurhoudend water, MELKserum (26%), voedingszuur (L(+) melkzuur), karamel, natuurlijke aroma's, zoetstoffen (cyclaamzuur, acesulfaam-K, sacharine), conserveermiddelen (kaliumsorbaat, natriumbenzoaat).|100 Milliliter
369320|albert_heijn|None|Mogu Mogu Lychee|Mogu Mogu|None|320.0|Milliliter|Home|Producten|Frisdrank, sappen, water|Tonic, ginger, bitter, crafts en speciaal fris|1.69|1.69|||||None|||5.28 per LT|€||https://www.ah.nl/producten/product/wi369320/lychee|0|None|Limonade met nata de coco|Schudden voor gebruik.|Op een droge, koele, reukloze plaats, uit het zonlicht bewaren.|None|None|E|Non-Organic|None|None|Ingrediënten: water, 25% nata de coco (kokoswater, suiker, E260, azijnzuur), fructose, suiker, voedingszuur: citroenzuur, calcium lactate), aroma, conserveermiddel: (E211), geleermiddel: gellangom, kleurstof: (E129) kan de activiteit of oplettendheid van kinderen nadelig beïnvloeden. E = door de E.G. goedgekeurde hulpstof|100 Milliliter
584130|albert_heijn|None|Rivella Citroen licht sprankelend|Rivella|None|1.5|Liter|Home|Producten|Frisdrank, sappen, water|Tonic, ginger, bitter, crafts en speciaal fris|2.99|2.99||2.99|||None|||1.99 per LT|€||https://www.ah.nl/producten/product/wi584130/citroen-licht-sprankelend|0|None|Frisdrank met melkserum en zoetstoffen, met citroensmaak.|Gekoeld het lekkerst.|Koel, droog en donker bewaren. Na openen beperkt houdbaar.|None|None|C|Non-Organic|None|None|Ingrediënten: koolzuurhoudend water, MELKserum (26%), voedingszuur (L(+) melkzuur), karamel, natuurlijke aroma's, zoetstoffen (cyclaamzuur, acesulfaam-K, sacharine), conserveermiddelen (kaliumsorbaat, natriumbenzoaat).|100 Milliliter
183174|albert_heijn|None|Pepsi Zero sugar cola 24-pack|Pepsi|None|0.33|Liter|Home|Producten|Frisdrank, sappen, water|Cola|15.95|15.95|||||None|||2.01 per LT|€||https://www.ah.nl/producten/product/wi183174/zero-sugar-cola-24-pack|0|None|Calorie-arme frisdrank met zoetstoffen Zero sugar. Calorie-arme frisdrank met zoetstoffen Bevat aspartaam (een bron van fenylalanine).||Koel en droog bewaren.|None|None|C|Non-Organic|None|None|Ingrediënten: koolzuurhoudend water, kleurstof (karamel E150d), zoetstoffen (E950, E951), voedingszuren (E338, E330), zuurteregelaar (E331), aroma's (o.a. cafeïne)|100 Milliliter
584165|albert_heijn|None|Hip Pop Kombucha blueberry & ginger|Hip Pop|None|330.0|Milliliter|Home|Producten|Frisdrank, sappen, water|Tonic, ginger, bitter, crafts en speciaal fris|1.99|1.99|||||None|||6.03 per LT|€||https://www.ah.nl/producten/product/wi584165/kombucha-blueberry-en-ginger|0.2|None|Hip Pop Kombucha|||None|None|C|Non-Organic|None|None|Water, rietsuiker, groene thee, zwarte thee, kombucha cultuur, bosbessensap uit concentraat, gembersap, citroensap, natuurlijke smaakstoffen, levende culturen (Bacillus coagulans)|100 Milliliter
588999|albert_heijn|None|Lipton Ice tea green citrus sparkling 4-pack|Lipton|None|250.0|Milliliter|Home|Producten|Frisdrank, sappen, water|Ice tea|3.59|3.59|||||None|||3.59 per LT|€||https://www.ah.nl/producten/product/wi588999/ice-tea-green-citrus-sparkling-4-pack|0|None|Verfrissende drank met groene thee-extract en sinaasappelsap, met zoetstoffen.|IJskoud serveren. Lipton Ice Tea bevat thee-extract. Een licht bezinksel is mogelijk.||None|None|C|Non-Organic|None|None|Ingrediënten: koolzuurhoudend water, voedingszuren (citroenzuur, appelzuur), groene thee-extract(1) (0,12%), sinaasappelsap van geconcentreerd sap (0,1%), zuurteregelaar (trinatriumcitraat), aroma's, antioxidant (ascorbinezuur), zoetstoffen (acesulfaam-k, sucralose, steviolglycosiden van Stevia). (1)Rainforest Alliance Certified. More information on ra.org.|100 Gram
583164|albert_heijn|None|Vitamin Well Antioxidant perzik|Vitamin Well|None|500.0|Milliliter|Home|Producten|Frisdrank, sappen, water|Energy drink, sportdranken|1.99|1.99|||||None|||3.98 per LT|€||https://www.ah.nl/producten/product/wi583164/antioxidant-perzik|0|None|niet-koolzuurhoudende, met vitamines en mineralen verrijkte caloriearme drank zonder conserveermiddelen. met vitamines en mineralen verrijkte caloriearme drank Antioxidant bevat de antioxidanten vitamines C en E, plus de mineralen seleen, mangaan en zink. Deze dragen allemaal bij aan de bescherming van cellen tegen oxidatieve schade. Vitamine C en zink dragen bij aan een normale functie van het immuunsysteem.|Gekoeld serveren.|Na opening dezelfde dag consumeren. Kan bij kamertemperatuur bewaard worden, buiten direct zonlicht bewaren.|None|None|C|Non-Organic|None|None|Ingrediënten water, vruchtensuiker, zuurteregelaars (citroen zuur, natriumcitraten, calciumcarbonaat), groene thee-extract*, vlier besextract, druivenschilextract, granaatappelextract, vitaminen (E, C), mineralen (zink, mangaan, seleen), aroma’s. *Er kunnen kleine deeltjes van het groene thee extract zichtbaar zijn in de drank.|100 Milliliter
558275|albert_heijn|None|innocent Super smoothie exotic defence|innocent|None|300.0|Milliliter|Home|Producten|Frisdrank, sappen, water|Tonic, ginger, bitter, crafts en speciaal fris|2.79|2.79||2.79|||None|||9.3 per LT|€||https://www.ah.nl/producten/product/wi558275/super-smoothie-exotic-defence|0.01|None|smoothie|||None|None|C|Non-Organic|None|None|1 ½ geperste appels (67%), ½ geplette banaan, een beetje appelwater, 1 geperste lychee (6,6%), wat geplette drakenvruchtpuree (3,2%), een scheutje limoensap, een scheutje citroensap, een scheutje rode biet- en wortelextract, wat vitamines (B6, B12, C, niacine, panthothenezuur, biotine, foliumzuur)|100 Milliliter
568465|albert_heijn|None|Wostok Dadel-granaatappel|Wostok|None|330.0|Milliliter|Home|Producten|Frisdrank, sappen, water|Tonic, ginger, bitter, crafts en speciaal fris|1.79|1.79|||||None|||5.42 per LT|€||https://www.ah.nl/producten/product/wi568465/dadel-granaatappel|0|None|Koolzuurhoudende frisdrank met 18% sap|Bezinksel komt van nature voo||None|None|E|Non-Organic|None|None|Ingrediënten: water met toegevoegd koolzuurgas, appelsap* (15%), suiker, voedingszuur: citroenzuur, granaatappelsap* (1,5%), dadelsap* (1%), aroniasap* (0,5%), natuurlijke aroma's, witte thee-extract, anijsextract, venkelextract.|100 Milliliter
518870|albert_heijn|None|S. Pellegrino Limonata 6-pack|S. Pellegrino|None|33.0|Centiliter|Home|Producten|Frisdrank, sappen, water|Tonic, ginger, bitter, crafts en speciaal fris|7.99|7.99|||||None|||4.04 per LT|€||https://www.ah.nl/producten/product/wi518870/limonata-6-pack|0|None|BRUISENDE DRANK MET CITROENSAP UIT CONCENTRAAT (11 %)||Ten minste houdbaar tot einde : zie onderkant blik. Bewaar op een nette, koele, droge en reukloze plaats, beschermd tegen hitte en vorst.|None|None|E|Non-Organic|None|None|Ingrediënten: water. citroensap uit concentraat (11 %). suiker. citroensap (5 %). koolzuurgas. natuurlijk citroenaroma.|100 Milliliter
568479|albert_heijn|None|Something & Nothing Hibiscus & rose|Something & Nothing|None|330.0|Milliliter|Home|Producten|Frisdrank, sappen, water|Tonic, ginger, bitter, crafts en speciaal fris|1.79|1.79|||||None|||5.42 per LT|€||https://www.ah.nl/producten/product/wi568479/hibiscus-en-rose|0|None|Licht koolzuurhoudende drank op basis van water, vruchtensappen roos-en hibiscus-extract||Store in a cool, dry place.|None|None|C|Non-Organic|None|None|Ingrediënten: Koolzuurhoudend water, geconentreerd druivensap, geconcentreerd citroensap, roos-extract (0,2%), hibiscus-extract (0,2%), natuurlijke aroma's.|100 Milliliter
530954|albert_heijn|None|ChariTea Red|ChariTea|None|330.0|Milliliter|Home|Producten|Frisdrank, sappen, water|Ice tea|1.75|1.75|||||None|||5.3 per LT|€||https://www.ah.nl/producten/product/wi530954/red|0|None|Ijsthee van biologische rooibos en passievruchtsap.||Tenminste houdbaar tot: zie dop|None|None|C|Organic|None|None|"Ingrediënten: Infusie van biologische rooibos (water, rooibos) (91%), bio-passievruchtsap (5%), bio-agavediksap, bio-vlierbessensap
"|100 Milliliter
415304|albert_heijn|None|Arizona Original green tea with honey|Arizona|None|330.0|Milliliter|Home|Producten|Frisdrank, sappen, water|Ice tea|0.85|0.85|||||None|||2.58 per LT|€||https://www.ah.nl/producten/product/wi415304/original-green-tea-with-honey|0|None|Groene thee met honing, met suiker en zoetstof|Shake well|Ongeopend ten minste houdbaar tot einde: zie bodem|None|None|D|Non-Organic|None|None|Ingrediënten: Water, suiker, fructose, 2% perensap uit concentraat, honing (0,43%), groene thee-extract (0,12%), antioxidant : ascorbinezuur, voedingszuur: citroenzuur, natuurlijk aroma, zoetstof Steviolglycosiden.|100 Milliliter
196061|albert_heijn|None|Rivella 4-pack|Rivella|None|1.5|Liter|Home|Producten|Frisdrank, sappen, water|Tonic, ginger, bitter, crafts en speciaal fris|11.95|8|11.95|8|2025-05-26|2025-06-01|None||VOOR 8.00|1.99 per LT|€||https://www.ah.nl/producten/product/wi196061/rivella-4-pack|0|None|Frisdrank met melkserum en zoetstoffen.||Koel, droog en donker bewaren. Na openen beperkt houdbaar.|None|None|C|Non-Organic|None|None|Ingrediënten: koolzuurhoudend water, MELKserum (26%), voedingszuur (L(+) melkzuur), karamelsuikersiroop, zoetstoffen (cyclaamzuur, acesulfaam-K, sacharine), conserveermiddelen (kaliumsorbaat, natriumbenzoaat), natuurlijke aromas.|100 Milliliter
466976|albert_heijn|None|Fernandes Super pineapple|Fernandes|None|1.5|Liter|Home|Producten|Frisdrank, sappen, water|Tonic, ginger, bitter, crafts en speciaal fris|2.99|2.99|||||None|||1.99 per LT|€||https://www.ah.nl/producten/product/wi466976/super-pineapple|0|None|FRISDRANK MET ANANASSMAAK.||"Ten minste houdbaar tot: zie fles of dop.
Uit de zon bij gematigde temperatuur in een droge en schone omgeving bewaren."|None|None|E|Non-Organic|None|None|Ingrediënten: Koolzuurhoudend Water, Suiker, Voedingszuur (E330) Aroma, Stabilisatoren (E1450, E445, E444), Conserveermiddel (E202), Antioxidant (E300), Zoetstoffen (E950, E955), Kleurstof (E160a).|100 Milliliter
568510|albert_heijn|None|Fever-Tree Sparkling pink grapefruit|Fever-Tree|None|250.0|Milliliter|Home|Producten|Frisdrank, sappen, water|Tonic, ginger, bitter, crafts en speciaal fris|1.69|1.69|||||None|||6.76 per LT|€||https://www.ah.nl/producten/product/wi568510/sparkling-pink-grapefruit|0|None|Gearomatiseerde koolzuurhoudende frisdrank|"Kan natuurlijke bezinksel bevatten.
Voor het openen voorzichtig omkeren."|Op een koele, droge plaats bewaren.|None|None|C|Non-Organic|None|None|Ingrediënten: Koolzuurhoudend bronwater, rode pompelmoes uit concentraat (6%), suiker, roze pompelmoessap, voedingszuur (citroenzuur), natuurlijk pompelmoesaroma met andere natuurlijke aroma's, natuurlijke aroma's, natriumwaterstofcarbonaat, antioxidant (ascorbinezuur), concentraten (wortel, zwarte bes).|100 Gram
112749|albert_heijn|None|Red Bull Energy drink suikervrij 4-pack|Red Bull|None|250.0|Milliliter|Home|Producten|Frisdrank, sappen, water|Energy drink, sportdranken|6.75|5|6.75|5|2025-05-26|2025-06-01|None||voor 5.00|6.75 per LT|€||https://www.ah.nl/producten/product/wi112749/energy-drink-suikervrij-4-pack|0|None|Energy Drink met zoetstoffen Sugar Free. Niacine en vitamine B6 dragen bij tot de vermindering van vermoeidheid en moeheid en een normaal energieleverend metabolisme. Hoog cafeïnegehalte. Niet aanbevolen voor kinderen en vrouwen die zwanger zijn of borstvoeding geven (32 mg/100 ml). Gepasteuriseerd. Een gevarieerde en evenwichtige voeding en een gezonde levensstijl zijn aanbevolen.|Drink met mate.||None|None|C|Non-Organic|None|None|Ingrediënten: koolzuurhoudend water, voedingszuur (citroenzuur), taurine (0,4%), zuurteregelaars (natriumcarbonaten, magnesiumcarbonaten), cafeïne (0,03%), zoetstoffen (sucralose, acesulfaam-K), vitaminen (niacine, pantotheenzuur, riboflavine, vitamine B6, vitamine B12), aroma's, verdikkingsmiddel (xanthaangom), kleurstof (karamel).|100 Milliliter
568446|albert_heijn|None|Clipper Mint lemon lime|Clipper|None|250.0|Milliliter|Home|Producten|Frisdrank, sappen, water|Ice tea|1.59|1.59|||||None|||6.36 per LT|€||https://www.ah.nl/producten/product/wi568446/mint-lemon-lime|0.2|None|Biologische drank met citroen-, limoen- en muntaroma's|Best gekoeld serveren.|Koel en droog bewaren. Na openen beperkt houdbaar.|None|None|C|Organic|None|None|Ingrediënten: water, vruchtensap uit concentraat* (appel* (45,7%), witte druif* (2,2%), citroen* (2%)), natuurlijke citroen-, limoen- en muntaroma's. *Ingrediënt van biologische teelt.|100 Milliliter
589014|albert_heijn|None|Fanta Tutti frutti zero sugar limited edition|Fanta|None|1.5|Liter|Home|Producten|Frisdrank, sappen, water|Sinas, lemon, cassis|2.85|2.85|||||None|||1.9 per LT|€||https://www.ah.nl/producten/product/wi589014/tutti-frutti-zero-sugar-limited-edition|0|None|Frisdrank met tutti frutti smaak, met zoetstoffen. Zero Sugar||Koel droog, en uit rechtstreeks zonlicht bewaren. Ten minste houdbaar tot: zie hals/dop|None|None|C|Non-Organic|None|None|Ingrediënten: Sprankelend water; voedingszuren; appelzuur; citroenzuur; natuurlijke aroma's; kleustorf: luteine; zoetstoffen: sucralose;acesulfaam-K: conserveermiddel: kaliumsorbaat: antioxidant:ascorbinezuur.|100 Milliliter
568512|albert_heijn|None|Nix & Kix Sparkling watermelon hibiscus|Nix & Kix|None|250.0|Milliliter|Home|Producten|Frisdrank, sappen, water|Tonic, ginger, bitter, crafts en speciaal fris|1.59|1.59|||||None|||6.36 per LT|€||https://www.ah.nl/producten/product/wi568512/sparkling-watermelon-hibiscus|0.1|None|Licht sprankelende natuurlijke watermeloen en hibiscus drank met een vleugje cayenne.||Ten minste houdbaar tot: zie onderzijde blik.|None|None|C|Non-Organic|None|None|"Ingrediënten: Koolzuurhoudend water, vruchtensappen uit concentraat 45% (appel, watermeloen 3%), hibiscus & andere natuurlijke aroma's, paarse wortel extract, zuur (citroenzuur), chili-extract
"|100 Milliliter
589010|albert_heijn|None|Fuze Tea Black tea peach elderflower no sugar|Fuze Tea|None|1.25|Liter|Home|Producten|Frisdrank, sappen, water|Ice tea|2.69|2.69|||||None|||2.15 per LT|€||https://www.ah.nl/producten/product/wi589010/black-tea-peach-elderflower-no-sugar|0|None|Frisdrank op basis van getrokken zwarte thee en vlierbloesemextract, met perzik- en vlierbloesemsmaak, met zoetstoffen. No Sugar||Koel, droog en uit rechtstreeks zonlicht bewaren. Na openen, in de koelkast bewaren en binnen 2 dagen consumeren. Ten minste houdbaar tot: zie hals/dop.|None|None|C|Non-Organic|None|None|Ingrediënten: Getrokken zwarte thee 98.5% (water, geconcentreerde zwarte thee infusie+); perziksap uit concentraat(1%);voedingszuren: citroenzuur, appelzuur: zuurteregelaars: natriumcitraten, natriumgluconaat; natuurlijke perzik- en vlierbloesemaroma's met andere natuurlijke aroma's, antioxidant,ascorbinezuur; zoetstoffen; sucralose, stevioglycosiden uit stevia vlierbloesemextract. Rainforest alliance certified. Find out more at ra.org|100 Milliliter
568347|albert_heijn|None|Powerade Mountain blast|Powerade|None|500.0|Milliliter|Home|Producten|Energie voeding, sportvoeding|Sportvoeding|1.75|1.75|||||None|||3.5 per LT|€||https://www.ah.nl/producten/product/wi568347/mountain-blast|0|None|Isotone sportdrank met vruchtensmaak, met suikers en zoetstoffen, met vitamine B6. Low calorie Bevat een bron van fenylalanine.||Koel, droog, geurvrij en uit het zonlicht bewaren.|None|None|D|Non-Organic|None|None|Ingrediënten: Water; glucose; voedingszuur: citroenzuur; zuurteregelaars: natriumcitraten, kaliumcitraat; fructose; stabilisatoren: arabische gom, glycerolesters van houthars; zoetstoffen: aspartaam, acesulfaam-K; aroma’s; kleurstof: briljantblauw FCF; vitamine B6.|100 Milliliter
568365|albert_heijn|None|Coca-Cola Vanilla|Coca-Cola|None|1.5|Liter|Home|Producten|Frisdrank, sappen, water|Cola|2.99|2.99|||||None|||1.99 per LT|€||https://www.ah.nl/producten/product/wi568365/vanilla|0|None|Frisdrank met plantenextracten en vanillesmaak.||Koel, droog, geurvrij en uit het zonlicht bewaren.|None|None|E|Non-Organic|None|None|Ingrediënten: Sprankelend water; suiker; kleurstof: E150d; voedingszuur: E338; natuurlijke aroma's; aroma cafeïne.|100 Milliliter
576716|albert_heijn|None|AH Energy gel bosvruchten|AH|None|40.0|Gram|Home|Producten|Energie voeding, sportvoeding|Sportvoeding|1.39|1.39|||||None|||34.75 per KG|€||https://www.ah.nl/producten/product/wi576716/energy-gel-bosvruchten|0|None|Energiegel met toegevoegd vitamine B12 [verpakking + omdoos] Met vitamine B12* *Vitamine B12 activeert de natuurlijke energie in je lichaam Een gevarieerde, evenwichtige voeding en een gezonde levensstijl zijn belangrijk. Één portie per dag voor het gewenste effect.||Ten minste houdbaar tot einde: zie achterzijde. Vaak goed na deze datum. Kijk, ruik en proef. Koel en droog bewaren.|None|None||Non-Organic|None|None|"Ingrediënten: glucosestroop, water, maltodextrine, aroma, zuurteregelaar (citroenzuur [E330]), conserveermiddel (kaliumsorbaat [E202]), zout, vitamine B12.
Waarvan toegevoegde suikers 38g per 100 gram en waarvan toegevoegd zout 0.15g per 100 gram"|100 Gram
476727|albert_heijn|None|Fever-Tree Mediter tonic light|Fever-Tree|None|500.0|Milliliter|Home|Producten|Frisdrank, sappen, water|Tonic, ginger, bitter, crafts en speciaal fris|3.49|3.49|||||None|||6.98 per LT|€||https://www.ah.nl/producten/product/wi476727/mediter-tonic-light|0|None|Mediterrane tonic water Low in calories|Contents under pressure. Open and handle with care.|Do not store in direct sunlight. Keep refrigerated after opening and consume within three days.|None|None|C|Non-Organic|None|None|Ingrediënten: Carbonated Spring Water, Fructose (fruit sugar), Acid: Citric Acid, Natural Flavourings including Natural Quinine.|100 Milliliter
226920|albert_heijn|None|AA Drink Isotone|AA Drink|None|0.5|Liter|Home|Producten|Energie voeding, sportvoeding|Sportvoeding|1.29|1.29|||||None|||2.58 per LT|€||https://www.ah.nl/producten/product/wi226920/isotone|0|None|Isotone sportdrank met toegevoegde mineralen, suikers en zoetstof.||Op een droge, koele, reukloze plaats, uit het zonlicht bewaren.|None|None|E|Non-Organic|None|None|"Ingrediënten: Water, suiker, glucosefructosestroop,voedingszuur: citroenzuur, citroensap, natuurlijk citroenaroma, calciumlactaat, magnesiumlactaat, natriumcitraat, natriumchloride, kaliumcitraat,

kleurstoffen: concentraat (saffloor en citroen) en E131, natriumfosfaat, zoetstof: acesulfaam K, conserveermiddel: E202

Osmolaliteit: 300-320 mOsm/L"|100 Milliliter
30823|albert_heijn|None|Aquarius Lemon|Aquarius|None|500.0|Milliliter|Home|Producten|Energie voeding, sportvoeding|Sportvoeding|1.75|1.75|||||None|||3.5 per LT|€||https://www.ah.nl/producten/product/wi30823/lemon|0|None|Frisdrank met citroensmaak, met toegevoegde minerale zouten°. Met suiker en zoetstoffen. LOW CALORIES °Aquarius is een bron van zink en seleen.||Koel, droog, geurvrij en uit het zonlicht bewaren.|None|None|D|Non-Organic|None|None|Ingrediënten: Water; suiker; voedingszuren: citroenzuur, appelzuur; smaakversterkers: natriumchloride, kaliumfosfaat en calciumfosfaat; zuurteregelaar: natriumcitraten; antioxidant: ascorbinezuur; stabilisatoren: arabische gom, glycerolesters van houthars; minerale zouten°: zinkgluconaat, natriumselenaat; zoetstoffen: sucralose, acesulfaam-K; natuurlijke citroenaroma’s met andere natuurlijke aroma’s.|100 Milliliter
589012|albert_heijn|None|Sprite Lemon-lime|Sprite|None|1.5|Liter|Home|Producten|Frisdrank, sappen, water|Sinas, lemon, cassis|2.69|2.69|||||None|||1.79 per LT|€||https://www.ah.nl/producten/product/wi589012/lemon-lime|0|None|Frisdrank met natuurlijke citroen-limoen aroma's.||Koel, droog en uit rechtstreeks zonlicht bewaren.|None|None|E|Non-Organic|None|None|Ingrediënten: Sprankelend water; suiker; voedingszuren: citroenzuur, wijnsteenzuur; natuurlijke citroen-limoen aroma's; zuurteregelaar: natriumcitraten; conserveermiddel: natriumbenzoaat.|100 Milliliter
189331|albert_heijn|None|Red Bull Energy drink 8-pack voordeelverpakking|Red Bull|None|250.0|Milliliter|Home|Producten|Frisdrank, sappen, water|Energy drink, sportdranken|12.79|10|12.79|10|2025-05-26|2025-06-01|None||VOOR 10.00|6.4 per LT|€||https://www.ah.nl/producten/product/wi189331/energy-drink-8-pack-voordeelverpakking|0|None|Energy Drink Niacine en Vitamine B6 dragen bij tot de vermindering van vermoeidheid en moeheid en een normaal energieleverend metabolisme. Een gevarieerde en evenwichtige voeding en een gezonde levensstijl zijn aanbevolen. Hoog  cafeïnegehalte. Niet aan bevolen voor kinderen en vrouwen die zwanger zijn of borstvoeding geven (32 mg/100 ml). Gepasteuriseerd.|Drink met mate.||None|None|E|Non-Organic|None|None|ingrediënten: koolzuurhoudend water, sacharose, glucose, voedingszuur (citroenzuur), taurine (0,4%), zuurteregelaars (natriumcarbonaten, magnesiumcarbonaten), cafeïne (0,03%), vitaminen (niacine, pantotheenzuur, riboflavine, vitamine b6, vitamine b12) aromas, kleurstof (karamel).|100 Milliliter
435974|albert_heijn|None|Bullit Energy drink suikervrij citrus|Bullit|None|250.0|Milliliter|Home|Producten|Frisdrank, sappen, water|Energy drink, sportdranken|0.99|0.99|||||None|||3.96 per LT|€||https://www.ah.nl/producten/product/wi435974/energy-drink-suikervrij-citrus|0|None|Cafeïne houdende taurine drank met zoetstoffen en de smaak van citrus Sugar Free. Hoog cafeïnegehalte. Niet aanbevolen voor kinderen en vrouwen die zwanger zijn of borstvoeding geven (30mg/100ml). Gepasteuriseerd.|Drink met mate.||None|None|C|Non-Organic|None|None|ingrediënten: koolzuurhoudend water, voedingszuur (citroenzuur), taurine (0,4%), zuurteregelaar (natriumcitraten), zoetstoffen (sucralose, acesulfaam-K), cafeïne (0,03%), vitaminen (niacine, pantotheenzuur, B6, B12), aroma’s, stabilisatoren (arabische gom, glycerolesters van houthers), verdikkingsmiddel (xanthaangom).|100 Milliliter
589017|albert_heijn|None|The Gutsy Captain Kombucha raspberry lemonade|The Gutsy Captain|None|250.0|Milliliter|Home|Producten|Frisdrank, sappen, water|Tonic, ginger, bitter, crafts en speciaal fris|1.79|1.79|||||None|||7.16 per LT|€||https://www.ah.nl/producten/product/wi589017/kombucha-raspberry-lemonade|0|None|Gefermenteerde en koolzuurhoudende groene thee|Niet schudden. Voorzichtig openen. |Bewaar tussen 2 en 8°C . Na openen en binnen 3 dagen consumeren.|None|None|C|Organic|None|None|Ingrediënten: Biologische Kombucha (gefilterd water, biologische rietsuiker, biologisch geconcentreerd appelsap 9,3%, biologische groene thee 0,4%, biologische steviabladeren, kombucha culturen), kooldioxide, natuurlijk frambozensmaak 0,14%, natuurlijke citroensmaak 0,08%, biologische extracten (wortel, appel en zwarte bes), natuurlijke tutti-frutti smaak, “Bacillus coagulans”.”|100 Milliliter
403039|albert_heijn|None|Schweppes Indian tonic zero 6-pack|Schweppes|None|33.0|Centiliter|Home|Producten|Frisdrank, sappen, water|Tonic, ginger, bitter, crafts en speciaal fris|6.89|6.89|||||None|||3.48 per LT|€||https://www.ah.nl/producten/product/wi403039/indian-tonic-zero-6-pack|0|None|Bruisende frisdrank met extract van kina, met zoetstoffen.|Koel schenken.|Ten minste houdbaar tot: zie bodem blik. Op een koele plaats bewaren.|None|None|C|Non-Organic|None|None|"Ingrediënten: Koolzuurhoudend water, voedingszuur: citroenzuur, zoetstoffen: acesulfaam K en sucralose, natuurlijke aroma's, aroma: kinine
"|100 Milliliter
466987|albert_heijn|None|Arizona Green tea peach with honey|Arizona|None|1.5|Liter|Home|Producten|Frisdrank, sappen, water|Ice tea|2.59|2.59|||||None|||1.73 per LT|€||https://www.ah.nl/producten/product/wi466987/green-tea-peach-with-honey|0|None|Groene Thee met honing en perzik sap uit concentraat, met suiker en zoetstof|Shake well.||None|None|D|Non-Organic|None|None|Ingrediënten: water, suiker, 2% perzik sap uit concentraat, honing (0,28%), groene thee-extract (0,12%), natuurlijk aroma, antioxidant: ascorbinezuur, voedingszuur: citroenzuur en appelzuur, zoetstof: steviolglycosiden|100 Milliliter
518818|albert_heijn|None|S. Pellegrino Clementina 6-pack|S. Pellegrino|None|33.0|Centiliter|Home|Producten|Frisdrank, sappen, water|Tonic, ginger, bitter, crafts en speciaal fris|7.99|7.99|||||None|||4.04 per LT|€||https://www.ah.nl/producten/product/wi518818/clementina-6-pack|0|None|KOOLZUURHOUDENDE FRISDRANK MET CLEMENTINESAP- (9%) EN SINAASAPPELSAP (5%) UIT CONCENTRAAT||Ten minste houdbaar tot einde: zie onderkant blik. Bewaar op een koele, droge en reukloze plaats, beschermd tegen de zon en vorst.|None|None|E|Non-Organic|None|None|Ingrediënten: water. clementinesap uit concentraat (9%). suiker. sinaasappelsap uit concentraat (5%). geconcentreerd citroensap. kooldioxide. natuurlijk citrusaroma met andere natuurlijke aroma's. sinaasappel-extract (0.05%). mandarijn-extract (0.03%).|100 Milliliter
562286|albert_heijn|None|Clipper Lemon ginger rooibos|Clipper|None|250.0|Milliliter|Home|Producten|Frisdrank, sappen, water|Ice tea|1.59|1.59|||||None|||6.36 per LT|€||https://www.ah.nl/producten/product/wi562286/lemon-ginger-rooibos|0.2|None|Biologische Drank met Rooibos Extract, Gember- en Citroenaroma's|Best gekoeld serveren.|"Koel en droog bewaren. 
Ten minste houdbaar tot: zie onderkant blikje. Na openen beperkt houdbaar."|None|None|C|Organic|None|None|"Ingrediënten: Water, vruchtensap uit concentraat* (appel* (45,7%), witte druif* (2,2%), citroen* (2%)), natuurlijke gember- en citroenaroma's, rooibos extract (0,03%), *Ingrediënt van biologische teelt.
"|100 Milliliter
584135|albert_heijn|None|Punchy Cucumber yuzu & rosemary|Punchy|None|250.0|Milliliter|Home|Producten|Frisdrank, sappen, water|Tonic, ginger, bitter, crafts en speciaal fris|1.59|1.03|1.59|1.03|2025-05-26|2025-06-01|None||35% Op=Op korting|6.36 per LT|€||https://www.ah.nl/producten/product/wi584135/cucumber-yuzu-en-rosemary|0|None|Punchy koolzuurhoudend water met smaak|||None|None|C|Non-Organic|None|None|Bruisend water, Duits komkommerextract, Spaans yuzu-extract, natuurlijke smaakstoffen, zuur; citroenzuur, antioxidant; ascorbinezuur, suiker, kleurende voedingsmiddelen (concentraat van saffloer en citroen), natuurlijke rozemarijnsmaak, vitamine D|100 Gram
122021|albert_heijn|None|Red Bull Energy drink 6-pack voordeelverpakking|Red Bull|None|250.0|Milliliter|Home|Producten|Frisdrank, sappen, water|Energy drink, sportdranken|9.89|7.5|9.89|7.5|2025-05-26|2025-06-01|None||VOOR 7.50|6.59 per LT|€||https://www.ah.nl/producten/product/wi122021/energy-drink-6-pack-voordeelverpakking|0|None|Energy Drink Niet aan bevolen voor kinderen en vrouwen die zwanger zijn of borstvoeding geven (32 mg/100 ml). Gepasteuriseerd. Hoog cafeïnegehalte.|Drink met mate.||None|None|E|Non-Organic|None|None|ingrediënten: koolzuurhoudend water, sacharose, glucose, voedingszuur (citroenzuur), taurine (0,4%), zuurteregelaars (natriumcarbonaten, magnesiumcarbonaten), cafeïne (0,03%), vitaminen (niacine, pantotheenzuur, riboflavine, vitamine b6, vitamine b12) aromas, kleurstof (karamel).|100 Milliliter
568475|albert_heijn|None|Butcha Ginger lemongrass & green tea 0%|Butcha|None|0.25|Liter|Home|Producten|Frisdrank, sappen, water|Tonic, ginger, bitter, crafts en speciaal fris|1.79|1.79|||||None|||7.16 per LT|€||https://www.ah.nl/producten/product/wi568475/ginger-lemongrass-en-green-tea-0|0|None|Koolzuurhoudende drank op basis van kombucha, met zoetstof van natuurlijke oorsprong.|Lightly shake to mix.|Koel en droog bewaren.|None|None|C|Non-Organic|None|None|Ingrediënten: koolzuurhoudend water, kombucha basis (gefilterd water, kombucha cultuur, Sencha groene thee, rietsuiker), extracten van gember (0,22%), groene thee (0,1%), citroengras (0,08%) en kurkuma, natuurlijke aroma's, zoetstof (stevioglycosiden uit Stevia), antioxidant (ascorbinezuur).|100 Milliliter
578724|albert_heijn|None|AH Ice tea green mango zero 10-pack|AH|None|200.0|Milliliter|Home|Producten|Frisdrank, sappen, water|Ice tea|2.99|2.99|||||None|||1.5 per LT|€||https://www.ah.nl/producten/product/wi578724/ice-tea-green-mango-zero-10-pack|0|None|Koolzuurvrije frisdrank met 0,2% mangosap uit concentraat en 0,1% groene thee-extract DIT PRODUCT BEVAT VAN NATURE AANWEZIGE SUIKERS met zoetstof||Ten minste houdbaar tot en met: zie bovenzijde. Vaak goed na deze datum. Kijk, ruik en proef. Koel, donker en droog bewaren.|None|None|C|Non-Organic|None|None|"Ingrediënten: water, mangosap uit concentraat, groene thee-extract°, voedingszuur (citroenzuur [E330], natriumcitraten [E331]), zoetstof (sucralose [E955]), natuurlijke aroma's, antioxidant (ascorbinezuur [E300]).
Waarvan toegevoegde suikers 0.00g per 100 milliliter en waarvan toegevoegd zout 0.00g per 100 milliliter
°Rainforest Alliance gecertificeerd. Zie voor meer informatie ra.org"|100 Milliliter
168308|albert_heijn|None|Rivella Original|Rivella|None|0.5|Liter|Home|Producten|Frisdrank, sappen, water|Tonic, ginger, bitter, crafts en speciaal fris|1.75|1.75|||||None|||3.5 per LT|€||https://www.ah.nl/producten/product/wi168308/original|0|None|Frisdrank met melkserum en zoetstoffen.||Koel, droog en donker bewaren. Na openen beperkt houdbaar.|None|None|C|Non-Organic|None|None|Ingrediënten: koolzuurhoudend water, MELKserum (26%), voedingszuur (L(+) melkzuur), karamelsuikersiroop, zoetstoffen (cyclaamzuur, acesulfaam-K, sacharine), conserveermiddelen (kaliumsorbaat, natriumbenzoaat), natuurlijke aroma's.|100 Milliliter
459012|albert_heijn|None|Fever-Tree Ginger beer|Fever-Tree|None|500.0|Milliliter|Home|Producten|Frisdrank, sappen, water|Tonic, ginger, bitter, crafts en speciaal fris|3.49|3.49|||||None|||6.98 per LT|€||https://www.ah.nl/producten/product/wi459012/ginger-beer|0|None|Natuurlijke frisdrank met gember|Zachtjes omdraaien alvorens uit te schenken.|Geopend 3 dagen houdbaar in de koelkast. Uit de zon bewaren.|None|None|E|Non-Organic|None|None|Ingrediënten: koolzuurhoudend bronwater, suiker, gemberwortel, natuurlijke smaakstoffen, voedingszuur: wijnsteenzuur, antioxidant: ascorbinezuur.|100 Milliliter
589332|albert_heijn|None|Van de Boom Troebele groene ijsthee perzik|Van de Boom|None|200.0|Milliliter|Home|Producten|Frisdrank, sappen, water|Ice tea|2.79|2.79|||||None|||2.33 per LT|€||https://www.ah.nl/producten/product/wi589332/troebele-groene-ijsthee-perzik|0.02|None|Drank op basis van groene thee- extract en zuivel, met perziksmaak. Met toegevoegde vitamine C en gezoet met zoetstoffen. Kort verhit. 0% suiker toegevoegd Bevat van nature aanwezige suikers|"Koel serveren. 

Even schudden voor gebruik."|Na opening gekoeld (max. +7℃) enkele dagen houdbaar. Ten minste houdbaar tot: zie bovenkant pakje.|None|None|C|Non-Organic|None|None|Ingrediënten: Water, vloeibare MELKbestanddelen (MELKpermeaat) 10%, vruchtensap uit concentraat (perzik 4,8%), ROOM <0,1%, groene thee-extract 0,1%, stabilisator (pectine), voedingszuur (citroenzuur), natuurlijke aroma's, zoetstoffen (sucralose, acesulfaam-k), vitamine C|100 Milliliter
568377|albert_heijn|None|Fuze Tea Black tea watermelon mint no sugar|Fuze Tea|None|1.5|Liter|Home|Producten|Frisdrank, sappen, water|Ice tea|2.99|2.99|||||None|||1.99 per LT|€||https://www.ah.nl/producten/product/wi568377/black-tea-watermelon-mint-no-sugar|0|None|Frisdrank op basis van getrokken zwarte thee en muntextracten, met watermeloen- en muntsmaak, met zoetstoffen. no sugar||"Koel, droog en geurvrij bewaren. 
Na openen, gekoeld tot 5 dagen houdbaar."|None|None|C|Non-Organic|None|None|"Ingrediënten: Getrokken zwarte thee 99,5% (water, geconcentreerde zwarte thee infusie⁺); voedingszuur: citroenzuur, appelzuur; watermeloensap uit concentraat (0,1%); natuurlijk theearoma; natuurlijk watermeloenaroma met andere natuurlijke aroma’s; zuurteregelaar: natriumcitraten; antioxidant: ascorbinezuur; zoetstoffen: sucralose, steviolglycosiden uit Stevia; muntextracten.
⁺Rainforest Alliance Certified. Find out more at ra.org."|100 Milliliter
568320|albert_heijn|None|Lipton Ice tea green strawberry|Lipton|None|500.0|Milliliter|Home|Producten|Frisdrank, sappen, water|Ice tea|1.89|1.89|||||None|||3.78 per LT|€||https://www.ah.nl/producten/product/wi568320/ice-tea-green-strawberry|0|None|Verfrissende drank met thee-extract en aardbeiensap, gezoet met suiker en zoetstof van natuurlijke oorsprong.|Lipton Ice Tea bevat thee-extract. Een licht bezinksel is mogelijk.|Na opening gekoeld bewaren en beperkt houdbaar.|None|None|C|Non-Organic|None|None|Ingrediënten: Water, suiker, fructose, voedingszuren (appelzuur, citroenzuur), groene thee-extract⁽¹⁾ (0,12%), aardbeiensap van geconcentreerd sap (0,1%), natuurlijk aroma, zuurteregelaar (trinatriumcitraat), antioxidant (ascorbinezuur), zoetstof (steviolglycosiden van Stevia). ⁽¹⁾Rainforest Alliance Certified. More information on ra.org.|100 Milliliter
568376|albert_heijn|None|Fuze Tea Black tea peach elderflower no sugar|Fuze Tea|None|1.5|Liter|Home|Producten|Frisdrank, sappen, water|Ice tea|2.99|2.99|||||None|||1.99 per LT|€||https://www.ah.nl/producten/product/wi568376/black-tea-peach-elderflower-no-sugar|0|None|Frisdrank op basis van getrokken zwarte thee en vlierbloesemextract, met perzik- en vlierbloesemsmaak, met zoetstoffen. No sugar||"Ten minste houdbaar tot: (zie boven op het pak).
Koel, droog en geurvrij bewaren. Na openen, gekoeld tot 5 dagen houdbaar"|None|None|C|Non-Organic|None|None|"Ingrediënten: Getrokken zwarte thee 98.5% (water, geconcentreerde zwarte thee infusie⁺); perziksap uit concentraat (1%); voedingszuren: citroenzuur, appelzuur; zuurteregelaars: natriumcitraat, natriumgluconaat; natuurlijke perzik- en vlierbloesemaroma’s met andere natuurlijke aroma’s; antioxidant: ascorbinezuur; zoetstoffen: sucralose, steviolglycosiden uit Stevia, vlierbloesemextract.
⁺Rainforest Alliance Certified. Find out more at ra.org."|100 Milliliter
589018|albert_heijn|None|The Gutsy Captain Kombucha pineapple & peach|The Gutsy Captain|None|250.0|Milliliter|Home|Producten|Frisdrank, sappen, water|Tonic, ginger, bitter, crafts en speciaal fris|1.79|1.79|||||None|||7.16 per LT|€||https://www.ah.nl/producten/product/wi589018/kombucha-pineapple-en-peach|0|None|Gefermenteerde en koolzuurhoudende groene thee|Niet schudden. Voorzichtig openen. |Bewaar tussen 2 en 8°C . Na openen en binnen 3 dagen consumeren.|None|None|C|Organic|None|None|Ingrediënten: biologische kombucha (gefilterd water, biologische rietsuiker, biologisch geconcentreerd appelsap 9,3%, biologische groene thee 0,4%, biologische steviabladeren, kombucha-culturen), kooldioxide, biologische ananas aroma 0,16%, “bacillus coagulans”, biologische perzik aroma 0,002%.|100 Milliliter
575850|albert_heijn|None|Sportwater Berries|Sportwater|None|500.0|Milliliter|Home|Producten|Energie voeding, sportvoeding|Sportvoeding|1.19|1.19|||||None|||2.38 per LT|€||https://www.ah.nl/producten/product/wi575850/berries|0|None|Hypotone sportdrank met bessen smaak, met toegevoegde elektrolyten en zoetstoffen No sugar - 0 kcal||Op een droge, koele, reukloze plaats, uit het zonlicht bewaren.|None|None|C|Non-Organic|None|None|Ingrediënten: Gedemineraliseerd water, minerale zouten: (magnesiumchloride, natriumchloride, kaliumchloride, calciumchloride, kaliumfosfaat), voedingszuur: citroenzuur, zuurteregelaar: natriumcitraat, aroma, conserveermiddel: kaliumsorbaat, zoetstoffen: acesulfaam-K, sucralose|100 Milliliter
137748|albert_heijn|None|Pepsi Cola 4-pack|Pepsi|None|1.5|Liter|Home|Producten|Frisdrank, sappen, water|Cola|10.75|8|10.75|8|2025-05-26|2025-06-01|None||VOOR 8.00|1.79 per LT|€||https://www.ah.nl/producten/product/wi137748/cola-4-pack|0|None|Frisdrank met suiker en zoetstoffen Bevat cafeïne||Koel, droog en donker bewaren. Na openen beperkt houdbaar.|None|None|D|Non-Organic|None|None|Ingrediënten: koolzuurhoudend water, suiker, kleurstof (sulfiet-ammoniakkaramel), aroma's (bevat cafeïne), voedingszuur (fosforzuur), zoetstoffen (acesulfaam-K, sucralose).|100 Milliliter
476872|albert_heijn|None|AH Lemon & lime regular 6-pack|AH|None|500.0|Milliliter|Home|Producten|Frisdrank, sappen, water|Sinas, lemon, cassis|2.99|2.99|||||None|||1 per LT|€||https://www.ah.nl/producten/product/wi476872/lemon-en-lime-regular-6-pack|0|None|Koolzuurhoudende frisdrank met citroen- en limoensmaak met suiker en zoetstoffen||Ten minste houdbaar tot en met: zie bovenzijde. Vaak goed na deze datum. Kijk, ruik en proef. Koel, donker en droog bewaren. Na openen gekoeld bewaren (max. 7°C), beperkt houdbaar. De verpakking goed sluiten na gebruik.|None|None|E|Non-Organic|None|None|"Ingrediënten: koolzuurhoudend water, suiker, voedingszuur (citroenzuur [E330]), natuurlijk citroen- en limoenaroma, zuurteregelaar (natriumcitraten [E331]), antioxidant (ascorbinezuur [E300]), zoetstof (acesulfaam-K [E950], sucralose [E955]).
Waarvan toegevoegde suikers 5.9g per 100 milliliter en waarvan toegevoegd zout 0.00g per 100 milliliter"|100 Milliliter
503256|albert_heijn|None|Fever-Tree Raspberry & rhubarb tonic water|Fever-Tree|None|500.0|Milliliter|Home|Producten|Frisdrank, sappen, water|Tonic, ginger, bitter, crafts en speciaal fris|3.49|3.49|||||None|||6.98 per LT|€||https://www.ah.nl/producten/product/wi503256/raspberry-en-rhubarb-tonic-water|0|None|gearomatiseerde koolzuurhoudende frisdrank|Waarschuwing: Onder druk verpakt. Voorzichtig openen en behandelen.|Uit de zon bewaren. Na opening, bewaren in de koelkast en consumeren binnen de drie dagen.|None|None|D|Non-Organic|None|None|Ingrediënten: koolzuurhoudend bronwater, suiker, voedingszuur (citroenzuur), natuurlijk rabarberaroma, natuurlijk frambozenaroma, natuurlijk kinine-aroma, concentraten (zoete aardappel, wortel saffloer, citroen).|100 Gram
568474|albert_heijn|None|Butcha Rasberry rose & black tea 0%|Butcha|None|0.25|Liter|Home|Producten|Frisdrank, sappen, water|Tonic, ginger, bitter, crafts en speciaal fris|1.79|1.79|||||None|||7.16 per LT|€||https://www.ah.nl/producten/product/wi568474/rasberry-rose-en-black-tea-0|0|None|Koolzuurhoudende drank op basis van kombucha, met zoetstof van natuurlijke oorsprong.|Lightly shake to mix.|Koel en droog bewaren.|None|None|C|Non-Organic|None|None|Ingrediënten: koolzuurhoudend water, kombucha basis (gefilterd water, kombucha cultuur, Sencha groene thee, rietsuiker), natuurlijke aroma's, roos extract (0,32%), zwarte wortel concentraat, zoetstof (steviolglycosiden uit Stevia), antioxidant (ascorbinezuur), zout.|100 Milliliter
568463|albert_heijn|None|Wostok Tannenwald|Wostok|None|330.0|Milliliter|Home|Producten|Frisdrank, sappen, water|Tonic, ginger, bitter, crafts en speciaal fris|1.79|1.79|||||None|||5.42 per LT|€||https://www.ah.nl/producten/product/wi568463/tannenwald|0|None|Koolzuurhoudende frisdrank met kruidensmaak|Bezinksel komt van nature voor||None|None|E|Non-Organic|None|None|Ingrediënten: water met toegevoegd koolzuurgas, suiker, karamelsuikersiroop, voedingszuur: citroenzuur, aroma's (bevat SELDERIJ), zwarte thee-extract, yuccaextract, dennennaaldenolie, taigawortelextract|100 Milliliter
568511|albert_heijn|None|Nix & Kix Sparkling raspberry rhubarb|Nix & Kix|None|250.0|Milliliter|Home|Producten|Frisdrank, sappen, water|Tonic, ginger, bitter, crafts en speciaal fris|1.59|1.59|||||None|||6.36 per LT|€||https://www.ah.nl/producten/product/wi568511/sparkling-raspberry-rhubarb|0.1|None|Licht sprankelende framboos en rabarber drank met een vleugje cayenne.||Ten minste houdbaar tot: zie onderzijde blik.|None|None|C|Non-Organic|None|None|"Ingrediënten: Koolzuurhoudend water, vruchtensappen uit concentraat 45% (appel, rabarber 2%, framboos 2%), natuurlijke smaakstoffen, zuur (citroenzuur), paarse wortel extract, chili extract
"|100 Milliliter
576715|albert_heijn|None|AH Energy gel citroen|AH|None|40.0|Gram|Home|Producten|Energie voeding, sportvoeding|Sportvoeding|1.39|1.39|||||None|||34.75 per KG|€||https://www.ah.nl/producten/product/wi576715/energy-gel-citroen|0|None|Energiegel met toegevoegd vitamine B12 [verpakking + omdoos] Met vitamine B12* *Vitamine B12 activeert de natuurlijke energie in je lichaam Een gevarieerde, evenwichtige voeding en een gezonde levensstijl zijn belangrijk. Één portie per dag voor het gewenste effect.||Ten minste houdbaar tot einde: zie achterzijde. Vaak goed na deze datum. Kijk, ruik en proef. Koel en droog bewaren.|None|None||Non-Organic|None|None|"Ingrediënten: glucosestroop, water, maltodextrine, aroma, zuurteregelaar (citroenzuur [E330]), conserveermiddel (kaliumsorbaat [E202]), zout, vitamine B12.
Waarvan toegevoegde suikers 38g per 100 gram en waarvan toegevoegd zout 0.15g per 100 gram"|100 Gram
584162|albert_heijn|None|Hip Pop Living soda tropical peach|Hip Pop|None|330.0|Milliliter|Home|Producten|Frisdrank, sappen, water|Ice tea|1.99|1.99|||||None|||6.03 per LT|€||https://www.ah.nl/producten/product/wi584162/living-soda-tropical-peach|0.3|None|Hip Pop Kombucha|||None|None|B|Non-Organic|None|None|Water, cichoreiwortelvezel, appelazijn, appel-, perzik- en mangosap uit concentraat, natuurlijke smaakstoffen, levende culturen (Bacillus coagulans)|100 Milliliter
583169|albert_heijn|None|O2Life Mango|O2Life|None|750.0|Milliliter|Home|Producten|Energie voeding, sportvoeding|Sportvoeding|1.85|1.85|||||None|||2.47 per LT|€||https://www.ah.nl/producten/product/wi583169/mango|0|None|Koolzuurvrije drank op basis van bronwater Met extra zuurstof & vitamine B5 B6 B8 B12|||None|None|C|Non-Organic|None|None|"Ingrediënten: Bronwater, citroenzuur, natuurlijk fruitaroma, conserveermiddel E202, zoetstof, vitamine B5, B6, B8 en B12, zuurstof
"|100 Milliliter
584129|albert_heijn|None|Punchy Bloodorange bitters & cardemom|Punchy|None|250.0|Milliliter|Home|Producten|Frisdrank, sappen, water|Tonic, ginger, bitter, crafts en speciaal fris|1.59|1.03|1.59|1.03|2025-05-26|2025-06-01|None||35% Op=Op korting|6.36 per LT|€||https://www.ah.nl/producten/product/wi584129/bloodorange-bitters-en-cardemom|0|None|Punchy koolzuurhoudend water met smaak|||None|None|D|Non-Organic|None|None|Bruisend water, Italiaans perzikextract, zuur; citroenzuur, Sri Lankaanse gemberextract, kleurstof; karamel, natuurlijke smaakstoffen, suiker, zoetstof; steviolglycosiden, vitamine D|100 Gram
544484|albert_heijn|None|Fernandes Cherry bouquet zero sugar|Fernandes|None|1.5|Liter|Home|Producten|Frisdrank, sappen, water|Tonic, ginger, bitter, crafts en speciaal fris|2.99|2.99|||||None|||1.99 per LT|€||https://www.ah.nl/producten/product/wi544484/cherry-bouquet-zero-sugar|0|None|Frisdrank met kersensmaak en zoetstoffen||"Ten minste houdbaar tot: zie fles of dop.
Uit de zon bij gematigde temperatuur in een droge en schone omgeving bewaren."|None|None|C|Non-Organic|None|None|Ingrediënten: Koolzuurhoudend water, aroma’s, zwarte wortelconcentraat, voedingszuur: citroenzuur, zoetstoffen: acesulfaam K, sucralose, conserveermiddel: kaliumsorbaat. |100 Milliliter
584132|albert_heijn|None|AH Cola zero sugar vanilla 6-pack|AH|None|330.0|Milliliter|Home|Producten|Frisdrank, sappen, water|Cola|3.29|3.29|||||None|||1.66 per LT|€||https://www.ah.nl/producten/product/wi584132/cola-zero-sugar-vanilla-6-pack|0|None|Suikervrije, koolzuurhoudende frisdrank met cola- en vanillesmaak met zoetstoffen||Ten minste houdbaar tot en met: zie onderzijde. Vaak goed na deze datum. Kijk, ruik en proef. Koel en droog bewaren.|None|None|C|Non-Organic|None|None|"Ingrediënten: koolzuurhoudend water, kleurstof (sulfiet-ammoniakkaramel [E150d]), natuurlijke aroma's, voedingszuur (fosforzuur [E338]), zoetstof (acesulfaam-K [E950], sucralose [E955], sacharinen [E954]), zuurteregelaar (natriumcitraten [E331]), cafeïne.
Waarvan toegevoegde suikers 0.00g per 100 milliliter en waarvan toegevoegd zout 0.00g per 100 milliliter"|100 Milliliter
436126|albert_heijn|None|Lipton Ice tea sparkling original|Lipton|None|1000.0|Milliliter|Home|Producten|Frisdrank, sappen, water|Ice tea|2.65|2.65|||||None|||2.65 per LT|€||https://www.ah.nl/producten/product/wi436126/ice-tea-sparkling-original|0|None|Verfrissende drank met thee-extract, gezoet met suiker en zoetstof van natuurlijke oorsprong. Low in calories|IJskoud serveren. Lipton Ice Tea bevat thee-extract. Een licht bezinksel is mogelijk.|"Na opening gekoeld bewaren en beperkt houdbaar.
Ten minste houdbaar tot einde: zie dop/hals fles."|None|None|D|Non-Organic|None|None|"Ingrediënten: Koolzuurhoudend water, suiker, fructose, thee-extract⁽¹⁾ (0,3%), voedingszuren (citroenzuur, appelzuur), zuurteregelaar (trinatriumcitraat), citroensap van geconcentreerd sap (0,1%), aroma's, antioxidant (ascorbinezuur), zoetstof (stevioglycosiden van Stevia).
⁽¹⁾ Rainforest Alliance Certified. More information on ra.org."|100 Milliliter
561874|albert_heijn|None|Hero Cassis no bubbles zero|Hero|None|1.5|Liter|Home|Producten|Frisdrank, sappen, water|Sinas, lemon, cassis|2.85|2.85|||||None|||1.9 per LT|€||https://www.ah.nl/producten/product/wi561874/cassis-no-bubbles-zero|0.1|None|Frisdrank met het sap van zwarte bessen. Gezoet met zoetstoffen 0% suiker toegevoegd*. Dit product bevat van nature aanwezige suikers.||Uit de zon en op een koele plaats bewaren. Na openen beperkt houdbaar in de koelkast.|None|None|C|Non-Organic|None|None|Ingrediënten: Water, zwarte bessensap uit concentraat (3%), gefermenteerd zwarte bessensap (2%), voedingszuur (citroenzuur), aroma's, zuurteregelaar (natriumcitraten), kleurend concentraat (zwarte bes, wortel), zoetstoffen (sucralose, acesulfaam-K, cyclamaten).|100 Milliliter
592039|albert_heijn|None|Red Bull Energy drink summer edition|Red Bull|None|250.0|Milliliter|Home|Producten|Frisdrank, sappen, water|Energy drink, sportdranken|1.69|1.69||1.69|||None|||6.76 per LT|€||https://www.ah.nl/producten/product/wi592039/energy-drink-summer-edition|0|None|Energy Drink met de smaak van witte perzik Niacine en vitamine B6 dragen bij tot de vermindering van vermoeidheid en moeheid en een normaal energieleverend metabolisme. Hoog cafeïnegehalte. Niet aan bevolen voor kinderen en vrouwen die zwanger zijn of borstvoeding geven (32 mg/100 ml). Gepasteuriseerd. Een gevarieerde en evenwichtige voeding en een gezonde levensstijl zijn aanbevolen.|Drink met mate.||None|None|E|Non-Organic|None|None|Ingrediënten: koolzuurhoudend water, sacharose, glucose, voedingszuur (citroenzuur), taurine (0,4%), zuurteregelaar (natriumcitraten), cafeïne (0,03%), vitaminen (niacine, panthotheenzuur, vitamine B6, vitamine B12), aroma's.|100 Milliliter
543886|albert_heijn|None|Soof Sparkling blackcurrant, lavender & apple|Soof|None|250.0|Milliliter|Home|Producten|Frisdrank, sappen, water|Sinas, lemon, cassis|1.59|1.59|||||None|||6.36 per LT|€||https://www.ah.nl/producten/product/wi543886/sparkling-blackcurrant-lavender-en-apple|0|None|Natuurlijke frisdrank van appel, zwarte bes, lavendel en bruiswater|||None|None|C|Non-Organic|None|None|Ingrediënten: 63,8% fruitsappen uit concentraat (59,3% appel, 4,5% zwarte bes), bruiswater, lavendelbloesemextract 0,01%.|100 Milliliter
123392|albert_heijn|None|Raak Kindercola 6-pack|Raak|None|0.25|Liter|Home|Producten|Frisdrank, sappen, water|Cola|3.49|3.49|||||None|||2.33 per LT|€||https://www.ah.nl/producten/product/wi123392/kindercola-6-pack|0|None|Limonade met cola-extract, suiker en zoetstof, cafeinevrij Daarnaast is RAAK Kindercola gezoet met de zoetstof Stevia, waardoor het minder suiker bevat dan gewone cola.||Op een droge, koele, reukloze plaats, uit het zonlicht bewaren.|None|None||Non-Organic|None|None|Ingrediënten: Natuurlijk mineraalwater, suiker, koolzuur, kleurstof: karamel, voedingszuur: wijnsteenzuur, citroenzuur, aroma, zoetstof: steviolglycosiden uit Stevia.|100 Milliliter
440916|albert_heijn|None|Mogu Mogu Zwarte bessen|Mogu Mogu|None|320.0|Milliliter|Home|Producten|Frisdrank, sappen, water|Frisdrank|1.69|1.69|||||None|||5.28 per LT|€||https://www.ah.nl/producten/product/wi440916/zwarte-bessen|0|None|Limonade met nata de coco|Schud goed, het product kan natuurlijk bezinksel bevatten.|Op een droge, koele, reukloze plaats, uit het zonlicht bewaren.|None|None|E|Non-Organic|None|None|Ingrediënten: water, 25% nata de coco (kokoswater, suiker, E260, azijnzuur), suiker, fructose, voedingszuur (citroenzuur, calcium lactate), aroma, geleermiddel: gellangom, conserveermiddel: (E211), kleurstof: (E133) E = door E.G. goedgekeurde hulpstof|100 Milliliter
469378|albert_heijn|None|Zonnatura Kombucha gember|Zonnatura|None|330.0|Milliliter|Home|Producten|Frisdrank, sappen, water|Tonic, ginger, bitter, crafts en speciaal fris|2.99|2.99|||||None|||9.06 per LT|€||https://www.ah.nl/producten/product/wi469378/kombucha-gember|0.5|None|Biologisch Gefermenteerde Koolzuurhoudende Theedrank met Limoen en Gember. Laag in calorieën||"Droog en afgesloten bewaren.
Na openen gekoeld bewaren en binnen 5 dagen consumeren.

Ten minste houdbaar tot:"|None|None|C|Organic|None|None|"Ingrediënten: Theekruiden extract* 92,3% (mineraalwater, groene thee*, zwarte thee* maté-bladeren*, lindebloesem* 0,02%, citroenverbena*, korenbloembloesem*, citroenmelisse*, kruizemunt*, brandnetel*, vlierbessenbloesem*, frambozenblad*, goudsbloembloesem*, braambesbloesem*, zoethoutwortel*, lievevrouwebedstro*), ruwe rietsuiker*, Kombucha culturen, limoensap* 2%, gembersap* 1,5% (gember*, citroensapconcentraat*), koolzuur, *Ingrediënt van biologische teelt., Alc. < 0,5% vol.
"|100 Milliliter
490036|albert_heijn|None|Arizona Green tea with honey|Arizona|None|1.0|Liter|Home|Producten|Frisdrank, sappen, water|Ice tea|2.19|2.19|||||None|||2.19 per LT|€||https://www.ah.nl/producten/product/wi490036/green-tea-with-honey|0|None|Groene Thee met honing, met suiker en zoetstof|Shake well|Ten minste houdbaar tot einde: zie dop|None|None|D|Non-Organic|None|None|Ingrediënten: Water, suiker, fructose, 2% perensap uit concentraat, honing (0,43%), groene thee-extract (0,12%), antioxidant: ascorbinezuur, voedingszuur: citroenzuur, natuurlijk aroma, zoetstof: stevioglycosiden|100 Milliliter
584163|albert_heijn|None|Hip Pop Living soda pink grapefruit|Hip Pop|None|330.0|Milliliter|Home|Producten|Frisdrank, sappen, water|Ice tea|1.99|1.99|||||None|||6.03 per LT|€||https://www.ah.nl/producten/product/wi584163/living-soda-pink-grapefruit|0.2|None|Hip Pop Kombucha|||None|None|C|Non-Organic|None|None|Water, cichoreiwortelvezel, appelazijn, appel- en roze grapefruitsap uit concentraat, citroensap, rozenbottel extract, natuurlijke smaakstoffen, levende culturen (Bacillus coagulans)|100 Milliliter
496802|albert_heijn|None|7up Regular blik 6-pack|7up|None|0.33|Liter|Home|Producten|Frisdrank, sappen, water|Sinas, lemon, cassis|4.55|4.55|||||None|||2.3 per LT|€||https://www.ah.nl/producten/product/wi496802/regular-blik-6-pack|0|None|Frisdrank met natuurlijk citroen- en limoenaroma, suiker en zoetstof.||Koel en droog bewaren.|None|None|D|Non-Organic|None|None|Ingrediënten: koolzuurhoudend water, suiker, voedingszuren (citroenzuur, appelzuur), natuurlijk citroen- en limoenaroma met andere natuurlijke aroma's, zuurteregelaar (natriumcitraat), zoetstof (steviolglycosiden uit Stevia).|100 Milliliter
589019|albert_heijn|None|The Gutsy Captain Kombucha ginger & lemon|The Gutsy Captain|None|250.0|Milliliter|Home|Producten|Frisdrank, sappen, water|Tonic, ginger, bitter, crafts en speciaal fris|1.79|1.79|||||None|||7.16 per LT|€||https://www.ah.nl/producten/product/wi589019/kombucha-ginger-en-lemon|0|None|Gefermenteerde en koolzuurhoudende groene theedrank|Niet schudden. Voorzichtig openen. |Bewaar tussen 2 en 8°C . Na openen en binnen 3 dagen consumeren.|None|None|C|Organic|None|None|Ingrediënten: biologische kombucha (gefilterd water, biologische rietsuiker, biologisch geconcentreerd appelsap 9,3%, biologische groene thee 0,4%, biologische steviabladeren, kombucha-culturen), kooldioxide, biologische gember aroma 0,21%, biologische citroen aroma 0,05%,“bacillus coagulans”.|100 Milliliter
568450|albert_heijn|None|Drink a Flower Elderflower & lime|Drink a Flower|None|250.0|Milliliter|Home|Producten|Frisdrank, sappen, water|Tonic, ginger, bitter, crafts en speciaal fris|1.69|1.69|||||None|||6.76 per LT|€||https://www.ah.nl/producten/product/wi568450/elderflower-en-lime|0|None|Bruisende infusie met vlierbloesem en citroensmaak Lage energiewaarde||Droog bewaren bij kamertemperatuur. Na opening 3 dagen houdbaar in de koelkast.|None|None|C|Organic|None|None|Ingrediënten: water (94%), rietsuiker*, citroensap* (0,72%), limoensap* (0,48%), vlierbloesem* (0,35%), conservator: citroenzuur (<5%)|100 Milliliter
496803|albert_heijn|None|7up Zero lemon lime 6-pack|7up|None|0.33|Liter|Home|Producten|Frisdrank, sappen, water|Sinas, lemon, cassis|4.55|4.55|||||None|||2.3 per LT|€||https://www.ah.nl/producten/product/wi496803/zero-lemon-lime-6-pack|0|None|Calorie-arme frisdrank met natuurlijk citroen- en limoenaroma, met zoetstof. lorie-arme frisdrank met natuurlijk citroenen limoenaroma, met zoetstof. free of sugar Bevat een bron van fenylalanine.||Koel en droog bewaren.|None|None|C|Non-Organic|None|None|Ingrediënten: koolzuurhoudend water, voedingszuur (citroenzuur), natuurlijk citroen- en limoenaroma, zuurteregelaar (natriumcitraat), zoetstof (aspartaam).|100 Milliliter
566949|albert_heijn|None|Coca-Cola Zero sugar zero caffeine 12-pack|Coca-Cola|None|150.0|Milliliter|Home|Producten|Frisdrank, sappen, water|Cola|7.69|7.69|||||None|||4.27 per LT|€||https://www.ah.nl/producten/product/wi566949/zero-sugar-zero-caffeine-12-pack|0|None|Frisdrank met plantenextracten, met zoetstoffen. Zero sugar, Zero caffeine, No calories, No sugar Bevat een bron van fenylalanine.||Koel, droog en geurvrij bewaren.|None|None|C|Non-Organic|None|None|Ingrediënten: Sprankelend water; kleurstof: E150d; voedingszuur: E338; zoetstoffen: aspartaam, acesulfaam-K; zuurteregelaar: E331; natuurlijke aroma's.|100 Milliliter
568355|albert_heijn|None|Brand Garage Lemon mama|Brand Garage|None|330.0|Milliliter|Home|Producten|Frisdrank, sappen, water|Sinas, lemon, cassis|1.79|1.79|||||None|||5.42 per LT|€||https://www.ah.nl/producten/product/wi568355/lemon-mama|0|None|Citroen Frisdrank|||None|None|C|Organic|None|None|Ingrediënten: Sprankelend water, citroensap uit concentraat* (8,45%), suiker*, citroenpulp* (0,5%), natuurlijke citroenolie* (0,05%). *Van gecontroleerde biologische teelt uit eu-en niet eu- landbouw.|100 Milliliter
189767|albert_heijn|None|Lipton Ice tea green|Lipton|None|500.0|Milliliter|Home|Producten|Frisdrank, sappen, water|Ice tea|1.89|1.89|||||None|||3.78 per LT|€||https://www.ah.nl/producten/product/wi189767/ice-tea-green|0|None|Verfrissende drank met groene thee-extract, gezoet met suiker en zoetstof van natuurlijke oorsprong. Low in Sugar|IJskoud serveren. Lipton Ice Tea bevat thee-extract. Een licht bezinksel is mogelijk.||None|None|C|Non-Organic|None|None|Ingrediënten: water, fructose, suiker, voedingszuren (citroenzuur, appelzuur), groene thee-extract(1) (0,12%), zuurteregelaar (trinatriumcitraat), antioxidant (ascorbinezuur), natuurlijk aroma, zoetstof (steviolglycosiden van Stevia). (1)Rainforest Alliance gecertificeerd. More information on ra.org.|100 Milliliter
550510|albert_heijn|None|Starbucks Triple shot|Starbucks|None|300.0|Milliliter|Home|Producten|Frisdrank, sappen, water|Energy drink, sportdranken|2.59|2.59|||||None|||8.63 per LT|€||https://www.ah.nl/producten/product/wi550510/triple-shot|2.6|None|Melkdrank met Arabica koffie, gesteriliseerd. Hoog cafeïnegehalte (47mg/100ml).|"Enjoy cold
Shake gently"|"Ten minste houdbaar tot: zie onderzijde.
Na openen gekoeld bewaren (max 7˚C)."|None|None|D|Non-Organic|None|None|"Ingrediënten: MELK (3,3% vet) (75%), Starbucks® Arabica koffie (water, koffie-extract) (20%), suiker (4,7%), natuurlijk koffiearoma, zuurteregelaar (kaliumcarbonaat)
"|100 Milliliter
568306|albert_heijn|None|Schweppes Lemon zero 6-pack|Schweppes|None|0.33|Liter|Home|Producten|Frisdrank, sappen, water|Sinas, lemon, cassis|6.89|6.89|||||None|||3.48 per LT|€||https://www.ah.nl/producten/product/wi568306/lemon-zero-6-pack|0|None|Niet bruisende vruchtenfrisdrank met bronwater. SCH_FZE048R0100|Uit de zon en op een koele plaats bewaren.  Koel schenken.|Uit de zon en op een koele plaats bewaren.  Koel schenken.|None|None|C|Non-Organic|None|None|Ingrediënten: koolzuurhoudend water, natuurlijke extracten van citroen, voedingszuur: citroenzuur, natuurlijke aroma's van citroen met andere natuurlijke aroma's, zoetstoffen: acesulfaam K en sucralose, bewaarmiddel E202,  gemodificeerd zetmeel, stabilisatoren (E445, E444).|100 Milliliter
584166|albert_heijn|None|Wostok Bosbessen-salie|Wostok|None|330.0|Milliliter|Home|Producten|Frisdrank, sappen, water|Tonic, ginger, bitter, crafts en speciaal fris|1.79|1.79|||||None|||5.42 per LT|€||https://www.ah.nl/producten/product/wi584166/bosbessen-salie|0|None|Koolzuurhoudende frisdrank met 18% sap|Bezinksel komt van nature voo||None|None|C|Non-Organic|None|None|Ingrediënten: water met toegevoegd koolzuurgas, bosbessensap uit concentraat (3%), zwarte wortelsapconcentraat,natuurlijk aroma, voedingszuur: citroenzuur, salie-extract (0,2%).|100 Milliliter
447809|albert_heijn|None|E Energy drink tray|E|None|250.0|Milliliter|Home|Producten|Frisdrank, sappen, water|Energy drink, sportdranken|17.99|17.99|||||None|||3 per LT|€||https://www.ah.nl/producten/product/wi447809/energy-drink-tray|0|None|Koolzuurhoudende drank met 0,4% taurine en 0,032% cafeïne met toegevoegde vitaminen met suikers en zoetstoffen Hoog cafeïnegehalte (bevat 32mg cafeïne per 100ml). Niet aanbevolen voor kinderen en vrouwen die zwanger zijn of borstvoeding geven.||Ten minste houdbaar tot einde: zie onderzijde. Vaak goed na deze datum. Kijk, ruik en proef. Koel en droog bewaren.|None|None||Non-Organic|None|None|"Ingrediënten: koolzuurhoudend water, suiker, glucosestroop, voedingszuur (citroenzuur [E330]), taurine, zuurteregelaar (natriumcitraten [E331]), aroma, kleurstof (alkali-sulfietkaramel [E150b]), cafeïne, zoetstof (acesulfaam-K [E950], sucralose [E955]), vitaminen (niacine, pantotheenzuur, B6, riboflavine, B12), conserveermiddel (kaliumsorbaat [E202]).
Waarvan toegevoegde suikers 3.1g per 100 milliliter en waarvan toegevoegd zout 0.00g per 100 milliliter"|100 Milliliter
584029|albert_heijn|None|Xoxo Watermelon|Xoxo|None|330.0|Milliliter|Home|Producten|Frisdrank, sappen, water|Tonic, ginger, bitter, crafts en speciaal fris|1.79|1.79|||||None|||5.42 per LT|€||https://www.ah.nl/producten/product/wi584029/watermelon|0|None|Koolzuurhoudende drank met watermeloensmaak met vezel suiker en zoetstot. High fibre. Low sugar. Low calorie.||Koel bewaren.|None|None|C|Non-Organic|None|None|Ingrediënten: water, tapiocadextrine, fructose, koolzuur, fructosesiroop, aardpeerpoeder, watermeloensap uit concentraat (1,5%), voedingszuur: citroenzuur, appelsapconcentraat (0,5%), kleurconcentraat van wortel, natuurlijk aroma, zuurteregelaar: natriumcitraat, voedingsvezel (Acacial) zoetstof: steviolglycosiden uit stevia.|100 Milliliter
496800|albert_heijn|None|Pepsi Cola 6-pack|Pepsi|None|0.33|Liter|Home|Producten|Frisdrank, sappen, water|Cola|3.99|3.99|||||None|||2.02 per LT|€||https://www.ah.nl/producten/product/wi496800/cola-6-pack|0|None|Frisdrank met suiker en zoetstoffen. bevat cafeïne||Koel en droog bewaren.|None|None|D|Non-Organic|None|None|ngrediënten: koolzuurhoudend water, suiker, kleurstof (sulfiet-ammoniak-karamel), aroma's (bevat cafeïne), voedingszuur (fosforzuur), zoetstoffen (acesulfaam-K, sucralose).|100 Milliliter
500247|albert_heijn|None|Lipton Ice tea green 12-pack|Lipton|None|500.0|Milliliter|Home|Producten|Frisdrank, sappen, water|Ice tea|22.65|22.65|||||None|||3.78 per LT|€||https://www.ah.nl/producten/product/wi500247/ice-tea-green-12-pack|0|None|Verfrissende drank met groene thee-extract, gezoet met suiker en zoetstof van natuurlijke oorsprong. Low in Sugar|IJskoud serveren. Lipton Ice Tea bevat thee-extract. Een licht bezinksel is mogelijk.||None|None|C|Non-Organic|None|None|Ingrediënten: water, fructose, suiker, voedingszuren (citroenzuur, appelzuur), groene thee-extract(1) (0,12%), zuurteregelaar (trinatriumcitraat), antioxidant (ascorbinezuur), natuurlijk aroma, zoetstof (steviolglycosiden van Stevia). (1)Rainforest Alliance gecertificeerd. More information on ra.org.|100 Milliliter
553879|albert_heijn|None|S. Pellegrino Aranciata 6-pack|S. Pellegrino|None|33.0|Centiliter|Home|Producten|Frisdrank, sappen, water|Tonic, ginger, bitter, crafts en speciaal fris|7.99|7.99|||||None|||4.04 per LT|€||https://www.ah.nl/producten/product/wi553879/aranciata-6-pack|0|None|KOOLZUURHOUDENDE FRISDRANK MET SINAASAPPELSAP UIT CONCENTRAAT (16%)||Ten minste houdbaar tot einde: zie onderkant blik. Bewaar op een koele, droge en reukloze plaats, beschermd tegen de zon en vorst.|None|None|D|Non-Organic|None|None|Ingrediënten: water. sinaasappelsap uit concentraat (16%). suiker. kooldioxide. citroensap uit concentraat. sinaasappelextract (0.1%). natuurlijk sinaasappelaroma.|100 Milliliter
588997|albert_heijn|None|Royal Club Ginger beer 0% suiker 4-pack|Royal Club|None|0.25|Liter|Home|Producten|Frisdrank, sappen, water|Tonic, ginger, bitter, crafts en speciaal fris|3.39|3.39|||||None|||3.39 per LT|€||https://www.ah.nl/producten/product/wi588997/ginger-beer-0-suiker-4-pack|0|None|Frisdrank met plantenextracten enzoetstoffen. 0% suiker||Koel en droog bewaren.|None|None|C|Non-Organic|None|None|Ingrediënten: koolzuurhoudend water, voedingszuur (citroenzuur), zoetstoffen (cyclaamzuur, sucralose, sacharine), natuurlijk gember aroma, conserveermiddel (kaliumsorbaat), stabilisator (arabische gom, glycerol esters van houthars), antioxidant (ascorbinezuur), kleurstof (sulfiet-ammoniakkaramel).|100 Milliliter
73178|albert_heijn|None|Fanta Cassis tray|Fanta|None|330.0|Milliliter|Home|Producten|Frisdrank, sappen, water|Sinas, lemon, cassis|20.64|20.64|||||None|||2.61 per LT|€||https://www.ah.nl/producten/product/wi73178/cassis-tray|0|None|Frisdrank met zwarte bessensap.||Koel, droog en geurvrij bewaren.|None|None||Non-Organic|None|None|Ingrediënten:  Sprankelend water; suiker; zwarte bessensap uit sapconcentraat (5%); voedingszuur: citroenzuur; kleurstof: anthocyanen; natuurlijke zwarte bessenaroma's; conserveermiddel: kaliumsorbaat.|100 Milliliter
454455|albert_heijn|None|NOCCO Tropical|NOCCO|None|250.0|Milliliter|Home|Producten|Frisdrank, sappen, water|Energy drink, sportdranken|1.79|1.79|||||None|||7.16 per LT|€||https://www.ah.nl/producten/product/wi454455/nocco-tropical|0|None|Koolzuurhoudende drank met aminozuren, cafeïne en vitaminen. Met zoetstof Suikervrij Hoog cafeïnegehalte. Niet aanbevolen voor kinderen, vrouwen die zwanger zijn of borstvoeding geven (32 mg/100 ml).|Max 2 blikjes per dag|Bewaren bij +2 - +25°C|None|None|C|Non-Organic|None|None|Ingrediënten: Koolzuurhoudend water, vertakte keten amino zuren BCAA (L-leucine, L-valine, L-isoleucine), cafeïne, vitamines (niacine, B6, foliumzuur, biotine, B12), zuurteregelaar (citroenzuur), aroma’s, zoetstof (sucralose), kleurend voedingsmiddel (concentraat van zoete aardappel,appel, radijs, kers), kleurstof (beta-caroteen).|100 Milliliter
502058|albert_heijn|None|Mogu Mogu Watermeloen|Mogu Mogu|None|320.0|Milliliter|Home|Producten|Frisdrank, sappen, water|Tonic, ginger, bitter, crafts en speciaal fris|1.69|1.69|||||None|||5.28 per LT|€||https://www.ah.nl/producten/product/wi502058/watermeloen|0|None|Limonade met nata de coco|Schud goed, het product kan natuurlijk bezinksel bevatten.|Op een droge, koele, reukloze plaats, uit het zonlicht bewaren.|None|None|E|Non-Organic|None|None|Ingrediënten: water, 15% nata de coco (kokoswater, suiker, E260), suiker, fructose, zuurteregelaar (calcium lactaat E514ii), watermeloensap, aroma's, conserveermiddel (E211), geleermiddel (gellangom), kleurstof (E160d) E = door de E.G. goedgekeurde hulpstof.|100 Milliliter
412816|albert_heijn|None|Bundaberg Blood orange|Bundaberg|None|37.5|Centiliter|Home|Producten|Frisdrank, sappen, water|Tonic, ginger, bitter, crafts en speciaal fris|2.49|2.49|||||None|||6.64 per LT|€||https://www.ah.nl/producten/product/wi412816/blood-orange|0|None|Alcoholvrij gebrouwen koolzuurhoudend frisdrank met bloedsinaasappelsmaak|||None|None|E|Non-Organic|None|None|Ingrediënten: water, rietsuiker, bloedsinaasappel uit concentraat (5%), bloedsinaasappel brouwsel 1,7% (water, bloedsinaasappelsap concentraat, rietsuiker, gist), koolzuur, voedingszuur (citroenzuur), verdikkingsmiddel (pectine), aroma's, conserveermiddelen (E202, E211), kleuren (E163, E160d), antioxidant (ascorbinezuur),|100 Milliliter
566584|albert_heijn|None|Sourcy Vitaminwater mango guave 6-pack|Sourcy|None|0.5|Liter|Home|Producten|Frisdrank, sappen, water|Energy drink, sportdranken|10.49|10.49|||||None|||3.5 per LT|€||https://www.ah.nl/producten/product/wi566584/vitaminwater-mango-guave-6-pack|0|None|Koolzuurvrije drank op basis van bronwater met de smaak van mango en guave, met toegevoegde vitaminen, guarana-extract en magnesium, met zoetstoffen. 0% suiker. Vitamine C, B6, B8 en B12 activeren je natuurlijke energie in het lichaam. Magnesium draagt bij aan extra energie bij vermoeidheid. Sourcy Vitaminwater is een aanvulling op een gezonde levensstijl. Een gevarieerde, evenwichtige voeding en gezonde leefstijl zijn belangrijk.||Ten minste houdbaar tot einde: zie hals fles.  Koel, droog en donker bewaren. Na openen beperkt houdbaar.|None|None|C|Non-Organic|None|None|Ingrediënten: bronwater, voedingszuur (citroenzuur), magnesiumcarbonaat, natuurlijk aroma, aroma (cafeïne), zoetstoffen (cyclaamzuur, acesulfaam-K, sucralose), stabilisator (arabische gom), conserveermiddel (kaliumsorbaat), kleurstof (Beta-apo-8-carotenal), guarana-extract (0,01%), vitamine C, vitamine B6, biotine (vitamine B8), vitamine B12.|100 Milliliter
568319|albert_heijn|None|Lipton Ice tea green strawberry|Lipton|None|1500.0|Milliliter|Home|Producten|Frisdrank, sappen, water|Ice tea|3.39|3.39|||||None|||2.26 per LT|€||https://www.ah.nl/producten/product/wi568319/ice-tea-green-strawberry|0|None|Verfrissende drank met thee-extract en aardbeiensap, gezoet met suiker en zoetstof van natuurlijke oorsprong.|Lipton Ice Tea bevat thee-extract. Een licht bezinksel is mogelijk. Kijk, ruik en proef een beetje na deze datum om de kwaliteit te beoordelen.|Na openening gekoeld rechtopstaand bewaren en beperkt houdbaar.|None|None|C|Non-Organic|None|None|Ingrediënten: Water, invertsuiker, fructose, voedingszuren (appelzuur, citroenzuur), groene thee-extract¹ (0,12%), aardbeiensap van geconcentreerd sap (0,1%), natuurlijk aroma, zuurteregelaar (trinatriumcitraat), antioxidant (ascorbinezuur), zoetstof (steviolglycosiden van Stevia), suiker.|100 Milliliter
576023|albert_heijn|None|Xoxo Sparkling red berries|Xoxo|None|330.0|Milliliter|Home|Producten|Frisdrank, sappen, water|Tonic, ginger, bitter, crafts en speciaal fris|1.79|1.79|||||None|||5.42 per LT|€||https://www.ah.nl/producten/product/wi576023/sparkling-red-berries|0|None|Sparkling Red Berries Low Sugar, High Fibre, Low Calorie||Koel bewaren.|None|None|C|Non-Organic|None|None|Ingrediënten: water, tapiocadextrine, suiker, koolzuur, aardpeerpoeder, voedingszuur: citroenzuur, zuurteregelaar: natriumcitraat, zure kersensapconcentraat (0,5%), kleurconcentraat van wortel, voedingsvezel (Acacia), frambozensapconcentraat (0,3%), zwarte bessensapconcentraat (0,2%), natuurlijk aroma, zoetstof: steviolglycosiden uit stevia.|100 Milliliter
589004|albert_heijn|None|Lipton Ice tea green citrus sparkling no sugar|Lipton|None|500.0|Milliliter|Home|Producten|Frisdrank, sappen, water|Ice tea|1.89|1.89|||||None|||3.78 per LT|€||https://www.ah.nl/producten/product/wi589004/ice-tea-green-citrus-sparkling-no-sugar|0|None|Verfrissende drank met groene thee-extract en sinaasappelsap, met zoetstoffen.|IJskoud serveren. Lipton Ice Tea bevat thee-extract. Een licht bezinksel is mogelijk.||None|None|C|Non-Organic|None|None|Ingrediënten: koolzuurhoudend water, voedingszuren (citroenzuur, appelzuur), groene thee-extract(1) (0,12%), sinaasappelsap van geconcentreerd sap (0,1%), zuurteregelaar (trinatriumcitraat), aroma's, antioxidant (ascorbinezuur), zoetstoffen (acesulfaam-k, sucralose, steviolglycosiden van Stevia). (1)Rainforest Alliance Certified. More information on ra.org.|100 Gram
415226|albert_heijn|None|Lipton Ice tea green|Lipton|None|1000.0|Milliliter|Home|Producten|Frisdrank, sappen, water|Ice tea|2.65|2.65|||||None|||2.65 per LT|€||https://www.ah.nl/producten/product/wi415226/ice-tea-green|0|None|Verfrissende drank met groene thee-extract, gezoet met suiker en zoetstof van natuurlijke oorsprong. Low in Sugar|Lipton Ice Tea bevat thee-extract. Een licht bezinksel is mogelijk.|Na opening gekoeld bewaren en beperkt houdbaar.|None|None|C|Non-Organic|None|None|Ingrediënten: Water, fructose, suiker, voedingszuren (citroenzuur, appelzuur), groene thee-extract(¹) (0,12%), aroma's zuurteregelaar (trinatriumcitraat), antioxidant (ascorbinezuur), zoetstof (steviolglycosiden).  (1)Rainforest Alliance Certified. More information on ra.org.|100 Gram
575852|albert_heijn|None|Perfect Ted Matcha green tea energy juicy peach|Perfect Ted|None|250.0|Milliliter|Home|Producten|Frisdrank, sappen, water|Energy drink, sportdranken|1.69|1.69|||||None|||6.76 per LT|€||https://www.ah.nl/producten/product/wi575852/matcha-green-tea-energy-juicy-peach|0|None|PerfectTed - sprankelend water met fruit extract en Matcha|||None|None|C|Non-Organic|None|None|koolzuurhoudend water, perziksap uit concentraat, mangosap uit concentraat, citroensap, groene thee-extract, ceremoniële kwaliteit matcha, natuurlijke smaakstoffen, vitamine b, vitamine b3, vitamine b5, vitamine b6, vitamine b2, vitamine b1, vitamine b12, vitamine b9, vitamine b7|100 Gram
173432|albert_heijn|None|Arizona Green tea with honey|Arizona|None|50.0|Centiliter|Home|Producten|Frisdrank, sappen, water|Ice tea|1.49|1.49|||||None|||2.98 per LT|€||https://www.ah.nl/producten/product/wi173432/green-tea-with-honey|0|None|Groene thee met honing, met suiker en zoetstof|Shake well|Ongeopend ten minste houdbaar tot einde: zie dop|None|None|D|Non-Organic|None|None|Ingrediënten: Water, suiker, fructose, 2% perensap uit concentraat, honing (0,43%), groene thee-extract (0,12%), antioxidant: ascorbinezuur, voedingszuur: citroenzuur, natuurlijk aroma, zoetstof: steviolglycosiden.|100 Milliliter
369321|albert_heijn|None|Mogu Mogu Meloen fles|Mogu Mogu|None|320.0|Milliliter|Home|Producten|Frisdrank, sappen, water|Frisdrank|1.69|1.69|||||None|||5.28 per LT|€||https://www.ah.nl/producten/product/wi369321/meloen-fles|0|None|Limonade met nata de coco|Koel serveren. Schudden voor gebruik. Schud goed, het product kan natuurlijk bezinksel bevatten.|Op een droge, koele, reukloze plaats, uit het zonlicht bewaren.|None|None|E|Non-Organic|None|None|Ingrediënten: water, 15% nata de coco (kokoswater, suiker, E260, azijnzuur), fructose, suiker, voedingszuur (citroenzuur, calcium lactate), aroma, conserveermiddel: (E211), geleermiddel: gellangom, kleurstoffen: (E160a, E133) E = door de E.G. goedgekeurde hulpstof|100 Milliliter
530560|albert_heijn|None|NOCCO Mango del sol|NOCCO|None|250.0|Milliliter|Home|Producten|Frisdrank, sappen, water|Energy drink, sportdranken|1.79|1.79|||||None|||7.16 per LT|€||https://www.ah.nl/producten/product/wi530560/mango-del-sol|0|None|Koolzuurhoudende drank met aminozuren, cafeïne en vitaminen. Met zoetstof. Suikervrij Hoog cafeïnegehalte. Niet aanbevolen voor kinderen, vrouwen die zwanger zijn of borstvoeding geven (32 mg/100 ml).|Max 2 blikjes per dag|Bewaren bij +2 - +25°C|None|None|C|Non-Organic|None|None|Ingrediënten:Koolzuurhoudend water, vertakte keten aminozuren (L-leucine, L-valine, L-isoleucine), cafeïne, vitamines (niacine, B6, foliumzuur, biotine, B12), zuurteregelaars (citroenzuur), aroma's, zoetstof (sucralose), kleurstof (beta-caroteen).n)|100 Milliliter
476728|albert_heijn|None|Fever-Tree Elderflower tonic light|Fever-Tree|None|500.0|Milliliter|Home|Producten|Frisdrank, sappen, water|Tonic, ginger, bitter, crafts en speciaal fris|3.49|3.49|||||None|||6.98 per LT|€||https://www.ah.nl/producten/product/wi476728/elderflower-tonic-light|0|None|Elderflower tonic water low in calories|Contents under pressure. Open and handle with care.|Do not store in direct sunlight. Keep refrigerated after opening and consume within three days.|None|None|C|Non-Organic|None|None|Ingrediënten: Carbonated Spring Water, Fructose (fruit sugar), Fresh Elderflower Extract, Acid: Citric Acid, Natural Flavourings including Natural Quinine.|100 Milliliter
482690|albert_heijn|None|AH Sportdrank blue 6-pack|AH|None|500.0|Milliliter|Home|Producten|Energie voeding, sportvoeding|Sportvoeding|4.09|4.09|||||None|||1.36 per LT|€||https://www.ah.nl/producten/product/wi482690/sportdrank-blue-6-pack|0|None|Frisdrank met ananas-aardbeiensmaak met toegevoegde vitaminen met suiker en zoetstof||Ten minste houdbaar tot en met: zie bovenzijde. Vaak goed na deze datum. Kijk, ruik en proef. Na openen gekoeld bewaren (max. 7°C), beperkt houdbaar.|None|None|D|Non-Organic|None|None|"Ingrediënten: water, suiker, voedingszuur (citroenzuur [E330]), mineralen (calcium, magnesium), aroma, conserveermiddel (kaliumsorbaat [E202], natriumbenzoaat [E211], dimethyldicarbonaat [E242]), stabilisator (arabische gom [E414], glycerolesters van houthars [E445]), L-carnitine, zoetstof (steviolglycosiden uit Stevia [E960a]), vitaminen (B3, B5, B6), kleurstof (briljantblauw FCF [E133]).
Waarvan toegevoegde suikers 4.6g per 100 milliliter en waarvan toegevoegd zout 0.00g per 100 milliliter"|100 Milliliter
576011|albert_heijn|None|Sqweez White peach|Sqweez|None|250.0|Milliliter|Home|Producten|Frisdrank, sappen, water|Tonic, ginger, bitter, crafts en speciaal fris|0.99|0.99|||||None|||3.96 per LT|€||https://www.ah.nl/producten/product/wi576011/white-peach|0|None|Koolzuurhoudende drank met perziksmaak Dit product bevat van nature aanwezige suikers.|best served ice cold||None|None|C|Non-Organic|None|None|Ingrediënten: koolzuurhoudend water, appelsap uit concentraat, perzikpuree (4%),citroensap uit concentraat,natuurlijke aroma.|100 Milliliter
580748|albert_heijn|None|Lipton Ice tea sparkling original 6-pack|Lipton|None|1500.0|Milliliter|Home|Producten|Frisdrank, sappen, water|Ice tea|17.29|17.29|||||None|||1.92 per LT|€||https://www.ah.nl/producten/product/wi580748/ice-tea-sparkling-original-6-pack|0|None|Verfrissende drank met thee-extract, gezoet met suiker en zoetstof van natuurlijke oorsprong. Low in Calories|IJskoud serveren. Lipton Ice Tea bevat thee-extract. Een licht bezinksel is mogelijk. Na opening gekoeld bewaren en beperkt houdbaar.|Na opening gekoeld bewaren en beperkt houdbaar.|None|None|D|Non-Organic|None|None|Ingrediënten: Koolzuurhoudend water, suiker, fructose, thee-extract⁽¹⁾ (0,3%), voedingszuren (citroenzuur, appelzuur), zuurteregelaar (trinatriumcitraat), citroensap van geconcentreerd sap (0,1%), aroma's, antioxidant (ascorbinezuur), zoetstof (steviolglycosiden van Stevia). ⁽¹⁾Rainforest Alliance Certified. More information on ra.org.|100 Milliliter
477061|albert_heijn|None|AH Cassis regular 6-pack|AH|None|500.0|Milliliter|Home|Producten|Frisdrank, sappen, water|Sinas, lemon, cassis|3.99|3.99|||||None|||1.33 per LT|€||https://www.ah.nl/producten/product/wi477061/cassis-regular-6-pack|0|None|Koolzuurhoudende frisdrank met 5% zwartebessensap uit concentraat met suiker en zoetstoffen||Ten minste houdbaar tot en met: zie bovenzijde. Vaak goed na deze datum. Kijk, ruik en proef. Koel, donker en droog bewaren. Na openen gekoeld bewaren (max. 7°C), beperkt houdbaar. De verpakking goed sluiten na gebruik.|None|None|D|Non-Organic|None|None|"Ingrediënten: koolzuurhoudend water, zwartebessensap uit concentraat, suiker, voedingszuur (citroenzuur [E330]), natuurlijk aroma, conserveermiddel (kaliumsorbaat [E202], natriumbenzoaat [E211]), kleurend concentraat (zwarte wortel, hibiscus), zoetstof (sucralose [E955], acesulfaam-K [E950]).
Waarvan toegevoegde suikers 2.4g per 100 milliliter en waarvan toegevoegd zout 0.00g per 100 milliliter"|100 Milliliter
568349|albert_heijn|None|Aquarius Red peach zero sugar|Aquarius|None|500.0|Milliliter|Home|Producten|Energie voeding, sportvoeding|Sportvoeding|1.75|1.75|||||None|||3.5 per LT|€||https://www.ah.nl/producten/product/wi568349/red-peach-zero-sugar|0|None|Frisdrank met perziksmaak, met toegevoegde minerale zouten°. Met zoetstoffen. Zero sugar *Aquarius is een bron van zink en seleen.||Koel, droog, geurvrij en uit het zonlicht bewaren.|None|None|C|Non-Organic|None|None|Ingrediënten: Water; voedingszuur: citroenzuur; wortel- en zwarte bessenconcentraten; natuurlijke aroma's; smaakversterkers: natriumchloride, kaliumfosfaat, calciumfosfaat; stabilisatoren: natriumgluconaat, arabische gom, glycerolesters van houthars; zoetstoffen: cyclamaten, sucralose; minerale zouten°: zinkgluconaat, natriumselenaat; kleurstof: carotenen.|100 Milliliter
589161|albert_heijn|None|De Frisdrank Fabriek Passievrucht vleugje chilipeper|De Frisdrank Fabriek|None|250.0|Milliliter|Home|Producten|Frisdrank, sappen, water|Tonic, ginger, bitter, crafts en speciaal fris|1.79|1.79|||||None|||7.16 per LT|€||https://www.ah.nl/producten/product/wi589161/passievrucht-vleugje-chilipeper|0.1|None|Frisdrank van Échte Ingrediënten||Ten minste houdbaar tot: zie onderkant|None|None|C|Organic|None|None|Ingrediënten: Koolzuurhoudend water, vruchtensap 24% (15% appelsap*, 9% passievruchtsap* uit concentraat, agavenectar*, rode peper extract*), *biologisch|100 Milliliter
518926|albert_heijn|None|Arizona Green tea peach with honey|Arizona|None|1.0|Liter|Home|Producten|Frisdrank, sappen, water|Ice tea|2.19|2.19|||||None|||2.19 per LT|€||https://www.ah.nl/producten/product/wi518926/green-tea-peach-with-honey|0|None|Zwarte thee met perziksmaak, met suiker en zoetstof|Shake well|Ongeopend ten minste houdbaar tot einde: zie dop|None|None|D|Non-Organic|None|None|Ingrediënten: Water, suiker, 0,1% perziksap uit concentraat, zwarte thee-extract (0,14%), voedingszuur: citroenzuur en appelzuur, natuurlijke aroma, antioxidant: ascorbinezuur, zoetstof: steviolglycosiden|100 Milliliter
461130|albert_heijn|None|Bundaberg Pink Grapefruit|Bundaberg|None|37.5|Centiliter|Home|Producten|Frisdrank, sappen, water|Tonic, ginger, bitter, crafts en speciaal fris|2.49|2.49|||||None|||6.64 per LT|€||https://www.ah.nl/producten/product/wi461130/bundaberg-pink-grapefruit|0|None|Alcoholvrij gebrouwen koolzuurhoudend frisdrank met roze grapefruitsappelsmaak|||None|None|E|Non-Organic|None|None|Ingrediënten: water, rietsuiker, roze grapefruitsap uit concentraat (5%), roze grapefruitbrousel (water, rietsuiker, roze grapefruitsap concentraat, gist), koolzuur, smaakstoffen, voedingszuur (citroenzuur), antioxidant (ascorbinezuur), conserveermiddelen (E211, E202), kleurstoffen (paarse zoete aardappel, lycopee).|100 Milliliter
568325|albert_heijn|None|Sourcy Vitaminwater braam acai 6-pack|Sourcy|None|0.5|Liter|Home|Producten|Frisdrank, sappen, water|Energy drink, sportdranken|10.69|10.69|||||None|||3.56 per LT|€||https://www.ah.nl/producten/product/wi568325/vitaminwater-braam-acai-6-pack|0|None|Koolzuurvrije drank op basis van bronwater met de smaak van braam en bosbes, met toegevoegde vitaminen, açai-extract en zink, met zoetstoffen. 0% suiker. Vitamine B6, B12 en Zink hebben een positieve werking op het immuunsysteem. Vitamine E en Zink zijn antioxidanten die helpen bij het natuurlijke afweersysteem van lichaamscellen. Sourcy Vitaminwater is een aanvulling op een gezonde levensstijl. Een gevarieerde, evenwichtige voeding en gezonde leefstijl zijn belangrijk.||Ten minste houdbaar tot einde: zie hals fles.  Koel, droog en donker bewaren. Na openen beperkt houdbaar.|None|None|C|Non-Organic|None|None|Ingrediënten: bronwater, voedingszuur (citroenzuur), zuurteregelaar (trinatriumcitraat), natuurlijk aroma, zoetstoffen (sucralose, acesulfaam-K), conserveermiddel (kaliumsorbaat), kleurstof (anthocyanen), zinkgluconaat, açai- extract (0,001%), vitamine E, vitamine B6, vitamine B12.|100 Milliliter
568327|albert_heijn|None|Sourcy Vitaminwater citroen 6-pack|Sourcy|None|0.5|Liter|Home|Producten|Frisdrank, sappen, water|Energy drink, sportdranken|10.49|10.49|||||None|||3.5 per LT|€||https://www.ah.nl/producten/product/wi568327/vitaminwater-citroen-6-pack|0|None|Koolzuurvrije drank op basis van bronwater met de smaak van witte druif en citroen, met toegevoegde vitaminen, ginseng-extract en zink, met zoetstoffen. 0% suiker. Vitamine C en B3 zijn goed voor het concentratievermogen. Zink houdt de geest helder en is goed voor het geheugen. Sourcy Vitaminwater is een aanvulling op een gezonde levensstijl. Een gevarieerde, evenwichtige voeding en gezonde leefstijl zijn belangrijk.||Ten minste houdbaar tot einde: zie hals fles.  Koel, droog en donker bewaren. Na openen beperkt houdbaar.|None|None|C|Non-Organic|None|None|Ingrediënten: bronwater, voedingszuur (citroenzuur), natuurlijk aroma, zoetstoffen (acesulfaam-K, cyclaamzuur, sucralose), stabilisator (arabische gom), kleurstof (bètacaroteen), conserveermiddel (kaliumsorbaat), zinkcitraat, ginseng(panax)-extract (0.001%), vitamine C, niacine (vitamine B3).|100 Milliliter
589162|albert_heijn|None|De Frisdrank Fabriek Gember limoen|De Frisdrank Fabriek|None|250.0|Milliliter|Home|Producten|Frisdrank, sappen, water|Tonic, ginger, bitter, crafts en speciaal fris|1.79|1.79|||||None|||7.16 per LT|€||https://www.ah.nl/producten/product/wi589162/gember-limoen|0.1|None|Frisdrank van Échte Ingrediënten||Ten minste houdt aar tot: zie onderkant|None|None|C|Organic|None|None|Ingrediënten: Koolzuurhoudend water, vruchtensap 15%, (10% appel*, 5% limoen*), 5% gembersap*, agavenectar*, extracten van kaneel*, vanille*, kruidnagel* en kardemom*, *biologisch|100 Milliliter
482689|albert_heijn|None|AH Sportdrank orange 6-pack|AH|None|500.0|Milliliter|Home|Producten|Energie voeding, sportvoeding|Sportvoeding|4.09|4.09|||||None|||1.36 per LT|€||https://www.ah.nl/producten/product/wi482689/sportdrank-orange-6-pack|0|None|Drank met tropische fruitsmaak||Ten minste houdbaar tot en met: zie bovenzijde. Vaak goed na deze datum. Kijk, ruik en proef. Na openen gekoeld bewaren (max. 7°C), beperkt houdbaar.|None|None|E|Non-Organic|None|None|"Ingrediënten: water, suiker, dextrose, fructose, maltodextrine, voedingszuur (citroenzuur [E330]), conserveermiddel (kaliumsorbaat [E202], natriumbenzoaat [E211], dimethyldicarbonaat [E242]), aroma, antioxidant (ascorbinezuur [E300]), zout, stabilisator (arabische gom [E414], glycerolesters van houthars [E445]), kleurstof (carotenen [E160a], bèta-apo-8'-carotenal (C30) [E160e]).
Waarvan toegevoegde suikers 14g per 100 milliliter en waarvan toegevoegd zout 0.01g per 100 milliliter"|100 Milliliter
568469|albert_heijn|None|Mojo Maté Passionfruit|Mojo Maté|None|25.0|Centiliter|Home|Producten|Frisdrank, sappen, water|Tonic, ginger, bitter, crafts en speciaal fris|1.59|1.59|||||None|||6.36 per LT|€||https://www.ah.nl/producten/product/wi568469/passionfruit|0|None|Biologische maté drank met cafeïne. Low KCAL Hoog cafeïnegehalte (18mg/100ml). Niet aanbevolen voor kinderen, bij zwangerschap of borstvoeding.||T.H.T. - zie onderzijde|None|None|C|Organic|None|None|Ingrediënten: koolzuurhoudend water, rietsuiker*, yerba mate* (extract), passievruchtsap*, antioxidant (citroenzuur). *Biologisch|100 Milliliter
415307|albert_heijn|None|Arizona Iced tea with peach flavour|Arizona|None|330.0|Milliliter|Home|Producten|Frisdrank, sappen, water|Ice tea|0.85|0.85|||||None|||2.58 per LT|€||https://www.ah.nl/producten/product/wi415307/iced-tea-with-peach-flavour|0|None|Zwarte thee met perzik smaak, met suiker en zoetstof|Shake well|Ongeopend ten minste houdbaar tot einde: zie bodem|None|None|D|Non-Organic|None|None|Ingrediënten: Water, suiker, 0,1% perziksap uit concentraat, zwarte thee-extract (0,14%), voedingszuur:citroenzuur en appelzuur, natuurlijke aroma, antioxidant: ascorbinezuur, zoetstof: steviolglycosiden.|100 Milliliter
458265|albert_heijn|None|Fentimans Ginger beer|Fentimans|None|750.0|Milliliter|Home|Producten|Frisdrank, sappen, water|Tonic, ginger, bitter, crafts en speciaal fris|3.99|3.99|||||None|||5.32 per LT|€||https://www.ah.nl/producten/product/wi458265/ginger-beer|0|None|Ginger Beer|"Serve chilled

Upend before pouring"|Ten minste houdbaar tot einde, zie nek. Eenmaal geopend, gekoeld bewaren en binnen 3 dagen consumeren.|None|None|D|Non-Organic|None|None|Ingrediënten: Koolzuurhoudend water, gefermenteerd gemberwortel extract (water, glucosestroop, gemberwortel, perensap concentraat, gist), suiker, perensap concentraat, natuurlijke smaakstoffen (gember, citroen, paprika), wijnsteenpoeder, zuur: citroenzuur, zoetstof: steviolglycosiden van stevia, kruiden infusie (ereprijs, jeneverbes, duizendblad).|100 Milliliter
476725|albert_heijn|None|Fever-Tree Ginger beer light|Fever-Tree|None|500.0|Milliliter|Home|Producten|Frisdrank, sappen, water|Tonic, ginger, bitter, crafts en speciaal fris|3.49|3.49|||||None|||6.98 per LT|€||https://www.ah.nl/producten/product/wi476725/ginger-beer-light|0|None|Light Ginger Beer Low in calories|Contents under pressure. Open and handle with care. Product may separate naturally, gently invert before serving.|Do not store in direct sunlight. Keep refrigerated after opening and consume within three days.|None|None|C|Non-Organic|None|None|Ingrediënten: Carbonated Spring Water, Fructose (fruit sugar), Ginger Root, Natural Ginger, Flavouring with other Natural Flavourings, Acid: Tartaric Acid, Antioxidant: Ascorbic Acid.|100 Milliliter
589163|albert_heijn|None|De Frisdrank Fabriek Framboos munt|De Frisdrank Fabriek|None|250.0|Milliliter|Home|Producten|Frisdrank, sappen, water|Tonic, ginger, bitter, crafts en speciaal fris|1.79|1.79|||||None|||7.16 per LT|€||https://www.ah.nl/producten/product/wi589163/framboos-munt|0.1|None|Frisdrank van Échte Ingrediënten||Ten minste houdbaar tot: zie onderkant|None|None|C|Organic|None|None|Ingrediënten: Koolzuurhoudend water, vruchtensap 16% (6% frambozensap*, 6% appelsap, 4% citroensap*), agavenectar*, extracten van munt* en citroenmelisse*, *biologisch|100 Milliliter
554748|albert_heijn|None|Fuze Tea Green ice tea 12-pack|Fuze Tea|None|400.0|Milliliter|Home|Producten|Frisdrank, sappen, water|Ice tea|16.65|16.65|||||None|||3.47 per LT|€||https://www.ah.nl/producten/product/wi554748/green-ice-tea-12-pack|0|None|Frisdrank op basis van getrokken groene thee,met citrussmaak, met suikers en zoetstof. Laag in caloriën|"

Koel drinken.



"|Koel, droog, geurvrij en uit het zonlicht bewaren.|None|None|D|Non-Organic|None|None|Ingrediënten: Getrokkengroene thee 94% (water, geconcentreerde groene thee⁺ infusie); suiker; voedingszuren:citroenzuur, natriumcitraat; citroensap uit concentraat (1%); natuurlijkecitrusaroma's met andere natuurlijke aroma's; antioxidant: ascorbinezuur;zoetstof: steviolglycosiden.⁺RainforestAlliance Gecertificeerd™​⁺VérifiéRainforest Alliance™​⁺RainforestAlliance Certified™​|100 Milliliter
575851|albert_heijn|None|Perfect Ted Matcha green tea energy apple raspberry|Perfect Ted|None|250.0|Milliliter|Home|Producten|Frisdrank, sappen, water|Energy drink, sportdranken|1.69|1.69|||||None|||6.76 per LT|€||https://www.ah.nl/producten/product/wi575851/matcha-green-tea-energy-apple-raspberry|0|None|PerfectTed - sprankelend water met fruit extract en Matcha|||None|None|C|Non-Organic|None|None|Koolzuurhoudend water, appelsap uit concentraat, frambozensap, ceremoniële kwaliteit matcha, groene thee-extract, natuurlijke smaakstoffen, vitamine b, vitamine b3, vitamine b5, vitamine b6, vitamine b2, vitamine b1, vitamine b12, vitamine b9, vitamine b7|100 Gram
576022|albert_heijn|None|Xoxo Sparkling tropical fruits|Xoxo|None|330.0|Milliliter|Home|Producten|Frisdrank, sappen, water|Tonic, ginger, bitter, crafts en speciaal fris|1.79|1.79|||||None|||5.42 per LT|€||https://www.ah.nl/producten/product/wi576022/sparkling-tropical-fruits|0|None|Koolzuurhoudende drank met tropische vruchtensmaak, vezel, suiker en zoetstof. High fibre, low calorie, low sugar.||Koel bewaren.|None|None|C|Non-Organic|None|None|Ingrediënten: water, tapiocadextrine, suiker, mangosapconcentraat (2,5%), koolzuur, aardpeerpoeder, voedingszuur: citroenzuur, zuurteregelaar: natriumcitraat, natuurlijk aroma, voedingsvezel (Acacia), appelsapconcentraat (0,5%), zoetstof: steviolglycosiden uit stevia, antioxidant: ascorbinezuur, kleurstof: carotenen.|100 Milliliter
551155|albert_heijn|None|Oasis Tropical 6-pack|Oasis|None|0.33|Liter|Home|Producten|Frisdrank, sappen, water|Tonic, ginger, bitter, crafts en speciaal fris|7.49|7.49|||||None|||3.78 per LT|€||https://www.ah.nl/producten/product/wi551155/tropical-6-pack|0|None|Niet bruisende vruchtenfrisdrank met bronwater. OAS_FRU207R0100|Uit de zon en op een koele plaats bewaren. Na opening in de koelkast bewaren en binnen de 5 dagen verbruiken.|Uit de zon en op een koele plaats bewaren. Na opening in de koelkast bewaren en binnen de 5 dagen verbruiken.|None|None|C|Non-Organic|None|None|water, vruchtensap uit concentraat 12% (sinaasappel 6,5%, appel, passievrucht 0,1%, mango 0,08%), suiker, fructosestroop, voedingszuur: citroenzuur en appelzuur, natuurlijke aroma's, zuurteregelaar: natriumcitraat, antioxidant: ascorbinezuur zuur, kleur: paprika-extract, natuurlijke sinaasappelsmaak|100 Milliliter
568278|albert_heijn|None|Mojo Maté Original|Mojo Maté|None|25.0|Centiliter|Home|Producten|Frisdrank, sappen, water|Tonic, ginger, bitter, crafts en speciaal fris|1.59|1.59|||||None|||6.36 per LT|€||https://www.ah.nl/producten/product/wi568278/original|0|None|Biologische maté drank met cafeïne. Hoog cafeïnegehalte (24mg/100ml). Niet aanbevolen voor kinderen, bij zwangerschap of borstvoeding.||T.H.T. - zie onderzijde|None|None|C|Organic|None|None|Ingrediënten: koolzuurhoudend water, rietsuiker*, yerba mate* (extract), citroensap* (concentraat), antioxidant (citroenzuur). *Biologisch|100 Milliliter
495806|albert_heijn|None|7up Zero 24-pack|7up|None|0.33|Liter|Home|Producten|Frisdrank, sappen, water|Sinas, lemon, cassis|18.2|18.2|||||None|||2.3 per LT|€||https://www.ah.nl/producten/product/wi495806/zero-24-pack|0|None|Calorie-arme frisdrank met natuurlijk citroen- en limoenaroma, met zoetstof. lorie-arme frisdrank met natuurlijk citroenen limoenaroma, met zoetstof. free of sugar Bevat een bron van fenylalanine.||Koel en droog bewaren.|None|None|C|Non-Organic|None|None|Ingrediënten: koolzuurhoudend water, voedingszuur (citroenzuur), natuurlijk citroen- en limoenaroma, zuurteregelaar (natriumcitraat), zoetstof (aspartaam).|100 Milliliter
589003|albert_heijn|None|Royal Club Bitter lemon 0% suiker 4-pack|Royal Club|None|0.25|Liter|Home|Producten|Frisdrank, sappen, water|Tonic, ginger, bitter, crafts en speciaal fris|3.39|3.39|||||None|||3.39 per LT|€||https://www.ah.nl/producten/product/wi589003/bitter-lemon-0-suiker-4-pack|0|None|Bittere citroenfrisdrank, met zoetstoffen, bevatkinine. 0% suiker||Koel en droog bewaren.|None|None|C|Non-Organic|None|None|Ingrediënten: koolzuurhoudend water, citroensap uit concentraat (8%), voedingszuur (citroenzuur), zoetstoffen (cyclaamzuur, sacharine, acesulfaam-K), natuurlijk aroma (waarvan natuurlijke kinine), antioxidant (ascorbinezuur).|100 Milliliter
436107|albert_heijn|None|Arizona Green tea peach with honey|Arizona|None|50.0|Centiliter|Home|Producten|Frisdrank, sappen, water|Ice tea|1.49|1.49|||||None|||2.98 per LT|€||https://www.ah.nl/producten/product/wi436107/green-tea-peach-with-honey|0|None|Groene Thee met honing en perzik sap uit concentraat, met suiker en zoetstof|Shake well|Ongeopend ten minste houdbaar tot einde: zie dop|None|None|D|Non-Organic|None|None|Ingrediënten: Water, suiker, perziksap uit concentraat (2%), honing (0,28%), groene thee extract (0,12%), natuurlijk aroma, anti-oxidant: ascorbinezuur, voedingszuur: citroenzuur en appelzuur, zoetstof: steviolglycosiden.|100 Milliliter
521820|albert_heijn|None|Maaza Passion fruit fruit drink|Maaza|None|1.0|Liter|Home|Producten|Frisdrank, sappen, water|Tonic, ginger, bitter, crafts en speciaal fris|2.19|2.19|||||None|||2.19 per LT|€||https://www.ah.nl/producten/product/wi521820/passion-fruit-fruit-drink|0|None|Fruitdrink met 14% passievruchtsap uit concentraat, kort verhit.|Shake well & enjoy!|"Tenminste houdbaar tot: zie bovenzijde verpakking.

Na opening gekoeld beperkt houdbaar."|None|None|E|Non-Organic|None|None|Ingrediënten: Water, passievruchtsap uit concentraat 14%, suiker, verdikkingsmiddel (cellulosegom), aroma, kleurstof (bètacaroteen)|100 Milliliter
561871|albert_heijn|None|Hero Cassis no bubbles|Hero|None|1.5|Liter|Home|Producten|Frisdrank, sappen, water|Sinas, lemon, cassis|2.85|2.85|||||None|||1.9 per LT|€||https://www.ah.nl/producten/product/wi561871/cassis-no-bubbles|0.1|None|Frisdrank met het sap van zwarte bessen. Gezoet met suiker en zoetstoffen||Uit de zon en op een koele plaats bewaren. Na openen beperkt houdbaar in de koelkast.|None|None|E|Non-Organic|None|None|Ingrediënten: Water, suiker, zwarte bessensap uit concentraat (3%), gefermenteerd zwarte bessensap (2%), voedingszuur (citroenzuur), zuurteregelaar (natriumcitraten), aroma, kleurend concentraat (zwarte bes, wortel), zoetstoffen (acesulfaam-K, sucralose, cyclamaten).|100 Milliliter
379082|albert_heijn|None|Fentimans Rose lemonade|Fentimans|None|750.0|Milliliter|Home|Producten|Frisdrank, sappen, water|Tonic, ginger, bitter, crafts en speciaal fris|3.99|3.99|||||None|||5.32 per LT|€||https://www.ah.nl/producten/product/wi379082/rose-lemonade|0|None|Rose Lemonade|Serve chilled|"Ten minste houdbaar tot einde, zie nek.
Eenmaal geopend, gekoeld bewaren en binnen 3 dagen consumeren."|None|None|D|Non-Organic|None|None|Ingrediënten: Koolzuurhoudend water, fructose, suiker, geklaard citroensap uit concentraat (6%), perensapconcentraat (5%), gefermenteerd gemberwortelextract (water, glucosestroop, gemberwortel, perensapconcentraat, gist), natuurlijke aroma's, stabilisator: pectine, zuur: wijnsteenzuur, citroenzuur, kleurstof: rodekoolextract, zoetstof: steviolglycosiden van stevia, Bulgaarse rozenolie.|100 Milliliter
561580|albert_heijn|None|Fever-Tree Spanish clementine tonic|Fever-Tree|None|500.0|Milliliter|Home|Producten|Frisdrank, sappen, water|Tonic, ginger, bitter, crafts en speciaal fris|3.49|3.49|||||None|||6.98 per LT|€||https://www.ah.nl/producten/product/wi561580/spanish-clementine-tonic|0|None|Gearomatiseerde koolzuurhoudend frisdrank|Waarschuwing: De inhoud staat onder druk. Voorzichtig openen en behandelen.|Uit de zon bewaren. Eenmaal geopend, gekoeld bewaren en binnen 3 dagen consumeren.|None|None|C|Non-Organic|None|None|Ingrediënten: Koolzuurhoudend bronwater, fructose, voedingszuur (citroenzuur), natuurlijke aroma's bevat kinine, natuurlijke clementinearoma's, concentraten (wortel, saffloer, appel).|100 Milliliter
577594|albert_heijn|None|A&W Root beer|A&W|None|330.0|Milliliter|Home|Producten|Frisdrank, sappen, water|Tonic, ginger, bitter, crafts en speciaal fris|1.69|1.69|||||None|||5.12 per LT|€||https://www.ah.nl/producten/product/wi577594/root-beer|0|None|Frisdrank met vanille en root beer smaak, met suiker en zoetstoffen|Serveer gekoeld.|Koel en droog bewaren.|None|None|D|Non-Organic|None|None|Ingrediënten: water, suiker, bevochtigingsmiddel (E422), kleurstof (E150d, E220), verdikkingsmiddel (E440), schuimmiddel (E999), aroma, zoetstof (E950, E955), voedingszuur (E338), vanille-extract, conserveermiddel (E211).|100 Milliliter
578322|albert_heijn|None|Bundaberg Passionfruit|Bundaberg|None|37.5|Centiliter|Home|Producten|Frisdrank, sappen, water|Tonic, ginger, bitter, crafts en speciaal fris|2.49|2.49|||||None|||6.64 per LT|€||https://www.ah.nl/producten/product/wi578322/passionfruit|0|None|alcoholvrij gebrouwen koolzuurhoudende frisdrank met passievruchtsmaak|"Indien leeg, zie flessenhals

Invert bottle before opening"|ten minste houdbaar tot|None|None|E|Non-Organic|None|None|Ingrediënten: water, rietsuiker, passievruchtensap uit concentraat (3,5%), passievrucht brouwsel (water, passievruchtenpuree, rietsuiker, gist), koolzuur, voedingszuur (citroenzuur), aroma's, verdikkingsmiddel (pectinen), kleurstof (caroteen), conserveermiddelen (E202, E211), antioxidant (ascorbinezuur).|100 Milliliter
196140|albert_heijn|None|Royal Club Tonic classic|Royal Club|None|0.5|Liter|Home|Producten|Frisdrank, sappen, water|Tonic, ginger, bitter, crafts en speciaal fris|1.75|1.75|||||None|||3.5 per LT|€||https://www.ah.nl/producten/product/wi196140/tonic-classic|0|None|Frisdrank met vruchtenextracten, bevat kinine.||Koel, droog en donker bewaren. Na openen beperkt houdbaar.|None|None|D|Non-Organic|None|None|Ingrediënten: koolzuurhoudend water, suiker, glucose-fructosestroop, voedingszuur (citroenzuur), natuurlijk aroma (waarvan natuurlijke kinine).|100 Milliliter
496861|albert_heijn|None|Red Bull Energy drink 12-pack voordeelverpakking|Red Bull|None|250.0|Milliliter|Home|Producten|Frisdrank, sappen, water|Energy drink, sportdranken|18.69|15|18.69|15|2025-05-26|2025-06-01|None||VOOR 15.00|6.23 per LT|€||https://www.ah.nl/producten/product/wi496861/energy-drink-12-pack-voordeelverpakking|0|None|Energy Drink Niet aan bevolen voor kinderen en vrouwen die zwanger zijn of borstvoeding geven (32 mg/100 ml). Gepasteuriseerd. Hoog cafeïnegehalte.|Drink met mate.||None|None|E|Non-Organic|None|None|ingrediënten: koolzuurhoudend water, sacharose, glucose, voedingszuur (citroenzuur), taurine (0,4%), zuurteregelaars (natriumcarbonaten, magnesiumcarbonaten), cafeïne (0,03%), vitaminen (niacine, pantotheenzuur, riboflavine, vitamine b6, vitamine b12) aromas, kleurstof (karamel).|100 Milliliter
589011|albert_heijn|None|Fuze Tea Black tea peach elderflower no sugar|Fuze Tea|None|400.0|Milliliter|Home|Producten|Frisdrank, sappen, water|Ice tea|1.39|1.39|||||None|||3.48 per LT|€||https://www.ah.nl/producten/product/wi589011/black-tea-peach-elderflower-no-sugar|0|None|Frisdrank op basis van getrokken zwarte thee en vlierbloesemextract, met perzik- en vlierbloesemsmaak, met zoetstoffen. No Sugar||Koel en droog bewaren. Ten minste houdbaa tot: zie hals/dop|None|None|C|Non-Organic|None|None|Ingrediënten: Getrokken zwarte thee 98.5% (water, geconcentreerde zwarte thee infusie+); perziksap uit concentraat(1%);voedingszuren: citroenzuur, appelzuur: zuurteregelaars: natriumcitraten, natriumgluconaat; natuurlijke perzik- en vlierbloesemaroma's met andere natuurlijke aroma's, antioxidant,ascorbinezuur; zoetstoffen; sucralose, stevioglycosiden uit stevia vlierbloesemextract. Rainforest Alliance Certified. Find more at ra.org|100 Milliliter
558390|albert_heijn|None|AA Drink High energy 12-pack|AA Drink|None|0.33|Liter|Home|Producten|Energie voeding, sportvoeding|Sportvoeding|11.79|11.79|||||None|||2.98 per LT|€||https://www.ah.nl/producten/product/wi558390/high-energy-12-pack|0|None|Hypertone sportdrank met koolhydraten||Op een droge, koele, reukloze plaats, uit het zonlicht bewaren.|None|None|E|Non-Organic|None|None|Ingrediënten: water, sacharose, fructose, glucose-fructosestroop, dextrose, voedingszuur: citroenzuur, conserveermiddel: kaliumsorbaat, aroma, antioxidant: ascorbinezuur, stabilisator: E415, E445, kleurstof: bètacaroteen, natriumchloride.|100 Milliliter
561579|albert_heijn|None|Fever-Tree Sparkling pink grapefruit|Fever-Tree|None|500.0|Milliliter|Home|Producten|Frisdrank, sappen, water|Tonic, ginger, bitter, crafts en speciaal fris|3.49|3.49|||||None|||6.98 per LT|€||https://www.ah.nl/producten/product/wi561579/sparkling-pink-grapefruit|0|None|Gearomatiseerde koolzuurhoudende frisdrank|Voor het openen voorzichtig omkeren. Waarschuwing: De inhoud staat onder druk. Voorzichtig openen en behandelen.|Uit de zon bewaren. Eenmaal geopend, gekoeld bewaren en binnen 3 dagen consumeren.|None|None|C|Non-Organic|None|None|Ingrediënten: Koolzuurhoudend bronwater, rode pompelmoes uit concentraat (6%), suiker, roze pompelmoesssap, voedingszuur (citroenzuur), natuurlijk pompelmoesaroma met andere natuurlijk aroma's, natuurlijke aroma's, natriumwaterstofcarbonaat, antioxidant (ascorbinezuur), concentraten (wortel, zwarte bes). Kan natuurlijk bezinksel bevatten.|100 Gram
537150|albert_heijn|None|Fuze Tea Green ice tea mango chamomile 12-pack|Fuze Tea|None|400.0|Milliliter|Home|Producten|Frisdrank, sappen, water|Ice tea|16.65|16.65|||||None|||3.47 per LT|€||https://www.ah.nl/producten/product/wi537150/green-ice-tea-mango-chamomile-12-pack|0|None|Frisdrank op basis van getrokken groene thee enkamille-extracten, met mangosmaak, met suiker en zoetstof. Laag in caloriën|"

Koel drinken.



"|Koel, droog, geurvrij en uit het zonlicht bewaren.|None|None|D|Non-Organic|None|None|Ingrediënten:Getrokken groene thee 94% (water, geconcentreerde groene thee⁺ infusie); suiker;mangosap uit concentraat (1%); voedingszuren: citroenzuur, natriumcitraat; antioxidant: ascorbinezuur; natuurlijke aroma’s; zoetstof:steviolglycosiden; kamille-extracten.⁺RainforestAlliance Gecertificeerd™​|100 Milliliter
576018|albert_heijn|None|Sqweez Red fruits|Sqweez|None|250.0|Milliliter|Home|Producten|Frisdrank, sappen, water|Tonic, ginger, bitter, crafts en speciaal fris|0.99|0.99|||||None|||3.96 per LT|€||https://www.ah.nl/producten/product/wi576018/red-fruits|0|None|Koolzuurhoudende drank met bramen en frambozensmaak Dit product bevat van nature aanwezige suikers.|best served ice cold||None|None|C|Non-Organic|None|None|Ingrediënten: koolzuurhoudend water, appelsap uit concentraat, bramensap uit concentraat (1%),frambozensap uit concentraat (1,5%), natuurlijke aroma|100 Milliliter
110693|albert_heijn|None|Aquarius Orange|Aquarius|None|500.0|Milliliter|Home|Producten|Energie voeding, sportvoeding|Sportvoeding|1.75|1.75|||||None|||3.5 per LT|€||https://www.ah.nl/producten/product/wi110693/orange|0|None|Frisdrank met sinaasappelsmaak, met toegevoegde minerale zouten°. Met suiker en zoetstoffen. Low calories Bron van zink en selenium||Koel, droog, geurvrij en uit het zonlicht bewaren.|None|None|D|Non-Organic|None|None|"Ingrediënten: Water; suiker; voedingszuren: citroenzuur, appelzuur; smaakversterkers: natriumchloride, kaliumfosfaat en calciumfosfaat; zuurteregelaar: natriumcitraten; antioxidant: ascorbinezuur; stabilisatoren: arabische gom, glycerolesters van houthars; minerale zouten°: zinkgluconaat, natriumselenaat; zoetstoffen: sucralose, acesulfaam-K; natuurlijke citrusaroma’s; kleurstof: carotenen.

°Aquarius is een bron van zink en seleen"|100 Milliliter
500261|albert_heijn|None|Bullit Energy drink 24-pack|Bullit|None|250.0|Milliliter|Home|Producten|Frisdrank, sappen, water|Energy drink, sportdranken|23.49|23.49|||||None|||3.92 per LT|€||https://www.ah.nl/producten/product/wi500261/energy-drink-24-pack|0|None|Energy Drink Niet aanbevolen voor kinderen en vrouwen die zwanger zijn of borstvoeding geven (30mg/100ml). Hoog cafeïne gehalte. Gepasteuriseerd|Drink met mate.||None|None|E|Non-Organic|None|None|Ingrediënten: koolzuurhoudend water, sacharose, glucose, voedingszuur (citroenzuur), taurine (0,4%), zuurteregelaar (natriumcitraten), cafeïne (0,03%), vitaminen (niacine, pantotheenzuur, B6, B12), aroma's, kleurstoffen (karamel, riboflavinen).|100 Milliliter
588063|albert_heijn|None|NOCCO Ramonade|NOCCO|None|250.0|Milliliter|Home|Producten|Frisdrank, sappen, water|Energy drink, sportdranken|1.79|1.79|||||None|||7.16 per LT|€||https://www.ah.nl/producten/product/wi588063/ramonade|0|None|Koolzuurhoudende drank met cafeïne, groene thee-extract en vitaminen. Met zoetstof. Suikervrij Hoog cafeïnegehalte. Niet aanbevolen voor kinderen, vrouwen die zwanger zijn of borstvoeding geven (32 mg/100 ml).|Max 2 blikjes per dag.|Bewaren bij +2 - +25°C|None|None|C|Non-Organic|None|None|Ingrediënten: Koolzuurhoudend water, cafeïne,groene thee-extract, vitamines (niacine, B6, foliumzuur, biotine,B12), zuurteregelaar (citroenzuur), aroma’s, zoetstof (sucralose).|100 Milliliter
195828|albert_heijn|None|7up Regular|7up|None|0.5|Liter|Home|Producten|Frisdrank, sappen, water|Sinas, lemon, cassis|1.55|1.55|||||None|||3.1 per LT|€||https://www.ah.nl/producten/product/wi195828/regular|0|None|Frisdrank met natuurlijk citroen- en limoenaroma, suiker en zoetstof.||Koel, droog en donker bewaren. Na openen beperkt houdbaar.|None|None|D|Non-Organic|None|None|Ingrediënten: koolzuurhoudend water, suiker, voedingszuren (citroenzuur, appelzuur), natuurlijk citroen- en limoenaroma met andere natuurlijke aroma's, zuurteregelaar (natriumcitraat), zoetstof (steviolglycosiden).|100 Milliliter
580747|albert_heijn|None|Lipton Ice tea peach 6-pack|Lipton|None|1500.0|Milliliter|Home|Producten|Frisdrank, sappen, water|Ice tea|22.09|22.09|||||None|||2.45 per LT|€||https://www.ah.nl/producten/product/wi580747/ice-tea-peach-6-pack|0|None|Verfrissende drank met thee-extract en perziksap, gezoet met suiker en zoetstof van natuurlijke oorsprong.|Lipton Ice Tea bevat thee-extract. Een licht bezinksel is mogelijk.|Na opening gekoeld bewaren en beperkt houdbaar.|None|None|C|Non-Organic|None|None|Ingrediënten: Water, suiker, fructose, voedingszuren (appelzuur, citroenzuur), thee-extract(¹) (0,12%), perziksap uit geconcentreerd sap (0,1%), aroma's, zuurteregelaar (trinatriumcitraat), antioxidant (ascorbinezuur), zoetstof (steviolglycosiden van Stevia). (¹)Rainforest Alliance Certified. More information on ra.org.|100 Milliliter
583266|albert_heijn|None|Red Bull Zero 12-pack|Red Bull|None|250.0|Milliliter|Home|Producten|Frisdrank, sappen, water|Energy drink, sportdranken|18.69|15|18.69|15|2025-05-26|2025-06-01|None||VOOR 15.00|6.23 per LT|€||https://www.ah.nl/producten/product/wi583266/zero-12-pack|0|None|Energie Drink met zoetstoffen Zero calories, Zero sugar Niacine en vitamine B6 dragen bij tot de vermindering van vermoeidheid en moeheid en een normaal energieleverend metabolisme. Een gevarieerde en evenwichtige voeding en een gezonde levensstijl zijn aanbevolen. Hoog cafeïnegehalte. Niet aan bevolen voor kinderen en vrouwen die zwanger zijn of borstvoeding geven (32 mg/100 ml). Gepasteuriseerd.|Drink met mate.||None|None|C|Non-Organic|None|None|Ingrediënten: koolzuurhoudend water, voedingszuur (citroenzuur), taurine (0,4%), zuurteregelaars (natriumcarbonaten, magnesiumcarbonaten), zoetstoffen (acesulfaam-K, sucralose, steviolglycosiden uit stevia), cafeïne (0,03%), vitaminen, (niacine, pantotheenzuur, riboflavine, vitamine B6, vitamine B12), aroma's, verdikkingsmiddel (xanthaangom), smaakversterker (thaumatine), kleurstof (karamel).|100 Milliliter
518819|albert_heijn|None|Kumasi Gassi|Kumasi|None|25.0|Centiliter|Home|Producten|Frisdrank, sappen, water|Tonic, ginger, bitter, crafts en speciaal fris|1.79|1.79|||||None|||7.16 per LT|€||https://www.ah.nl/producten/product/wi518819/gassi|0|None|Koolzuurhoudende frisdrank van cacaofruit No added sugar. Bevat van nature suikers.||Ten minste houdbaar tot: zie onderzijde|None|None|C|Non-Organic|None|None|Ingrediënten: water, pulpsap van cacao (theobroma cacao l.) (18,5%), vruchtensap uit concentraat (witte druif, appel, citroen), koolzuur, natuurlijke aroma's.|100 Milliliter
519620|albert_heijn|None|AA Drink Burner zero|AA Drink|None|0.25|Liter|Home|Producten|Frisdrank, sappen, water|Energy drink, sportdranken|0.99|0.99|||||None|||3.96 per LT|€||https://www.ah.nl/producten/product/wi519620/burner-zero|0|None|Cafeïnehoudende drank met L-carnitine, met zoetstoffen. Bevat 0% suiker. Vitamines dragen bij tot de vermindering van vermoeidheid en moeheid. Zink draagt bij aan een normaal vetzuurmetabolisme. Hoog cafeïne houdend, niet aanbevolen voor kinderen en vrouwen die zwanger zijn of borstvoeding geven (32 mg/100 ml).||Op een droge, koele, reukloze plaats, uit het zonlicht bewaren.|None|None|C|Non-Organic|None|None|Ingrediënten: water, koolzuur, voedingszuur (citroenzuur), zuurtereglaar (natriumcitraat), groene thee extract (0,1%), cafeïne (0,032%), L-carnitine, natuurlijk aroma, guarana extract (0,02 %), antioxidant (ascorbinezuur), kleurend concentraat (saffloor), kleurstof (E150c), zoetstoffen (acesulfaam-K, sucralose), ginkgo extract, conserveermiddel (kaliumsorbaat), vitamines (niacine, panthotheenzuur, vitamine B6, vitamine B12), mineraal: zink.|100 Milliliter
196141|albert_heijn|None|Royal Club Bitter lemon|Royal Club|None|0.5|Liter|Home|Producten|Frisdrank, sappen, water|Tonic, ginger, bitter, crafts en speciaal fris|1.75|1.75|||||None|||3.5 per LT|€||https://www.ah.nl/producten/product/wi196141/bitter-lemon|0|None|Bittere citroenfrisdrank, bevat kinine.||Koel, droog en donker bewaren. Na openen beperkt houdbaar.|None|None|E|Non-Organic|None|None|Ingrediënten: koolzuurhoudend water, citroensap uit concentraat (8%), suiker, glucose-fructosestroop, voedingszuur (citroenzuur), natuurlijk aroma (waarvan natuurlijke kinine), antioxidant (ascorbinezuur).|100 Milliliter
229610|albert_heijn|None|Bullit Energy drink suikervrij 24-pack|Bullit|None|250.0|Milliliter|Home|Producten|Frisdrank, sappen, water|Energy drink, sportdranken|23.49|23.49|||||None|||3.92 per LT|€||https://www.ah.nl/producten/product/wi229610/energy-drink-suikervrij-24-pack|0|None|Cafeïne Houdende Taurine Drank Met Zoetstoffen Sugar Free Hoog Cafeïnegehalte. Niet aanbevolen voor kinderen en vrouwen die zwanger zijn of borstvoeding geven (30 mg/100 ml). Gepasteuriseerd.|Drink met mate.||None|None|C|Non-Organic|None|None|ingrediënten: koolzuurhoudend water, voedingszuur (citroenzuur), taurine (0,4%), zuurteregelaar (natriumcitraten), cafeïne (0,03%), Zoetstoffen (Sucralose, Acesulfaam-K), vitaminen (niacine, pantotheenzuur, B6, B12), aroma's, kleurstoffen (karamel, riboflavinen).|100 Milliliter
518906|albert_heijn|None|Arizona Green tea peach|Arizona|None|330.0|Milliliter|Home|Producten|Frisdrank, sappen, water|Ice tea|0.85|0.85|||||None|||2.58 per LT|€||https://www.ah.nl/producten/product/wi518906/green-tea-peach|0|None|Groene thee met honing en perzik sap uit concentraat, met suiker en zoetstof|Shake well|Ongeopend ten minste houdbaar tot einde: zie bodem|None|None|D|Non-Organic|None|None|Ingrediënten: Water, suiker, perzik sap uit concentraat (2%), honing (0,28%), groene thee-extract (0,12%), natuurlijke aroma, antioxidant: ascorbinezuur, voedingszuur: citroenzuur en appelzuur, zoetstof: steviolglycosiden uit stevia|100 Milliliter
558391|albert_heijn|None|AA Drink High energy 12-pack|AA Drink|None|0.5|Liter|Home|Producten|Energie voeding, sportvoeding|Sportvoeding|15.39|15.39|||||None|||2.57 per LT|€||https://www.ah.nl/producten/product/wi558391/high-energy-12-pack|0|None|Hypertone sportdrank met koolhydraten||Op een droge, koele, reukloze plaats, uit het zonlicht bewaren.|None|None|E|Non-Organic|None|None|Ingrediënten: water, sacharose, fructose, glucose-fructosestroop, dextrose, voedingszuur: citroenzuur, conserveermiddel: kaliumsorbaat, aroma, antioxidant: ascorbinezuur, stabilisator: E415, E445, kleurstof: bètacaroteen, natriumchloride.|100 Milliliter
73211|albert_heijn|None|Rivella 24-pack|Rivella|None|0.33|Liter|Home|Producten|Frisdrank, sappen, water|Tonic, ginger, bitter, crafts en speciaal fris|19.99|19.99|||||None|||2.52 per LT|€||https://www.ah.nl/producten/product/wi73211/24-pack|0|None|Frisdrank met melkserum en zoetstoffen.||Koel en droog bewaren.|None|None||Non-Organic|None|None|Ingrediënten: koolzuurhoudend water, MELKserum (26%), voedingszuur (L(+) melkzuur), karamelsuikersiroop, zoetstoffen (cyclaamzuur, acesulfaam K, sacharine), natuurlijke aroma's.|100 Milliliter
494308|albert_heijn|None|Vit hit Perform mango passievrucht|Vit hit|None|500.0|Milliliter|Home|Producten|Frisdrank, sappen, water|Energy drink, sportdranken|1.99|1.99|||||None|||3.98 per LT|€||https://www.ah.nl/producten/product/wi494308/perform-mango-passievrucht|0.5|None|Caloriearme sinaasappel-mango-passievruchtensapdrank met matchathee, aminozuren, vitamines en zoetstof Caloriearm|Schudden voor gebruik.|Op een donkere plek bewaren bij kamertemperatuur. Na openen, 3 dagen gekoeld houdbaar.|None|None|C|Non-Organic|None|None|Ingredienten: Water, geconcentreerd sinaasappelsap (4,5%), geconcentreerd mangosap (1,0%), geconcentreerd passievruchtsap (0,5%), voedingszuur: citroenzuur, aroma’s: Matcha groene thee (0.025%), vitaminen (vitamine C, thiamine, niacine, vitamine B6, foliumzuur, vitamine B12, biotine, pantotheenzuur), antioxidant: ascorbinezuur, zoetstof: sucralose, L-leucine, L-isoleucine, L-valine, kleurstoffen: caroteen, anthocyanen, stabilisator: johannesbroodgom.|100 Milliliter
576782|albert_heijn|None|Upfront Gel citroen|Upfront|None|50.0|Gram|Home|Producten|Energie voeding, sportvoeding|Sportvoeding|1.99|1.99|||||None|||39.8 per KG|€||https://www.ah.nl/producten/product/wi576782/gel-citroen|0|None|Voedingssupplement: koolhydraten drinkgel met citroensmaak Buiten bereik van jonge kinderen houden. Een voedingssupplement kan een gevarieerde voeding en een gezonde leefstijl niet vervangen.||Koel en droog bewaren. Na openen beperkt houdbaar. Ten minste houdbaar tot einde:|None|None||Non-Organic|None|None|ingrediënten: water, maltodextrine, fructose, zout, natuurlijk aroma, zuurteregelaar: citroenzuur; conserveermiddel: kaliumsorbaat|100 Gram
588062|albert_heijn|None|NOCCO Grand sour|NOCCO|None|250.0|Milliliter|Home|Producten|Frisdrank, sappen, water|Energy drink, sportdranken|1.79|1.79|||||None|||7.16 per LT|€||https://www.ah.nl/producten/product/wi588062/grand-sour|0|None|Koolzuurhoudende drank met cafeïne, groene thee-extract en vitaminen.Met zoetstof Suikervrij Hoog cafeïnegehalte. Niet aanbevolen voor kinderen, vrouwen die zwanger zijn of borstvoeding geven (32 mg/100 ml).|Max 2 blikjes per dag.|Bewaren bij +2 - +25°C|None|None|C|Non-Organic|None|None|Ingrediënten: Koolzuurhoudend water,cafeïne, groene thee-extract, vitamines (niacine, B6, foliumzuur, biotine, B12),zuurteregelaar (citroenzuur), aroma’s, zoetstof (sucralose),conserveermiddelen (kaliumsorbaat, natriumbenzoaat), kleurstof(beta-caroteen).|100 Milliliter
590466|albert_heijn|None|Pepsi Zero sugar lime 4-pack|Pepsi|None|0.25|Liter|Home|Producten|Frisdrank, sappen, water|Cola|2.99|2.99|||||None|||2.99 per LT|€||https://www.ah.nl/producten/product/wi590466/zero-sugar-lime-4-pack|0|None|Koolzuurhoudende gearomatiseerde frisdrank, met zoetstoffen. zero sugar. Bevat aspartaam (een bron van fenylalanine).||Koel en droog bewaren.|None|None|C|Non-Organic|None|None|Ingrediënten: koolzuurhoudend water, kleurstof (sulfiet-ammoniakkaramel), aroma's (bevat natuurlijk citroen en limoen aroma met andere natuurlijke aroma's, cafeïne), voedingszuren (citroenzuur, fosforzuur), zoetstoffen (aspartaam, acesulfaam-K), zuurteregelaar (natriumcitraat).|100 Milliliter
579182|albert_heijn|None|Focus drink Dragon blaze|Focus drink|None|330.0|Milliliter|Home|Producten|Energie voeding, sportvoeding|Sportvoeding|1.49|1.49|||||None|||4.52 per LT|€||https://www.ah.nl/producten/product/wi579182/dragon-blaze|0|None|Suikervrije functionele koolzuurhoudende frisdrank met appel, drakenfruit- en vlierbloesemsmaak, met toegevoegde vitaminen en zoetstoffen. Zero sugar, Bevat vitamine B3, B5, B6 & Zink, No calories Zink is goed voor de concentratie.||Na openen gekoeld bewaren (max. 7°C) en beperkt houdbaar.|None|None|C|Non-Organic|None|None|INGREDIËNTEN: Water, 5% appelsap uit concentraat, koolzuur, voedingszuur (citroenzuur),natuurlijk aroma, conserveermiddel (kaliumsorbaat), kleurend extract (appel, kers,radijs, zoete aardappel), zoetstoffen (steviolglycosiden uit stevia, sucralose,acesulfaam-K), guarana-extract (0,02 %), gedistilleerd groene thee-extract (0,01%),vlierbloesemextract (0,01%), gingko-bladextract (0,01%), ginseng-extract (0,01%),zinkcitraat, vitaminen (niacine, pantotheenzuur, vitamine B6), stabilisatoren(Arabische gom, glycerolesters van houthars).|100 Milliliter
589132|albert_heijn|None|Hi-Five Wellness drinks peach white tea|Hi-Five|None|250.0|Milliliter|Home|Producten|Frisdrank, sappen, water|Tonic, ginger, bitter, crafts en speciaal fris|1.99|1.99|||||None|||7.96 per LT|€||https://www.ah.nl/producten/product/wi589132/wellness-drinks-peach-white-tea|0|None|Prebiotische, licht koolzuurhoudende thee- en kruideninfusie met perzik.|Na openen direct consumeren.|"Koel en droog bewaren.

Ten minste houdbaar tot einde: zie onderkant blik."|None|None|C|Non-Organic|None|None|Ingrediënten: thee- en kruideninfusie (water, groene thee*, oolong thee*, jasmijn thee*, vlierbloesem*, hibiscus*, natuurlijk aroma, rode bes*, abrikoos*), perzik concentraat*, agavesiroop*, cichorei inuline, citroenconcentraat*. (*Biologisch)|100 Milliliter
189781|albert_heijn|None|Royal Club Ginger ale|Royal Club|None|0.5|Liter|Home|Producten|Frisdrank, sappen, water|Tonic, ginger, bitter, crafts en speciaal fris|1.75|1.75|||||None|||3.5 per LT|€||https://www.ah.nl/producten/product/wi189781/ginger-ale|0|None|Frisdrank met plantenextracten.||Koel, droog en donker bewaren. Na openen beperkt houdbaar.|None|None|E|Non-Organic|None|None|Ingrediënten: koolzuurhoudend water, suiker, glucose-fructosestroop, voedingszuur (citroenzuur), zuurteregelaar (natriumcitraat), natuurlijk gember aroma, kleurstof (sulfiet- ammoniakkaramel).|100 Milliliter
503330|albert_heijn|None|Pepsi Regular 4-pack|Pepsi|None|0.25|Liter|Home|Producten|Frisdrank, sappen, water|Cola|2.69|2.69|||||None|||2.69 per LT|€||https://www.ah.nl/producten/product/wi503330/regular-4-pack|0|None|Frisdrank met suiker en zoetstoffen. Bevat cafeïne||Koel en droog bewaren.|None|None|D|Non-Organic|None|None|ngrediënten: koolzuurhoudend water, suiker, kleurstof (sulfiet-ammoniakkaramel), aroma's (bevat cafeïne), voedingszuur (fosforzuur), zoetstoffen (acesulfaam-K, sucralose).|100 Milliliter
568348|albert_heijn|None|Powerade Cherry|Powerade|None|500.0|Milliliter|Home|Producten|Energie voeding, sportvoeding|Sportvoeding|1.75|1.75|||||None|||3.5 per LT|€||https://www.ah.nl/producten/product/wi568348/cherry|0|None|Isotone sportdrank met vruchtensmaak, met suikers en zoetstoffen, met vitamine B6. Low calorie||Koel, droog, geurvrij en uit het zonlicht bewaren.|None|None|D|Non-Organic|None|None|Ingrediënten: Water; glucose; fructose; voedingszuur: citroenzuur; natriumchloride; fruit- en groenteconcentraten (wortel, zoete aardappel, kers, bosbes); zuurteregelaars: kaliumcitraat; magnesiumchloride; calciumchloride; kaliumfosfaat; stabilisatoren: arabische gom, glycerolesters van houthars; zoetstoffen: sucralose, acesulfaam-K; aroma’s; antischuimmiddel: E900; vitamine B6.|100 Milliliter
589131|albert_heijn|None|Hi-Five Wellness drinks yuzu green tea|Hi-Five|None|250.0|Milliliter|Home|Producten|Frisdrank, sappen, water|Tonic, ginger, bitter, crafts en speciaal fris|1.99|1.99|||||None|||7.96 per LT|€||https://www.ah.nl/producten/product/wi589131/wellness-drinks-yuzu-green-tea|0|None|Prebiotische, licht koolzuurhoudende thee- en kruideninfusie met yuzu.|Na openen direct consumeren.|"Koel en droog bewaren.

Ten minste houdbaar tot einde: zei onderkant blik."|None|None|C|Non-Organic|None|None|Ingrediënten: thee- en kruideninfusie (water, citroengras*, verbena*, witte thee*, groene thee*, citroenmelisse*, zoethout*, limoenbloesem*, verbenabladeren*, gember*, rozemarijn*, natuurlijk aroma, limoenolie*), agavesiroop*, cichorei inuline, yuzusap, citroenconcentraat*. (*Biologisch)|100 Milliliter
237314|albert_heijn|None|Fever-Tree Indian tonic 4-pack|Fever-Tree|None|200.0|Milliliter|Home|Producten|Frisdrank, sappen, water|Tonic, ginger, bitter, crafts en speciaal fris|6.14|6.14|||||None|||7.68 per LT|€||https://www.ah.nl/producten/product/wi237314/indian-tonic-4-pack|0|None|PREMIUM INDIAN TONIC WATER||Uit de zon bewaren. Ten minste houdbaar tot einde: zie flessenhals.|None|None|D|Non-Organic|None|None|"Ingrediënten: Koolzuurhoudend bronwater, rietsuiker, voedingszuur: citroenzuur, natuurlijke aroma's, waaronder natuurlijke kinine
"|100 Milliliter
576010|albert_heijn|None|Sqweez Lemon ginger|Sqweez|None|250.0|Milliliter|Home|Producten|Frisdrank, sappen, water|Tonic, ginger, bitter, crafts en speciaal fris|0.99|0.99|||||None|||3.96 per LT|€||https://www.ah.nl/producten/product/wi576010/lemon-ginger|0|None|Koolzuurhoudende drank met citroen en gembersmaak Dit product bevat van nature aanwezige suikers.|best served ice cold||None|None|C|Non-Organic|None|None|Ingrediënten: Koolzuurhoudend water, appelsap uit concentraat, citroensap uit concentraat (1,5% ), natuurlijke gemberaroma, natuurlijk aroma.|100 Milliliter
590468|albert_heijn|None|Royal Club Pink grapefruit 0% suiker 4-pack|Royal Club|None|0.25|Liter|Home|Producten|Frisdrank, sappen, water|Tonic, ginger, bitter, crafts en speciaal fris|3.39|3.39|||||None|||3.39 per LT|€||https://www.ah.nl/producten/product/wi590468/pink-grapefruit-0-suiker-4-pack|0|None|Frisdrank met grapefruitsmaak, met zoetstoffen. 0% suiker||Koel en droog bewaren.|None|None|C|Non-Organic|None|None|Ingrediënten: koolzuurhoudend water, 5% vruchtensap uit concentraat (citroensap, mandarijnsap, grapefruitsap 0,7% en appelsap), voedingszuur (citroenzuur), zoetstoffen (cyclaamzuur, sucralose, sacharine), natuurlijk citrusfruit aroma met andere natuurlijke aroma's, conserveermiddel (kaliumsorbaat), concentraat van zwarte wortel.|100 Milliliter
151356|albert_heijn|None|Maaza Guave fruit drink|Maaza|None|1.0|Liter|Home|Producten|Frisdrank, sappen, water|Tonic, ginger, bitter, crafts en speciaal fris|2.29|2.29|||||None|||2.29 per LT|€||https://www.ah.nl/producten/product/wi151356/guave-fruit-drink|0|None|Fruitdrink met 17% guavesap uit concentraat, kort verhit.|Shake well & enjoy|"Ten minste houdbaar tot: zie bovenzijde verpakking
Na opening gekoeld beperkt houdbaar"|None|None|E|Non-Organic|None|None|Ingrediënten: Water, guavesap uit concentraat 17%, suiker, stabilisator (pectine), voedingszuur (citroenzuur), antioxidant (ascorbinezuur), aroma, kleurend plantenextract (wortel, zwarte bes)|100 Milliliter
199386|albert_heijn|None|Isostar Hydrate & perform powertabs orange|Isostar|None|10.0|Stuks|Home|Producten|Energie voeding, sportvoeding|Sportvoeding|6.69|6.69|||||None|||55.75 per KG|€||https://www.ah.nl/producten/product/wi199386/hydrate-en-perform-powertabs-orange|0|None|Bereiding voor een koolhydraat- en elektrolyten aanvullende drank, die bijdraagt tot de instandhouding van langdurige lichamelijke uithoudingsprestaties en die de opname van water verhoogt, met verminderde energiewaarde (30% minder koolhydraten vergeleken met het gemiddelde van de belangrijkste energiedranken in de markt), met suikers en zoetstoffen, sinaasappelsmaak. Te gebruiken als onderdeel van een varieerde en evenwichtige voeding en een gezonde levensstijl.|Met 2 tabletten, voor 500 ml drank.|Ten minste houdbaar tot: zie hieronder. Koel en droog bewaren.|None|None||Non-Organic|None|None|Ingrediënten: Dextrose, voedingszuur: citroenzuur, natriumbicarbonaat, zetmeel, natuurlijk sinaasappelaroma met andere natuurlijke aroma's, maltodextrine, kaliumcarbonaat, magnesiumcarbonaat, calciumcarbonaat, natriumchloride, calciumzouten van orthofosforzuur, zoetstoffen: sucralose en acesulfaam-K, vitaminen (C, E, vitamine B1 (thiamine)), kleurstof: carotenen|100 Gram
208526|albert_heijn|None|Vimto Red fruit soda 330ml|Vimto|None|330.0|Milliliter|Home|Producten|Frisdrank, sappen, water|Tonic, ginger, bitter, crafts en speciaal fris|0.89|0.89|||||None|||2.7 per LT|€||https://www.ah.nl/producten/product/wi208526/red-fruit-soda-330ml|0|None|Koolzuurhoudende drank met fruitsmaak||"Ten minste houdbaar tot: zie bodem van blikje.
Op een koele en droge plaats bewaren."|None|None|E|Non-Organic|None|None|Ingrediënten: Koolzuurhoudend water, geraffineerde suiker, extracten van zwarte wortel en hibiscus, voedingszuur (E330), kleurstof (E150d), Vimto-aroma, conserveermiddelen (E211, E202), zuurteregelaar (E331).|100 Milliliter
238030|albert_heijn|None|Rivella Cranberry|Rivella|None|0.5|Liter|Home|Producten|Frisdrank, sappen, water|Tonic, ginger, bitter, crafts en speciaal fris|1.75|1.75|||||None|||3.5 per LT|€||https://www.ah.nl/producten/product/wi238030/cranberry|0|None|Frisdrank met melkserum en zoetstoffen, met cranberrysmaak.||Koel, droog en donker bewaren. Na openen beperkt houdbaar.|None|None|C|Non-Organic|None|None|Ingrediënten: koolzuurhoudend water, MELKserum (26%), voedingszuur (L(+) melkzuur), karamelsuikersiroop, natuurlijke aroma's, zoetstoffen (cyclaamzuur, acesulfaam-K, sacharine), conserveermiddelen (kaliumsorbaat, natriumbenzoaat), cranberrysap uit concentraat (0,01%).|100 Milliliter
553445|albert_heijn|None|Extran Performance optimal orange|Extran|None|500.0|Milliliter|Home|Producten|Energie voeding, sportvoeding|Sportvoeding|1.29|1.29|||||None|||2.58 per LT|€||https://www.ah.nl/producten/product/wi553445/performance-optimal-orange|0|None|SPORTDRANK MET SINAASAPPEL SMAAK, GEZOET MET SUIKER EN ZOETSTOF. KORT VERHIT.|Koel serveren.|"Ten minste houdbaar tot: zie flesje.
Na openen koel bewaren (max. 7°C) en beperkt houdbaar."|None|None|E|Non-Organic|None|None|"Ingrediënten: Water, sacharose, maltodextrine, glucose, voedingszuur (citroenzuur), zout, aroma, antioxidant (L-ascorbinezuur), kleurstoffen (ß-caroteen, E160a), zoetstof (sucralose), stabilisator (E445), conserveermiddelen (E202, E211, E242)
"|100 Milliliter
580749|albert_heijn|None|Lipton Ice tea sparkling zero sugar 6-pack|Lipton|None|1500.0|Milliliter|Home|Producten|Frisdrank, sappen, water|Ice tea|22.09|22.09|||||None|||2.45 per LT|€||https://www.ah.nl/producten/product/wi580749/ice-tea-sparkling-zero-sugar-6-pack|0|None|Verfrissende drank met thee-extract en zoetstoffen. 0% sugar| Lipton Ice Tea bevat thee-extract. Een licht bezinksel is mogelijk. |Na opening gekoeld bewaren en beperkt houdbaar.|None|None|C|Non-Organic|None|None|Ingrediënten: Koolzuurhoudend water, voedingszuren (citroenzuur, appelzuur), thee-extract(1) (0,24%), zuurteregelaar (trinatriumcitraat), citroensap van geconcentreerd sap (0,1%), aroma's, antioxidant (ascorbinezuur), zoetstoffen (sucralose, acesulfaam-k). (1)Rainforest Alliance Certified.|100 Milliliter
590467|albert_heijn|None|Royal Club Pink grapefruit 0% suiker|Royal Club|None|0.25|Liter|Home|Producten|Frisdrank, sappen, water|Tonic, ginger, bitter, crafts en speciaal fris|0.89|0.89|||||None|||3.56 per LT|€||https://www.ah.nl/producten/product/wi590467/pink-grapefruit-0-suiker|0|None|Frisdrank met grapefruitsmaak, met zoetstoffen. 0% suiker||Koel en droog bewaren.|None|None|C|Non-Organic|None|None|Ingrediënten: koolzuurhoudend water, 5% vruchtensap uit concentraat (citroensap, mandarijnsap, grapefruitsap 0,7% en appelsap), voedingszuur (citroenzuur), zoetstoffen (cyclaamzuur, sucralose, sacharine), natuurlijk citrusfruit aroma met andere natuurlijke aroma's, conserveermiddel (kaliumsorbaat), concentraat van zwarte wortel.|100 Milliliter
590464|albert_heijn|None|Lipton Ice tea raspberry 4-pack|Lipton|None|500.0|Milliliter|Home|Producten|Frisdrank, sappen, water|Ice tea|6.99|6.99|||||None|||3.5 per LT|€||https://www.ah.nl/producten/product/wi590464/ice-tea-raspberry-4-pack|0|None|Verfrissende drank met thee-extract en frambozensap, gezoet met suiker en zoetstof van natuurlijke oorsprong.|IJskoud serveren. Lipton Ice Tea bevat thee-extract. Een licht bezinksel is mogelijk.||None|None|C|Non-Organic|None|None|Ingrediënten: water, suiker, fructose, voedingszuren (citroenzuur, appelzuur), frambozensap van geconcentreerd sap (0,14%), thee-extract(1) (0,12%), aroma's, zuurteregelaar (trinatriumcitraat), antioxidant (ascorbinezuur), zoetstof (steviolglycosiden van Stevia). (1)Rainforest Alliance Certified. More information on ra.org.|100 Milliliter
428752|albert_heijn|None|Fuze Tea Sparkling black tea|Fuze Tea|None|400.0|Milliliter|Home|Producten|Frisdrank, sappen, water|Ice tea|1.39|1.39|||||None|||3.48 per LT|€||https://www.ah.nl/producten/product/wi428752/sparkling-black-tea|0|None|​Frisdrank met thee-extracten en citroensmaak metsuiker en zoetstof. Low in calories|"

Koel drinken.



"|Koel, droog, geurvrij en uit het zonlicht bewaren.|None|None|D|Non-Organic|None|None|​Ingrediënten: Sprankelend water; suiker; citroensap uit concentraat (1%);voedingszuren: citroenzuur, natriumcitraat; thee-extracten (0.12%);conserveermiddel: kaliumsorbaat; antioxidant: ascorbinezuur; zoetstof:steviolglycosiden; natuurlijke aroma’s.|100 Milliliter
566945|albert_heijn|None|Fever-Tree Blood orange ginger beer|Fever-Tree|None|500.0|Milliliter|Home|Producten|Frisdrank, sappen, water|Tonic, ginger, bitter, crafts en speciaal fris|3.49|3.49|||||None|||6.98 per LT|€||https://www.ah.nl/producten/product/wi566945/blood-orange-ginger-beer|0|None|Gearomatiseerde koolzuurhoudend frisdrank|Voor het openen voorzichtig omkeren. Waarschuwing: De inhoud staat onder druk. Voorzichtig openen en behandelen.|Uit de zon bewaren. Eenmaal geopend, gekoeld bewaren en binnen 3 dagen consumeren.|None|None|C|Non-Organic|None|None|Ingrediënten: Koolzuurhoudend bronwater, fructose, natuurlijk gemberaroma met andere natuurlijkearoma's, gember, voedingszuren (wijnsteenzuur, citroenzuur), natuurlijk bloedsinaasappelaroma, concentraten (zoeteaardappel, wortel, appel, hibiscus), natuurlijke aroma's, natuurlijk limoenaroma, antioxidant (ascorbinezuur). Kannatuurlijk bezinksel bevatten.|100 Milliliter
589001|albert_heijn|None|Lipton Ice tea raspberry 4-pack|Lipton|None|250.0|Milliliter|Home|Producten|Frisdrank, sappen, water|Ice tea|3.59|3.59|||||None|||3.59 per LT|€||https://www.ah.nl/producten/product/wi589001/ice-tea-raspberry-4-pack|0|None|Verfrissende drank met thee-extract en frambozensap, gezoet met suiker en zoetstof van natuurlijke oorsprong.|IJskoud serveren. Lipton Ice Tea bevat thee-extract. Een licht bezinksel is mogelijk.||None|None|C|Non-Organic|None|None|Ingrediënten: water, suiker, fructose, voedingszuren (citroenzuur, appelzuur), frambozensap van geconcentreerd sap (0,14%), thee-extract(1) (0,12%), aroma's, zuurteregelaar (trinatriumcitraat), antioxidant (ascorbinezuur), zoetstof (steviolglycosiden van Stevia). (1)Rainforest Alliance Certified. More information on ra.org.|100 Milliliter
500250|albert_heijn|None|Lipton Ice tea sparkling 12-pack|Lipton|None|500.0|Milliliter|Home|Producten|Frisdrank, sappen, water|Ice tea|22.65|22.65|||||None|||3.78 per LT|€||https://www.ah.nl/producten/product/wi500250/ice-tea-sparkling-12-pack|0|None|Verfrissende drank met thee-extract, gezoet met suiker en zoetstof van natuurlijke oorsprong.|IJskoud serveren. Lipton Ice Tea bevat thee-extract. Een licht bezinksel is mogelijk. Na opening gekoeld bewaren en beperkt houdbaar.||None|None|D|Non-Organic|None|None|Ingrediënten: Koolzuurhoudend water, invertsuiker, fructose, thee-extract⁽¹⁾ (0,3%), voedingszuren (citroenzuur, appelzuur), zuurteregelaar (trinatriumcitraat), citroensap van geconcentreerd sap (0,1%), aroma's, antioxidant (ascorbinezuur), zoetstof (steviolglycosiden van Stevia). ⁽¹⁾Rainforest Alliance Certified. More information on ra.org.|100 Milliliter
502054|albert_heijn|None|Mogu Mogu Lychee|Mogu Mogu|None|1000.0|Milliliter|Home|Producten|Frisdrank, sappen, water|Tonic, ginger, bitter, crafts en speciaal fris|4.29|4.29|||||None|||4.29 per LT|€||https://www.ah.nl/producten/product/wi502054/lychee|0|None|limonade met nata de coco|Schudden voor gebruik.|Op een droge, koele, reukloze plaats, uit het zonlicht bewaren.|None|None|E|Non-Organic|None|None|Ingrediënten: water, 25% nata de coco (kokoswater, suiker, E260, azijnzuur), fructose, suiker, voedingszuur (citroenzuur, calcium lactate), aroma, conserveermiddel: (E211), geleermiddel: gellangom, kleurstof: (E129) kan de activiteit of oplettendheid van kinderen nadelig beïnvloeden. E = door de E.G. goedgekeurde hulpstof.|100 Milliliter
565755|albert_heijn|None|AA Drink Zero no sugar 12-pack|AA Drink|None|500.0|Milliliter|Home|Producten|Energie voeding, sportvoeding|Sportvoeding|15.39|15.39|||||None|||2.57 per LT|€||https://www.ah.nl/producten/product/wi565755/zero-no-sugar-12-pack|0|None|Hypotone sportdrank met toegevoegde vitamines en zoetstoffen. No sugar||Op een droge, koele, reukloze plaats, uit het zonlicht bewaren.|None|None|C|Non-Organic|None|None|Ingrediënten: water, voedingszuur: citroenzuur, aroma, zuurteregelaar: natriumcitraat, zoetstoffen: acesulfaam-K, sucralose, cyclamaat, saccharine, stabilisatoren: E414, E415, E445, conserveermiddel: kaliumsorbaat, antioxidant: ascorbinezuur, kleurstof: beta-caroteen, zout, vitamines: niacine (vitamine B3), pantotheenzuur (vitamine B5), vitamine B6.|100 Milliliter
588025|albert_heijn|None|Upfront Gel pro cassis smaak|Upfront|None|50.0|Gram|Home|Producten|Energie voeding, sportvoeding|Sportvoeding|1.99|1.99|||||None|||39.8 per KG|€||https://www.ah.nl/producten/product/wi588025/gel-pro-cassis-smaak|0|None|voedingssupplement: koolhydraten drinkgel met cafeïne en zwarte bessensmaak Buiten bereik van jonge kinderen houden. Een voedingssupplement kan een gevarieerde voeding en een gezonde leefstijl niet vervangen.|Gebruik 1 tot 3 gels per uur tijdens intensieve fysieke inspanningen. Maximaal 3 gels per dag. Dagelijkse dosering niet overschrijden.|Koel en droog bewaren.|None|None||Non-Organic|None|None|water, maltodextrine, fructose, zout, cafeine, natuurlijk aroma, zuurteregelaar: citroenzuur; conserveermiddel: kaliumsorbaat|100 Gram
588060|albert_heijn|None|Extran Performance optimal orange|Extran|None|330.0|Milliliter|Home|Producten|Energie voeding, sportvoeding|Sportvoeding|0.79|0.79|||||None|||2.39 per LT|€||https://www.ah.nl/producten/product/wi588060/performance-optimal-orange|0|None|Sportdrank met sinaasappel smaak, gezoet met suiker en zoetstof. Kort verhit. De koolhydraten uit Extran Optimal Orange dragen bij aan het herstel van de spieren na inspanning|Schudden voor gebruik|Ten minste houdbaar tot: zie bovenzijde. Na openen koel bewaren (max. 7℃) en beperkt houdbaar|None|None|E|Non-Organic|None|None|Ingrediënten: Water, sacharose, maltodextrine, glucose, voedingszuur (citroenzuur), zout, aroma, antioxidant (ascorbinezuur), kleurstoffen (E160a, E160e), zoetstof (sucralose), stabilisator (E445)|100 Milliliter
565754|albert_heijn|None|AA Drink Iso lemon 12-pack|AA Drink|None|500.0|Milliliter|Home|Producten|Energie voeding, sportvoeding|Sportvoeding|15.39|15.39|||||None|||2.57 per LT|€||https://www.ah.nl/producten/product/wi565754/iso-lemon-12-pack|0|None|Isotone sportdrank met toegevoegde vitamines||Op een droge, koele, reukloze plaats, uit het zonlicht bewaren.|None|None|D|Non-Organic|None|None|Ingrediënten: Water, suiker, maltodextrine, voedingszuur: citroenzuur, natriumchloride, zuurteregelaars: magnesiumlactaat, natriumcitraat, kaliumfosfaat en calciumfosfaat, conserveermiddel: E202, vitamines: B3, E, B5, B6 en H, stabilisatoren: arabische gom en glycerol-esters van houthars, natuurlijke aroma’s. Osmolaliteit 290-320 mOsm/L|100 Milliliter
594036|albert_heijn|None|Red Bull Ice edition sugarfree|Red Bull|None|250.0|Milliliter|Home|Producten|Frisdrank, sappen, water|Energy drink, sportdranken|1.69|1.69||1.69|||None|||6.76 per LT|€||https://www.ah.nl/producten/product/wi594036/ice-edition-sugarfree|0|None|Energy Drink met zoetstoffen en de smaak van vanille en blauwe bes Sugar Free. Niacine en vitamine B6 dragen bij tot de vermindering van vermoeidheid en moeheid en een normaal energieleverend metabolisme. Hoog cafeïnegehalte. Niet aanbevolen voor kinderen en vrouwen die zwanger zijn of borstvoeding geven (32 mg/100 ml). Gepasteuriseerd. Een gevarieerde en evenwichtige voeding en een gezonde levensstijl zijn aanbevolen.|Drink met mate.||None|None||Non-Organic|None|None|Ingrediënten: koolzuurhoudend water, voedingszuur (citroenzuur), taurine (0,4%), zuurteregelaar (natriumcitraten), zoetstoffen (sucralose, acesulfaam-K), cafeïne (0,03%), vitaminen (niacine, pantotheenzuur, vitamine B6, vitamine B12), aroma's, verdikkingsmiddel (xanthaangom), kleurstof (briljantblauw fcf).|100 Milliliter
518898|albert_heijn|None|Kumasi Sappi|Kumasi|None|25.0|Centiliter|Home|Producten|Frisdrank, sappen, water|Tonic, ginger, bitter, crafts en speciaal fris|1.79|1.79|||||None|||7.16 per LT|€||https://www.ah.nl/producten/product/wi518898/sappi|0|None|frisdrank van cacaofruit No added sugar. Bevat van nature suikers.||Ten minste houdbaar tot: zie onderzijde|None|None|E|Non-Organic|None|None|Ingrediënten: water, pulpsap van cacao (theobroma cacao l.) (26%), vruchtensap uit concentraat (witte druif, appel, citroen), koolzuur, natuurlijke aroma's.|100 Milliliter
570864|albert_heijn|None|Oasis Aardbei framboos 6-pack|Oasis|None|0.33|Liter|Home|Producten|Frisdrank, sappen, water|Tonic, ginger, bitter, crafts en speciaal fris|7.49|7.49|||||None|||3.78 per LT|€||https://www.ah.nl/producten/product/wi570864/aardbei-framboos-6-pack|0|None|Niet bruisende vruchtenfrisdrank met bronwater. OAS_FRU207R0100|Uit de zon en op een koele plaats bewaren. Na opening in de koelkast bewaren en binnen de 5 dagen verbruiken.|Uit de zon en op een koele plaats bewaren. Na opening in de koelkast bewaren en binnen de 5 dagen verbruiken.|None|None|E|Non-Organic|None|None|Ingrediënten: bronwater 80%, vruchtensap op basis van concentraten 12% (appel, aardbei 5,5%, framboos 0,5%), suiker, zuurteregelaar: citroenzuur, smaakstoffen, kleurstof: anthocyanen, stabilisatoren (E414, E445, E444).|100 Milliliter
584477|albert_heijn|None|Arizona Raspberry iced tea|Arizona|None|500.0|Milliliter|Home|Producten|Frisdrank, sappen, water|Ice tea|1.49|1.49|||||None|||2.98 per LT|€||https://www.ah.nl/producten/product/wi584477/raspberry-iced-tea|0|None|Zwarte thee met framboossmaak, met suiker en zoetstof|Shake well|Ongeopend ten minste houdbaar tot einde: zie dop|None|None|D|Non-Organic|None|None|Ingrediënten: water, suiker, thee-extract (0,12%), frambozensap uit concentraat (0,1%), natuurlijk aroma, voedingszuur: citroenzuur en appelzuur, zoetstof: steviolglycosiden uit stevia.|100 Milliliter
589002|albert_heijn|None|Royal Club Rose lemonade 0% suiker 4-pack|Royal Club|None|0.25|Liter|Home|Producten|Frisdrank, sappen, water|Tonic, ginger, bitter, crafts en speciaal fris|3.39|3.39|||||None|||3.39 per LT|€||https://www.ah.nl/producten/product/wi589002/rose-lemonade-0-suiker-4-pack|0|None|Frisdrank met roos-extract, met zoetstoffen. 0% suiker||Koel en droog bewaren.|None|None|C|Non-Organic|None|None|Ingrediënten: koolzuurhoudend water, voedingszuur (citroenzuur), natuurlijke aroma's, roos-extract, zoetstoffen (cyclaamzuur, acesulfaam-K, sucralose), zuurteregelaar (natriumcitraat), conserveermiddel (kalium-sorbaat), concentraat van zwarte wortel.|100 Milliliter
519030|albert_heijn|None|Fentimans Rose lemonade 6-pack|Fentimans|None|150.0|Milliliter|Home|Producten|Frisdrank, sappen, water|Tonic, ginger, bitter, crafts en speciaal fris|5.59|3.63|5.59|3.63|2025-05-26|2025-06-01|None||35% Op=Op korting|6.21 per LT|€||https://www.ah.nl/producten/product/wi519030/rose-lemonade-6-pack|0|None|Koolzuurhoudende drank met rozen- en citroensmaak, suiker en natuurlijke zoetstof.|"Serve chilled
Refrigerate before opening."|Tenminste houdbaar tot: zie onderkant blikje.|None|None|D|Non-Organic|None|None|Ingrediënten: Koolzuurhoudend water, fructose, suiker, geklaard citroensap uit concentraat (6%), perensapconcentraat (5%), gefermenteerd gemberwortelextract (water, glucosestroop, gemberwortel, perensapconcentraat, gist), natuurlijke aroma's, stabilisator (pectine), zuur (wijnsteenzuurm citroenzuur), kleurstof (rodekoolextract), zoetstof (steviolglycosiden van stevia), Bulgaarse rozenolie.|100 Milliliter
579866|albert_heijn|None|Zonnatura Kombucha lavendel|Zonnatura|None|250.0|Milliliter|Home|Producten|Frisdrank, sappen, water|Tonic, ginger, bitter, crafts en speciaal fris|2.49|2.49|||||None|||9.96 per LT|€||https://www.ah.nl/producten/product/wi579866/kombucha-lavendel|0|None|Biologisch gefermenteerde theedrank van groene thee met lavendel|Natuurlijk sediment kan onstaan. Gekoeld het lekkerst.|Afgesloten en op kamertemperatuur bewaren. Na openen binnen 48 uur consumeren.|None|None|C|Organic|None|None|Ingrediënten: gefermenteerde thee (water, kombucha-culturen, suiker*, groene thee*), lavendelbloem* 0,03%. *Ingrediënt van biologische teelt. |100 Milliliter
584484|albert_heijn|None|Mogu Mogu Bubblegum|Mogu Mogu|None|320.0|Milliliter|Home|Producten|Frisdrank, sappen, water|Tonic, ginger, bitter, crafts en speciaal fris|1.65|1.65|||||None|||5.16 per LT|€||https://www.ah.nl/producten/product/wi584484/bubblegum|0|None|Drankje met kauwgomsmaak en nata de coco (kokosgel)|"Koel serveren. Schudden voor gebruik..
het product kan natuurlijk bezinksel bevatten."|Op een droge, koele, reukloze plaats, uit het zonlicht bewaren.|None|None|E|Non-Organic|None|None|Ingrediënten: water, 15% nata de coco (kokoswater, suiker, E260), fructose, suiker, voedingszuur (citroenzuur, calcium lactate), aroma's, geleermiddel (gellangom), conserveermiddel: E211, kleurstof: E133. E = door de E.G. goedgekeurde hulpstof.|100 Milliliter
589013|albert_heijn|None|Fanta Exotic zero|Fanta|None|500.0|Milliliter|Home|Producten|Frisdrank, sappen, water|Sinas, lemon, cassis|1.49|1.49|||||None|||2.98 per LT|€||https://www.ah.nl/producten/product/wi589013/exotic-zero|0|None|Frisdrank met vruchtensap, met zoetstoffen. Zero Sugar Bevat een bron van fenylalanine.||Koel en droog bewaren. Ten minste houdbaar tot: zie hals/dop.|None|None|C|Non-Organic|None|None|Ingrediënten: Sprankelend water; vruchtensap uit concentraat 4% (sinaasappel 3%, perzik 0.5%, appel 0.4%, passievrucht 0.1%); voedingszuren: citroenzuur, appelzuur; conserveermiddel: kaliumsorbaat; wortel- en saffloerconcentraat; zoetstoffen: acesulfaam-K, aspartaam; natuurlijke aroma’s; stabilisatoren: guarpitmeel, glycerolesters van houthars.|100 Milliliter
588061|albert_heijn|None|Extran Performance blasting blueberry|Extran|None|330.0|Milliliter|Home|Producten|Energie voeding, sportvoeding|Sportvoeding|0.79|0.79|||||None|||2.39 per LT|€||https://www.ah.nl/producten/product/wi588061/performance-blasting-blueberry|0|None|Sportdrank met blauwe bessensmaak, gezoet met suiker en zoetstof. Kort verhit.|Schudden voor gebruik|Ten minste houdbaar tot: zie bovenzijde. Na openen koel bewaren (max. 7℃) en beperkt houdbaar.|None|None|E|Non-Organic|None|None|Ingrediënten: Water, sacharose, maltodextrine, glucose, voedingszuur (citroenzuur), zout, aroma's, antioxidant (ascorbinezuur), kleurstof (E133), zoetstof (sucralose), stabilisator (E445)|100 Milliliter
461522|albert_heijn|None|Uggo BubbleGum|Uggo|None|250.0|Milliliter|Home|Producten|Frisdrank, sappen, water|Tonic, ginger, bitter, crafts en speciaal fris|0.89|0.89|||||None|||3.56 per LT|€||https://www.ah.nl/producten/product/wi461522/bubblegum|0|None|Frisdrank met kauwgomsmaak.||Koel, droog, donker en geurvrij bewaren.|None|None|E|Non-Organic|None|None|Ingrediënten: koolzuurhoudend water, suiker, voedingszuur: citroenzuur, stabilisatoren: [E414, E445],kleurende levensmiddelen: (concentraten uit zwarte bes, wortel), aroma's.|100 Milliliter
502056|albert_heijn|None|Mogu Mogu Mango|Mogu Mogu|None|1000.0|Milliliter|Home|Producten|Frisdrank, sappen, water|Tonic, ginger, bitter, crafts en speciaal fris|4.29|4.29|||||None|||4.29 per LT|€||https://www.ah.nl/producten/product/wi502056/mango|0|None|limonade met nata de coco|Schud goed, het product kan natuurlijk bezinksel bevatten.|Op een droge, koele, reukloze plaats, uit het zonlicht bewaren.|None|None|D|Non-Organic|None|None|Ingrediënten: water, 25% nata de coco (kokoswater, suiker, E260, azijnzuur), suiker, fructose, voedingszuur (citroenzuur, calcium lactate), aroma, conserveermiddel: (E211),geleermiddel: gellangom, kleurstof:(E160a(ii))E = door de E.G. goedgekeurde hulpstof|100 Milliliter
173431|albert_heijn|None|Arizona Extra juicy lemon|Arizona|None|500.0|Milliliter|Home|Producten|Frisdrank, sappen, water|Ice tea|1.49|1.49|||||None|||2.98 per LT|€||https://www.ah.nl/producten/product/wi173431/extra-juicy-lemon|0|None|Zwarte thee met citroensmaak met 4,3% vruchtgehalte|Shake well|Ongeopend ten minste houdbaar tot einde: zie dop|None|None|E|Non-Organic|None|None|Ingrediënten: water, suiker, 4,3% vruchtensap uit concentraat (citroen 2,3%, peer 2,0%), zwarte thee-extract (0,14%), voedingszuur: citroenzuur, antioxidant: ascorbinezuur, natuurlijke aroma's.|100 Milliliter
579867|albert_heijn|None|Zonnatura Kombucha jasmijn|Zonnatura|None|250.0|Milliliter|Home|Producten|Frisdrank, sappen, water|Tonic, ginger, bitter, crafts en speciaal fris|2.49|2.49|||||None|||9.96 per LT|€||https://www.ah.nl/producten/product/wi579867/kombucha-jasmijn|0|None|Biologisch gefermenteerde theedrank van groene jasmijnthee|Natuurlijk sediment kan onstaan. Gekoeld het lekkerst.|Afgesloten en op kamertemperatuur bewaren. Na openen binnen 48 uur consumeren.|None|None|C|Organic|None|None|Ingrediënten: gefermenteerde thee (water, kombucha-culturen, suiker*, groene jasmijnthee* 0,8%). *Ingrediënt van biologische teelt. |100 Milliliter
230172|albert_heijn|None|Fever-Tree Tonic|Fever-Tree|None|200.0|Milliliter|Home|Producten|Frisdrank, sappen, water|Tonic, ginger, bitter, crafts en speciaal fris|6.14|6.14|||||None|||7.68 per LT|€||https://www.ah.nl/producten/product/wi230172/tonic|0|None|MEDITERRANEAN TONIC WATER||Uit de zon bewaren. Ten minste houdbaar tot einde: zie flessenhals.|None|None|D|Non-Organic|None|None|"Ingrediënten: Koolzuurhoudend bronwater, rietsuiker, voedingszuur: citroenzuur, natuurlijke aroma's, waaronder natuurlijke kinine
"|100 Milliliter
476860|albert_heijn|None|Fentimans Pink ginger|Fentimans|None|750.0|Milliliter|Home|Producten|Frisdrank, sappen, water|Tonic, ginger, bitter, crafts en speciaal fris|3.99|3.99|||||None|||5.32 per LT|€||https://www.ah.nl/producten/product/wi476860/pink-ginger|0|None|Roze gember gearomatiseerde koolzuurhoudende drank met suiker en natuurlijke zoetstof.|Serve chilled|Ten minste houdbaar tot einde, zie nek. Eenmaal geopend, gekoeld bewaren en binnen 3 dagen consumeren.|None|None|D|Non-Organic|None|None|Ingrediënten: Koolzuurhoudend water, suiker, gefermenteerd gemberwortelextract (water, glucosestroop, gemberwortel, perensapconcentraat, gist), natuurlijk aroma (gember, sinaasappel, paprika), zuur: citroenzuur, kleurstof (concentraat van wortel, zwarte bes), zoetstof: steviolglycosiden uit stevia.|100 Milliliter
502053|albert_heijn|None|Mogu Mogu Aardbei|Mogu Mogu|None|1000.0|Milliliter|Home|Producten|Frisdrank, sappen, water|Tonic, ginger, bitter, crafts en speciaal fris|4.29|4.29|||||None|||4.29 per LT|€||https://www.ah.nl/producten/product/wi502053/aardbei|0|None|limonade met nata de coco|Schud goed, het product kan natuurlijk bezinksel bevatten.|Op een droge, koele, reukloze plaats, uit het zonlicht bewaren.|None|None|D|Non-Organic|None|None|Ingrediënten: water, 25% nata de coco (kokoswater, suiker, E260, azijnzuur), suiker, fructose, voedingszuur (citroenzuur, calcium lactate), aroma, conserveermiddel: (E211), geleermiddel: gellangom, kleurstof: (E160d). E = door de E.G. goedgekeurde hulpstof.|100 Milliliter
579868|albert_heijn|None|Zonnatura Kombucha citroengras|Zonnatura|None|250.0|Milliliter|Home|Producten|Frisdrank, sappen, water|Tonic, ginger, bitter, crafts en speciaal fris|2.49|2.49|||||None|||9.96 per LT|€||https://www.ah.nl/producten/product/wi579868/kombucha-citroengras|0|None|Biologisch gefermenteerde theedrank van zwarte thee met citroengras|Natuurlijk sediment kan onstaan. Gekoeld het lekkerst.|Afgesloten en op kamertemperatuur bewaren. Na openen binnen 48 uur consumeren.|None|None|C|Organic|None|None|Ingrediënten: gefermenteerde thee (water, kombucha-culturen, suiker*, zwarte thee*), gedroogde citroengras* 0,4%. *Ingrediënt uit biologische teelt. |100 Milliliter
494309|albert_heijn|None|Vit hit Lean & green appel elderflower|Vit hit|None|500.0|Milliliter|Home|Producten|Frisdrank, sappen, water|Energy drink, sportdranken|1.99|1.99|||||None|||3.98 per LT|€||https://www.ah.nl/producten/product/wi494309/lean-en-green-appel-elderflower|0.1|None|Caloriearme mandarijn- en sinaasappelsapdrank met groene thee, vitamines en zoetstof Caloriearm|Schudden voor gebruik.|Op een donkere plek bewaren bij kamertemperatuur. Na openen, 3 dagen gekoeld houdbaar.|None|None|C|Non-Organic|None|None|Ingrediënten: Water, geconcentreerd appelsap (12%), aroma's: natuurlijke vlierbloesem (0,03%), en andere smaakstoffen, antioxidant: ascorbinezuur, voedingszuur: citroenzuur, Maté extract (0,048%), L-carnitine, stabilisatoren: Arabische gom, glycerolesters van houthars, zoetstof: sucralose, vitaminen (vitamine C, thiamine, niacine, vitamine B6, foliumzuur, vitamine B12, biotine, pantotheenzuur), natuurlijke kleurstoffen: kopercomplexen van chlorofyllen en chlorophyllinen, karamel.|100 Milliliter
502101|albert_heijn|None|Chupa Chups Raspberry & cream|Chupa Chups|None|250.0|Milliliter|Home|Producten|Frisdrank, sappen, water|Tonic, ginger, bitter, crafts en speciaal fris|1.19|1.19|||||None|||4.76 per LT|€||https://www.ah.nl/producten/product/wi502101/raspberry-en-cream|0|None|koolzuurhoudend frisdrank met framboos-roomsmaak||Koel en droog bewaren.|None|None|E|Non-Organic|None|None|Ingrediënten: koolzuurhoudend water, fructose-glucosestroop, suiker, geëvaporeerde gefermenteerde MELK (MELK, magereMELKpoeder, MELK fermenten, lactase), zuivelpoeder (magereMELKpoeder, weipoeder (MELK), zuurteregelaars: citroenzuur; fosforzuur, 1% frambozensap uit concntraat, stabilisator: hemicellulose van SOJA, aroma's, kleurstof: anthocyanen.|100 Milliliter
502055|albert_heijn|None|Mogu Mogu Zwarte bes|Mogu Mogu|None|1000.0|Milliliter|Home|Producten|Frisdrank, sappen, water|Tonic, ginger, bitter, crafts en speciaal fris|4.29|4.29|||||None|||4.29 per LT|€||https://www.ah.nl/producten/product/wi502055/zwarte-bes|0|None|limonade met nata de coco|Schud goed, het product kan natuurlijk bezinksel bevatten.|Op een droge, koele, reukloze plaats, uit het zonlicht bewaren.|None|None|E|Non-Organic|None|None|Ingrediënten: water, 25% nata de coco (kokoswater, suiker, E260, azijnzuur), suiker, fructose, voedingszuur (citroenzuur, calcium lactate), aroma, geleermiddel: gellangom, conserveermiddel: (E211), kleurstof: (E133) E = door de E.G. goedgekeurde hulpstof|100 Milliliter
428497|albert_heijn|None|Aquarius Daily hydration lemon 12-pack|Aquarius|None|500.0|Milliliter|Home|Producten|Energie voeding, sportvoeding|Sportvoeding|20.99|20.99|||||None|||3.5 per LT|€||https://www.ah.nl/producten/product/wi428497/daily-hydration-lemon-12-pack|0|None|Frisdrank met citroensmaak, met toegevoegde minerale zouten°. Met suiker en zoetstoffen. LOW CALORIES °Aquarius is een bron van zink en seleen.||Koel, droog, geurvrij en uit het zonlicht bewaren.|None|None|D|Non-Organic|None|None|Ingrediënten: Water; suiker; voedingszuren: citroenzuur, appelzuur; smaakversterkers: natriumchloride, kaliumfosfaat en calciumfosfaat; zuurteregelaar: natriumcitraten; antioxidant: ascorbinezuur; stabilisatoren: arabische gom, glycerolesters van houthars; minerale zouten°: zinkgluconaat, natriumselenaat; zoetstoffen: sucralose, acesulfaam-K; natuurlijke citroenaroma’s met andere natuurlijke aroma’s.|100 Milliliter
521819|albert_heijn|None|Chupa Chups Strawberry & cream flavour|Chupa Chups|None|250.0|Milliliter|Home|Producten|Frisdrank, sappen, water|Tonic, ginger, bitter, crafts en speciaal fris|1.19|1.19|||||None|||4.76 per LT|€||https://www.ah.nl/producten/product/wi521819/strawberry-en-cream-flavour|0|None|koolzuurhoudend frisdrank met aardbeien-roomsmaak||Koel en droog bewaren.|None|None|E|Non-Organic|None|None|Ingrediënten: koolzuurhoudend water, fructose-glucosestroop, suiker, geëvaporeerde gefermenteerde MELK (MELK, magere MELKpoer, MELK fermenten, lactase) , zuivelpoeder (magereMELKpoeder, weipoeder (MELK), zuurteregelaars: citroenzuur, fosforzuur, 1% aardbeiensap uit concentraat, stabilisator: hemicellulose van SOJA, aroma's, geconcentreerd cranberrysap, kleurstof: anthocyanen.|100 Milliliter
568328|albert_heijn|None|Red Bull Energy drink watermeloen 12-pack|Red Bull|None|250.0|Milliliter|Home|Producten|Frisdrank, sappen, water|Energy drink, sportdranken|18.69|15|18.69|15|2025-05-26|2025-06-01|None||VOOR 15.00|6.23 per LT|€||https://www.ah.nl/producten/product/wi568328/energy-drink-watermeloen-12-pack|0|None|Energy Drink met de smaak van watermeloen Niacine en vitamine B6 dragen bij tot de vermindering van vermoeidheid en moeheid en een normaal energieleverend metabolisme. Hoog cafeïnegehalte. Niet aan bevolen voor kinderen en vrouwen die zwanger zijn of borstvoeding geven (32 mg/100 ml). Gepasteuriseerd. Een gevarieerde en evenwichtige voeding en een gezonde levensstijl zijn aanbevolen.|Drink met mate.||None|None|E|Non-Organic|None|None|ingrediënten: koolzuurhoudend water, sacharose, glucose, voedingszuur (citroenzuur), taurine (0,4%), zuurteregelaar (natriumcitraten), cafeïne (0,03%), vitaminen (niacine, panthotheenzuur, riboflavine, vitamine B6, vitamine B12), aroma's, kleurstof (anthocyanen).|100 Milliliter
584483|albert_heijn|None|Mirinda Orange|Mirinda|None|330.0|Milliliter|Home|Producten|Frisdrank, sappen, water|Tonic, ginger, bitter, crafts en speciaal fris|1.29|1.29|||||None|||3.91 per LT|€||https://www.ah.nl/producten/product/wi584483/orange|0|None|koolzuurhoudende drink met sinaasappelsapsmaak|||None|None|E|Non-Organic|None|None|Ingrediënten: koolzuurhoudend water, suiker, voedingszuur E300, emulgator E414, conserveermiddel E202, E211, natuurlijke sinaasappelsmaak, antioxidan E300, E385, kleurstof *E110. *Kan de activiteit op oplettendheid van kinderen negatief beinvloeden.|100 Milliliter
550972|albert_heijn|None|Busta Druivensmaak|Busta|None|500.0|Milliliter|Home|Producten|Frisdrank, sappen, water|Tonic, ginger, bitter, crafts en speciaal fris|1.45|1.45|||||None|||2.9 per LT|€||https://www.ah.nl/producten/product/wi550972/druivensmaak|0|None|Koolzuurhoudende drank met druivensmaak||Droog en koel bewaren en vermijd direct zonlicht.|None|None|E|Non-Organic|None|None|Ingrediënten: koolzuurhoudend water, suiker, voedingszuur E330, kunstmatig druivenaroma, conserveermiddelen E202, E385, paarse zoete aardappelconcentraat, kleurstof E133.|100 Milliliter
568329|albert_heijn|None|Red Bull Energy drink bosbes 12-pack|Red Bull|None|250.0|Milliliter|Home|Producten|Frisdrank, sappen, water|Energy drink, sportdranken|18.69|15|18.69|15|2025-05-26|2025-06-01|None||VOOR 15.00|6.23 per LT|€||https://www.ah.nl/producten/product/wi568329/energy-drink-bosbes-12-pack|0|None|Energy Drink met de smaak van bosbes Niacine en Vitamine B6 dragen bij tot de vermindering van vermoeidheid en moeheid en een normaal energieleverend metabolisme. Een gevarieerde en evenwichtige voeding en een gezonde levensstijl zijn aanbevolen. Hoog cafeïnegehalte. Niet aanbevolen voor kinderen en vrouwen die zwanger zijn of borstvoeding geven (32 mg/100 ml). Gepasteuriseerd.|Drink met mate.||None|None|E|Non-Organic|None|None|Ingrediënten: koolzuurhoudend water, sacharose, glucose, voedingszuur (citroenzuur), taurine (0,4%), zuurteregelaars (natriumcarbonaten, magnesiumcarbonaten), cafeïne (0,03%), vitaminen (niacine, panthotheenzuur, vitamine B6, vitamine B12), aroma's, kleurstoffen (anthocyanen, briljantblauw FCF).|100 Milliliter
568330|albert_heijn|None|Red Bull Energy drink abrikoos-aardbei 12-pack|Red Bull|None|250.0|Milliliter|Home|Producten|Frisdrank, sappen, water|Energy drink, sportdranken|18.69|15|18.69|15|2025-05-26|2025-06-01|None||VOOR 15.00|6.23 per LT|€||https://www.ah.nl/producten/product/wi568330/energy-drink-abrikoos-aardbei-12-pack|0|None|Energy Drink met de smaak van abrikoos-aardbei Niacine en vitamine B6 dragen bij tot de vermindering van vermoeidheid en moeheid en een normaal energieleverend metabolisme. Hoog cafeïnegehalte. Niet aan bevolen voor kinderen en vrouwen die zwanger zijn of borstvoeding geven (32 mg/100 ml). Gepasteuriseerd. Een gevarieerde en evenwichtige voeding en een gezonde levensstijl zijn aanbevolen.|Drink met mate.||None|None|E|Non-Organic|None|None|ingrediënten: koolzuurhoudend water, sacharose, glucose, voedingszuur (citroenzuur), taurine (0,4%), zuurteregelaar (natriumcitraten), cafeïne (0,03%), vitaminen (niacine, panthotheenzuur, riboflavine, vitamine B6, vitamine B12), aroma's, kleurstof (anthocyanen).|100 Milliliter
548180|albert_heijn|None|Maaza Guava fruit drink|Maaza|None|330.0|Milliliter|Home|Producten|Frisdrank, sappen, water|Tonic, ginger, bitter, crafts en speciaal fris|1.59|1.59|||||None|||4.82 per LT|€||https://www.ah.nl/producten/product/wi548180/guava-fruit-drink|0|None|Fruitdrink met 16% guavesap uit concentraat, kort verhit.|Shake well & enjoy!|"Na opening gekoeld beperkt houdbaar.

Ten minste houdbaar tot: zie bovenzijde verpakking."|None|None|E|Non-Organic|None|None|Ingrediënten: Water, guavesap uit concentraat 16%, suiker, stabilisator (pectine), voedingszuur (citroenzuur), antioxidant (ascorbinezuur), aroma, kleurstof (karmijn)|100 Milliliter
594041|albert_heijn|None|Red Bull Lilac edition sugarfree|Red Bull|None|250.0|Milliliter|Home|Producten|Frisdrank, sappen, water|Energy drink, sportdranken|1.69|1.69||1.69|||None|||6.76 per LT|€||https://www.ah.nl/producten/product/wi594041/lilac-edition-sugarfree|0|None|Energy Drink met zoetstoffen en de smaak van walstro en roze grapefruit Sugar Free. Niacine en vitamine B6 dragen bij tot de vermindering van vermoeidheid en moeheid en een normaal energieleverend metabolisme. Hoog cafeïnegehalte. Niet aanbevolen voor kinderen en vrouwen die zwanger zijn of borstvoeding geven (32 mg/100 ml). Gepasteuriseerd. Een gevarieerde en evenwichtige voeding en een gezonde levensstijl zijn aanbevolen.|Drink met mate.||None|None||Non-Organic|None|None|Ingrediënten: koolzuurhoudend water, voedingszuur (citroenzuur), taurine (0,4%), zuurteregelaar (natriumcitraten), zoetstoffen (sucralose, acesulfaam-K), cafeïne (0,03%), vitaminen (niacine, pantotheenzuur, riboflavine, vitamine B6, vitamine B12), aroma's, verdikkingsmiddel (xanthaangom), kleurstoffen (karamel, briljantblauw FCF).|100 Milliliter
522410|albert_heijn|None|Sisi Sinas zero sugar 24-pack|Sisi|None|0.33|Liter|Home|Producten|Frisdrank, sappen, water|Sinas, lemon, cassis|18.99|18.99|||||None|||2.4 per LT|€||https://www.ah.nl/producten/product/wi522410/sinas-zero-sugar-24-pack|0|None|Koolzuurhoudende frisdrank met sinaasappelsmaak, met zoetstoffen.||Koel en droog bewaren.|None|None||Non-Organic|None|None|Ingrediënten: koolzuurhoudend water, 5,5% vruchtensap uit concentraat (sinaasappelsap 5,4%, citroensap), voedingszuur (citroenzuur, appelzuur), zoetstoffen (sucralose, acesulfaam-K), natuurlijk sinaasappel aroma met andere natuurlijke aroma’s, antioxidant (ascorbinezuur), stabilisator (guargom), kleurstof (bèta-caroteen).|100 Milliliter
568397|albert_heijn|None|Aquarius Red peach zero sugar 12-pack|Aquarius|None|500.0|Milliliter|Home|Producten|Energie voeding, sportvoeding|Sportvoeding|20.95|20.95|||||None|||3.49 per LT|€||https://www.ah.nl/producten/product/wi568397/red-peach-zero-sugar-12-pack|0|None|Frisdrank met perziksmaak, met toegevoegde minerale zouten°. Met zoetstoffen. Zero sugar *Aquarius is een bron van zink en seleen.||Koel, droog, geurvrij en uit het zonlicht bewaren.|None|None|C|Non-Organic|None|None|Ingrediënten: Water; voedingszuur: citroenzuur; wortel- en zwarte bessenconcentraten; natuurlijke aroma's; smaakversterkers: natriumchloride, kaliumfosfaat, calciumfosfaat; stabilisatoren: natriumgluconaat, arabische gom, glycerolesters van houthars; zoetstoffen: cyclamaten, sucralose; minerale zouten°: zinkgluconaat, natriumselenaat; kleurstof: carotenen.|100 Milliliter
568399|albert_heijn|None|Powerade Mountain blast 12-pack|Powerade|None|500.0|Milliliter|Home|Producten|Energie voeding, sportvoeding|Sportvoeding|20.99|20.99|||||None|||3.5 per LT|€||https://www.ah.nl/producten/product/wi568399/mountain-blast-12-pack|0|None|Isotone sportdrank met vruchtensmaak, met suikers en zoetstoffen, met vitamine B6. Low calorie Bevat een bron van fenylalanine.||Koel, droog, geurvrij en uit het zonlicht bewaren.|None|None|D|Non-Organic|None|None|Ingrediënten: Water; glucose; voedingszuur: citroenzuur; zuurteregelaars: natriumcitraten, kaliumcitraat; fructose; stabilisatoren: arabische gom, glycerolesters van houthars; zoetstoffen: aspartaam, acesulfaam-K; aroma’s; kleurstof: briljantblauw FCF; vitamine B6.|100 Milliliter
584487|albert_heijn|None|Chupa Chups Sour blueberry|Chupa Chups|None|250.0|Milliliter|Home|Producten|Frisdrank, sappen, water|Frisdrank|1.19|1.19|||||None|||4.76 per LT|€||https://www.ah.nl/producten/product/wi584487/sour-blueberry|0|None|Koolzuurhoudend frisdrank met bosbessensmaak||Koel en droog bewaren.|None|None|E|Non-Organic|None|None|Ingrediënten: koolzuurhoudend water, fructose-glucosestroop, suiker, 1% bosbessensap uit bosbessensapconcentraat, zuurteregelaars: melkzuur, citroenzuur, natriumcitraat, spirulina, aroma's.|100 Milliliter
593826|albert_heijn|None|Pepsi Zero sugar cherry 4-pack|Pepsi|None|0.25|Liter|Home|Producten|Frisdrank, sappen, water|Cola|2.99|2.99|||||None|||2.99 per LT|€||https://www.ah.nl/producten/product/wi593826/zero-sugar-cherry-4-pack|0|None|Calorie-arme frisdrank met kers aroma en zoetstoffen. zero sugar. Calorie-arme frisdrank met kersaroma en zoetstoffen. Bevat aspartaam (een bron van fenylalanine).||Koel en droog bewaren.|None|None||Non-Organic|None|None|Ingrediënten: koolzuurhoudend water, kleurstof (E150d), zoetstoffen (aspartaam, acesulfaam-K), voedingszuren (fosforzuur, citroenzuur), aroma's (waarvan cafeïne en kers), conserveermiddel (kaliumsorbaat).|100 Milliliter
594038|albert_heijn|None|Focus drink Knolpower|Focus drink|None|330.0|Milliliter|Home|Producten|Energie voeding, sportvoeding|Sportvoeding|1.49|1.49|||||None|||4.52 per LT|€||https://www.ah.nl/producten/product/wi594038/knolpower|0|None|Suikervrije functionele koolzuurhoudende drank met acai- en druivensmaak, met toegevoegde vitaminen en zoetstoffen. Zero sugar, Bevat vitamine B3, B5, B6 & Zink, No calories Zink is goed voor de concentratie.||Na openen gekoeld bewaren (max. 7°C) en beperkt houdbaar.|None|None|C|Non-Organic|None|None|INGREDIËNTEN: Water, koolzuur, voedingszuur (citroenzuur), natuurlijke aroma’s, kleurend extract (paarse wortel, saffloer, appel, kers, radijs en zoete aardappel), zuurteregelaar (trinatriumcitraat), zoetstoffen (steviolglycosiden uit stevia, sucralose, acesulfaam K), conserveermiddel (kaliumsorbaat), guarana-extract (0,02%), gedestilleerd groene thee-extract (0,01%), gingko-bladextract (0,01%), ginseng-extract (0,01%), kleurstof (sulfietammoniakkaramel), zinkcitraat, vitamines (niacine, pantotheenzuur, vitamine B6).|100 Milliliter
564803|albert_heijn|None|Calypso Ocean blue|Calypso|None|473.0|Milliliter|Home|Producten|Frisdrank, sappen, water|Frisdrank|3.29|3.29|||||None|||6.96 per LT|€||https://www.ah.nl/producten/product/wi564803/ocean-blue|0|None|Koolzuurhoudende frisdrank met bessensmaak||Koel en donker bewaren.|None|None|E|Non-Organic|None|None|Ingrediënten: Gefilterd water, suiker, citroensap uit concentraat, zuurteregelaar: E330, citroenvruchtpulp, natuurlijke smaak,  gemodificeerd voedingszetmeel, kleurstof: E133, antioxidant: E385.|100 Milliliter
594032|albert_heijn|None|Celsius Sparkling peach vibe|Celsius|None|250.0|Milliliter|Home|Producten|Frisdrank, sappen, water|Energy drink, sportdranken|1.59|1.59|||||None|||6.36 per LT|€||https://www.ah.nl/producten/product/wi594032/sparkling-peach-vibe|0|None|Sprankelende suikervrije energiedrank met zoetstoffen. Witte perziksmaak Onze mix van vitamines draagt bij tot de normale werking van het immuunsysteem (B6, B12, Vitamine C) en draagt bij tot de vermindering van vermoeidheid en moeheid (B2, B3, B5, B6, B12, Vitamine C). Bevat 80 mg cafeïne per blikje van 250 mL. Hoog cafeïne gehalte. Niet aanbevolen voor kinderen en vrouwen die zwanger zijn of borstvoeding geven of personen die gevoelig zijn voor cafeïne (32 mg/100 mL). Wij adviseren een maximum van 1 blikje/dag.|||None|None||Non-Organic|None|None|Ingrediënten: Koolzuurhoudend water, taurine, voedingszuur (citroenzuur), natuurlijke smaakstoffen, vitamines (vitamine C, niacine (B3), pantotheenzuur (B5), vitamine B6, riboflavine (B2), biotine (B7), vitamine B12), cafeïne (0.03%), guarana-extract, groene thee-extract, gember-extract, glucoronolacton, zoetstoffen (sucralose, acesulfaam K). Bevat verwaarloosbare hoeveelheden - vet, verzadigde vetten, eiwit en zout.|100 Milliliter
594048|albert_heijn|None|Celsius Sparkling mango lemonade flavour|Celsius|None|250.0|Milliliter|Home|Producten|Frisdrank, sappen, water|Energy drink, sportdranken|1.59|1.59|||||None|||6.36 per LT|€||https://www.ah.nl/producten/product/wi594048/sparkling-mango-lemonade-flavour|0|None|Sprankelende suikervrije energiedrank met zoetstoffen. Mango citroen smaak Onze mix van vitamines draagt bij tot de normale werking van het immuunsysteem (B6, B12, Vitamine C) en draagt bij tot de vermindering van vermoeidheid en moeheid (B2, B3, B5, B6, B12, Vitamine C). Bevat 80 mg cafeïne per blikje van 250 mL. Hoog cafeïne gehalte. Niet aanbevolen voor kinderen en vrouwen die zwanger zijn of borstvoeding geven of personen die gevoelig zijn voor cafeïne (32 mg/100 mL). Wij adviseren een maximum van 1 blikje/dag.|||None|None||Non-Organic|None|None|Ingrediënten: Koolzuurhoudend water, taurine, voedingszuur (citroenzuur), natuurlijke smaakstoffen, vitamines (vitamine C, niacine (B3), pantotheenzuur (B5), vitamine B6, riboflavine (B2), biotine (B7), vitamine B12), cafeïne (0.03%), guarana-extract, groene thee-extract, gember-extract, glucoronolacton, zoetstoffen (sucralose, acesulfaam K). Bevat verwaarloosbare hoeveelheden - vet, verzadigde vetten, eiwit en zout.|100 Milliliter
568398|albert_heijn|None|Powerade Cherry 12-pack|Powerade|None|500.0|Milliliter|Home|Producten|Energie voeding, sportvoeding|Sportvoeding|20.99|20.99|||||None|||3.5 per LT|€||https://www.ah.nl/producten/product/wi568398/cherry-12-pack|0|None|Isotone sportdrank met vruchtensmaak, met suikers en zoetstoffen, met vitamine B6. Low calorie||Koel, droog, geurvrij en uit het zonlicht bewaren.|None|None|D|Non-Organic|None|None|Ingrediënten: Water; glucose; fructose; voedingszuur: citroenzuur; natriumchloride; fruit- en groenteconcentraten (wortel, zoete aardappel, kers, bosbes); zuurteregelaars: kaliumcitraat; magnesiumchloride; calciumchloride; kaliumfosfaat; stabilisatoren: arabische gom, glycerolesters van houthars; zoetstoffen: sucralose, acesulfaam-K; aroma’s; antischuimmiddel: E900; vitamine B6.|100 Milliliter
593823|albert_heijn|None|Pepsi Zero sugar lemon|Pepsi|None|0.25|Liter|Home|Producten|Frisdrank, sappen, water|Cola|0.75|0.75|||||None|||3 per LT|€||https://www.ah.nl/producten/product/wi593823/zero-sugar-lemon|0|None|Calorie-arme frisdrank met citroensap (1%), met zoetstoffen. zero sugar. Calorie-arme frisdrank met met citroensap (1%), met zoetstoffen. Bevat aspartaam (een bron van fenylalanine).||Koel en droog bewaren.|None|None||Non-Organic|None|None|Ingrediënten: koolzuurhoudend water, citroensap uit concentraat (1%), kleurstof (karamel E150d), aroma’s (o.a. cafeïne), voedingszuren (E338, E330), zoetstoffen (E950, E951), zuurteregelaar (E331), conserveermiddel (E211). Bevat aspartaam (een bron van fenylalanine).|100 Milliliter
593824|albert_heijn|None|Pepsi Zero sugar lemon 4-pack|Pepsi|None|0.25|Liter|Home|Producten|Frisdrank, sappen, water|Cola|2.99|2.99|||||None|||2.99 per LT|€||https://www.ah.nl/producten/product/wi593824/zero-sugar-lemon-4-pack|0|None|Calorie-arme frisdrank met citroensap (1%), met zoetstoffen. zero sugar. Calorie-arme frisdrank met met citroensap (1%), met zoetstoffen. Bevat aspartaam (een bron van fenylalanine).||Koel en droog bewaren.|None|None||Non-Organic|None|None|Ingrediënten: koolzuurhoudend water, citroensap uit concentraat (1%), kleurstof (karamel E150d), aroma’s (o.a. cafeïne), voedingszuren (E338, E330), zoetstoffen (E950, E951), zuurteregelaar (E331), conserveermiddel (E211). Bevat aspartaam (een bron van fenylalanine).|100 Milliliter
594034|albert_heijn|None|Celsius Sparkling arctic vibe|Celsius|None|250.0|Milliliter|Home|Producten|Frisdrank, sappen, water|Energy drink, sportdranken|1.59|1.59|||||None|||6.36 per LT|€||https://www.ah.nl/producten/product/wi594034/sparkling-arctic-vibe|0|None|Sprankelende suikervrije energiedrank met zoetstoffen. Smaak van gemengde bessen Onze mix van vitamines draagt bij tot de normale werking van het immuunsysteem (B6, B12, Vitamine C) en draagt bij tot de vermindering van vermoeidheid en moeheid (B2, B3, B5, B6, B12, Vitamine C). Bevat 80 mg cafeïne per blikje van 250 mL. Hoog cafeïne gehalte. Niet aanbevolen voor kinderen en vrouwen die zwanger zijn of borstvoeding geven of personen die gevoelig zijn voor cafeïne (32 mg/100 mL). Wij adviseren een maximum van 1 blikje/dag.|||None|None||Non-Organic|None|None|Ingrediënten: Koolzuurhoudend water, taurine, voedingszuur (citroenzuur), natuurlijke smaakstoffen, vitamines (vitamine C, niacine (B3), pantotheenzuur (B5), vitamine B6, riboflavine (B2), biotine (B7), vitamine B12), cafeïne (0.03%), guarana-extract, groene thee-extract, gember-extract, glucoronolacton, zoetstoffen (sucralose, acesulfaam K). Bevat verwaarloosbare hoeveelheden - vet, verzadigde vetten, eiwit en zout.|100 Milliliter
594046|albert_heijn|None|Celsius Sparkling kiwi guava flavour|Celsius|None|250.0|Milliliter|Home|Producten|Frisdrank, sappen, water|Energy drink, sportdranken|1.59|1.59|||||None|||6.36 per LT|€||https://www.ah.nl/producten/product/wi594046/sparkling-kiwi-guava-flavour|0|None|Sprankelende suikervrije energiedrank met zoetstoffen. Kiwi guave smaak Onze mix van vitamines draagt bij tot de normale werking van het immuunsysteem (B6, B12, Vitamine C) en draagt bij tot de vermindering van vermoeidheid en moeheid (B2, B3, B5, B6, B12, Vitamine C). Bevat 80 mg cafeïne per blikje van 250 mL. Hoog cafeïne gehalte. Niet aanbevolen voor kinderen en vrouwen die zwanger zijn of borstvoeding geven of personen die gevoelig zijn voor cafeïne (32 mg/100 mL). Wij adviseren een maximum van 1 blikje/dag.|||None|None||Non-Organic|None|None|Ingrediënten: Koolzuurhoudend water, taurine, voedingszuur (citroenzuur), natuurlijke smaakstoffen, vitamines (vitamine C, niacine (B3), pantotheenzuur (B5), vitamine B6, riboflavine (B2), biotine (B7), vitamine B12), cafeïne (0.03%), guarana-extract, groene thee-extract, gember-extract, glucoronolacton, zoetstoffen (sucralose, acesulfaam K). Bevat verwaarloosbare hoeveelheden - vet, verzadigde vetten, eiwit en zout.|100 Milliliter
173430|albert_heijn|None|Arizona Iced tea with peach flavour|Arizona|None|500.0|Milliliter|Home|Producten|Frisdrank, sappen, water|Ice tea|1.49|1.49|||||None|||2.98 per LT|€||https://www.ah.nl/producten/product/wi173430/iced-tea-with-peach-flavour|0|None|Zwarte thee met framboossmaak, met suiker en zoetstof|Shake well|Ongeopend ten minste houdbaar tot einde: zie dop|None|None||Non-Organic|None|None|Ingrediënten: water, suiker, thee-extract (0,12%), frambozensap uit concentraat (0,1%), natuurlijk aroma, voedingszuur: citroenzuur en appelzuur, zoetstof: steviolglycosiden uit stevia.|100 Milliliter
568449|albert_heijn|None|Drink a Flower Peach & lemon|Drink a Flower|None|250.0|Milliliter|Home|Producten|Frisdrank, sappen, water|Tonic, ginger, bitter, crafts en speciaal fris|1.69|1.69|||||None|||6.76 per LT|€||https://www.ah.nl/producten/product/wi568449/peach-en-lemon|0|None|Sprankelende perzik en honingbesbloemeninfusie Lage energiewaarde||Droog bewaren bij kamertemperatuur. Na opening 3 dagen houdbaar in de koelkast.|None|None|C|Organic|None|None|Ingrediënten: water (94%), rietsuiker*, perzikinfusie* (0,6%) [fruitstukjes* (appel*, perzik* 3%, abrikoos*), rozenbottelschil*, natuurljk aroma's van (perzik* 8%, braam*, abrikoos*), sinaasappelschil*, citroengras*, hibiscus*], honingbesbloem* (0,26%, citroensap* (0,2%)*. * Biologische teelt.|100 Milliliter
588068|albert_heijn|None|Extran Performance optimal orange 12-pack|Extran|None|330.0|Milliliter|Home|Producten|Energie voeding, sportvoeding|Sportvoeding|9.29|9.29|||||None|||2.35 per LT|€||https://www.ah.nl/producten/product/wi588068/performance-optimal-orange-12-pack|0|None|Sportdrank met sinaasappel smaak, gezoet met suiker en zoetstof. Kort verhit. De koolhydraten uit Extran Optimal Orange dragen bij aan het herstel van de spieren na inspanning|Schudden voor gebruik|Ten minste houdbaar tot: zie bovenzijde. Na openen koel bewaren (max. 7℃) en beperkt houdbaar|None|None|E|Non-Organic|None|None|Ingrediënten: Water, sacharose, maltodextrine, glucose, voedingszuur (citroenzuur), zout, aroma, antioxidant (ascorbinezuur), kleurstoffen (E160a, E160e), zoetstof (sucralose), stabilisator (E445)|100 Milliliter
593828|albert_heijn|None|S. Pellegrino Limonata light 6-pack|S. Pellegrino|None|330.0|Milliliter|Home|Producten|Frisdrank, sappen, water|Tonic, ginger, bitter, crafts en speciaal fris|7.99|7.99|||||None|||4.04 per LT|€||https://www.ah.nl/producten/product/wi593828/limonata-light-6-pack|0|None|Koolzuurhoudende Frisdrank met Citroensap (10%) uit Sapconcentraat met Zoetstoffen||Ten minste houdbaar tot einde: zie onderkant blik. Bewaar op een koele, droge en reukloze plaats, beschermd tegen de zon en vorst.|None|None||Non-Organic|None|None|Ingrediënten: Water, citroensap uit concentraat (10%), kooldioxide, citroenextract, stabilisator (pectinen), natuurlijk citroenaroma, voedingszuur (citroenzuur), zoetstoffen (acesulfaam-K, sucralose)|100 Milliliter
594061|albert_heijn|None|S. Pellegrino Aranciata rossa light 6-pack|S. Pellegrino|None|330.0|Milliliter|Home|Producten|Frisdrank, sappen, water|Tonic, ginger, bitter, crafts en speciaal fris|7.99|7.99|||||None|||4.04 per LT|€||https://www.ah.nl/producten/product/wi594061/aranciata-rossa-light-6-pack|0|None|Koolzuurhoudende Frisdrank met Sinaasappelsap-(6%) en Bloedsinaasappelsap (4%) uit Concentraat met Zoetstoffen, Gearomatiseerd.||Ten minste houdbaar tot einde: zie onderkant blik.  Bewaar op een koele, droge en reukloze plaats, beschermd tegen de zon en vorst.|None|None||Non-Organic|None|None| Ingrediënten: Water, sinaasappelsap uit concentraat (6%), bloedsinaasappelsap uit concentraat (4%), kooldioxide, voedingszuur (citroenzuur), stabilisator (pectinen), natuurlijke aroma's, zwarte wortelconcentraat, sinaasappelextract, geconcentreerd citroensap, zout, zoetstoffen (acesulfaam-K, sucralose)|100 Milliliter
594133|albert_heijn|None|Upfront Bio ijsthee yerba mate smaak|Upfront|None|330.0|Milliliter|Home|Producten|Frisdrank, sappen, water|Ice tea|1.59|1.59|||||None|||4.82 per LT|€||https://www.ah.nl/producten/product/wi594133/bio-ijsthee-yerba-mate-smaak|0|None|Biologisch infusie van yerba mate met honing Gebruik als onderdeel van een gevarieerd en gebalanceerd dieet en een gezonde levensstijl|Gekoeld het lekkerst.|Koel, droog en uit de buurt van direct zonlicht bewaren.|None|None||Organic|None|None|Infusie van biologische yerba mate (water, yerba mate) (95%), agavesiroop (2.7%)%, koolzuur, citroensap uit concentraat|100 Milliliter
594134|albert_heijn|None|Upfront Bio ijsthee rooibos smaak|Upfront|None|330.0|Milliliter|Home|Producten|Frisdrank, sappen, water|Ice tea|1.59|1.59|||||None|||4.82 per LT|€||https://www.ah.nl/producten/product/wi594134/bio-ijsthee-rooibos-smaak|0|None|Biologische Infusie van rooibos met honing Gebruik als onderdeel van een gevarieerd en gebalanceerd dieet en een gezonde levensstijl|Gekoeld het lekkerst.|Koel, droog en uit de buurt van direct zonlicht bewaren.|None|None||Organic|None|None|Infusie van biologische rooibos (water, rooibos)(95%), honing (3.3%), koolzuur, citroensap uit concentraat|100 Milliliter
594138|albert_heijn|None|Upfront IJsthee gember munt smaak|Upfront|None|330.0|Milliliter|Home|Producten|Frisdrank, sappen, water|Ice tea|1.59|1.59|||||None|||4.82 per LT|€||https://www.ah.nl/producten/product/wi594138/ijsthee-gember-munt-smaak|0|None|Infusie van gember, groene thee, munt en rozemarijn met honing Gebruik als onderdeel van een gevarieerd en gebalanceerd dieet en een gezonde levensstijl|Gekoeld het lekkerst.|Koel, droog en uit de buurt van direct zonlicht bewaren.|None|None||Non-Organic|None|None|Infusie van theeblend (water, gember, groene thee, munt, rozemarijn) (95%), honing (3%), koolzuur, citroensap uit concentraat|100 Milliliter
63925|albert_heijn|None|AH Sinas zero|AH|None|1.5|Liter|Home|Producten|Frisdrank, sappen, water|Sinas, lemon, cassis|1.19|1.19|||||None|||0.79 per LT|€||https://www.ah.nl/producten/product/wi63925/sinas-zero|0|None|Suikervrije, koolzuurhoudende frisdrank met 4% sinaasappelsap uit concentraat met zoetstoffen||Ten minste houdbaar tot en met: zie bovenzijde. Vaak goed na deze datum. Kijk, ruik en proef. Koel, donker en droog bewaren. Na openen gekoeld bewaren (max. 7°C), beperkt houdbaar. De verpakking goed sluiten na gebruik.|None|None|C|Non-Organic|None|None|"Ingrediënten: koolzuurhoudend water, sap uit concentraat (sinaasappel, wortel), voedingszuur (citroenzuur [E330]), natuurlijke aroma's, zuurteregelaar (natriumcitraten [E331]), zoetstof (acesulfaam-K [E950], sucralose [E955], sacharinen [E954]), antioxidant (ascorbinezuur [E300]), conserveermiddel (kaliumsorbaat [E202]), kleurstof (carotenen [E160a]).
Waarvan toegevoegde suikers 0.00g per 100 milliliter en waarvan toegevoegd zout 0.00g per 100 milliliter"|100 Milliliter
63924|albert_heijn|None|AH Sinas regular|AH|None|1.5|Liter|Home|Producten|Frisdrank, sappen, water|Sinas, lemon, cassis|1.19|1.19|||||None|||0.79 per LT|€||https://www.ah.nl/producten/product/wi63924/sinas-regular|0.01|None|Koolzuurhoudende frisdrank met 6% sinaasappelsap uit concentraat met suiker en zoetstoffen||Ten minste houdbaar tot en met: zie bovenzijde. Vaak goed na deze datum. Kijk, ruik en proef. Koel, donker en droog bewaren. Na openen gekoeld bewaren (max. 7°C), beperkt houdbaar. De verpakking goed sluiten na gebruik.|None|None|E|Non-Organic|None|None|"Ingrediënten: koolzuurhoudend water, sap uit concentraat (sinaasappel, wortel), suiker, voedingszuur (citroenzuur [E330]), natuurlijk sinaasappelaroma, zoetstof (cyclamaten [E952], sucralose [E955], acesulfaam-K [E950]), antioxidant (ascorbinezuur [E300]), conserveermiddel (kaliumsorbaat [E202]), zuurteregelaar (natriumcitraten [E331]), kleurstof (carotenen [E160a]).
Waarvan toegevoegde suikers 5.0g per 100 milliliter en waarvan toegevoegd zout 0.00g per 100 milliliter"|100 Milliliter
415183|albert_heijn|None|AH Ice tea peach koolzuurvrij|AH|None|1.5|Liter|Home|Producten|Frisdrank, sappen, water|Ice tea|1.29|1.29|||||None|||0.86 per LT|€||https://www.ah.nl/producten/product/wi415183/ice-tea-peach-koolzuurvrij|0|None|Koolzuurvrije frisdrank met 0,1% zwarte thee-extract en perziksmaak met suiker en zoetstof||Ten minste houdbaar tot en met: zie bovenzijde. Kijk, ruik en proef na deze datum. Koel, donker en droog bewaren. Na openen gekoeld bewaren (max. 7°C), beperkt houdbaar.|None|None|C|Non-Organic|None|None|"Ingrediënten: water, suiker, zuurteregelaar (citroenzuur [E330], natriumcitraten [E331]), 0,1% perziksap uit concentraat, zwarte thee-extract°, natuurlijk aroma, antioxidant (ascorbinezuur [E300]), zoetstof (steviolglycosiden uit Stevia [E960a]).
Waarvan toegevoegde suikers 2.5g per 100 milliliter en waarvan toegevoegd zout 0.00g per 100 milliliter
°Rainforest Alliance gecertificeerd. Zie voor meer informatie ra.org"|100 Milliliter
523334|albert_heijn|None|AH Ice tea green mango zero zonder koolzuur|AH|None|1.5|Liter|Home|Producten|Frisdrank, sappen, water|Ice tea|1.49|1.49|||||None|||0.99 per LT|€||https://www.ah.nl/producten/product/wi523334/ice-tea-green-mango-zero-zonder-koolzuur|0|None|Koolzuurvrije frisdrank	 met 0,2% mangosap uit concentraat en 0,1% groene thee-extract 	 DIT PRODUCT BEVAT VAN NATURE AANWEZIGE SUIKERS met zoetstof||Ten minste houdbaar tot en met: zie bovenzijde. Vaak goed na deze datum. Kijk, ruik en proef. Koel, donker en droog bewaren. Na openen gekoeld bewaren (max. 7°C), beperkt houdbaar.|None|None|C|Non-Organic|None|None|"Ingrediënten: water, mangosap uit concentraat, groene thee-extract°, voedingszuur (citroenzuur [E330], natriumcitraten [E331]), zoetstof (sucralose [E955]), natuurlijke aroma's, antioxidant (ascorbinezuur [E300]).
Waarvan toegevoegde suikers 0.00g per 100 milliliter en waarvan toegevoegd zout 0.00g per 100 milliliter
°Rainforest Alliance gecertificeerd. Zie voor meer informatie ra.org"|100 Milliliter
454528|albert_heijn|None|AH Bitter lemon|AH|None|1.0|Liter|Home|Producten|Frisdrank, sappen, water|Tonic, ginger, bitter, crafts en speciaal fris|0.99|0.99|||||None|||0.99 per LT|€||https://www.ah.nl/producten/product/wi454528/bitter-lemon|0|None|Koolzuurhoudende frisdrank met citroensapconcentraat en kinine||Ten minste houdbaar tot einde: zie bovenzijde. Kijk, ruik en proef na deze datum. Koel, donker en droog bewaren. Na openen gekoeld bewaren (max. 7°C), beperkt houdbaar. De verpakking goed sluiten na gebruik.|None|None|E|Non-Organic|None|None|"Ingrediënten: koolzuurhoudend water, suiker, 8% citroensapconcentraat, citroenextract, voedingszuur (citroenzuur [E330]), natuurlijke aroma's (kinine), stabilisator (johannesbroodpitmeel [E410], pectine [E440]), antioxidant (ascorbinezuur [E300]), conserveermiddel (kaliumsorbaat [E202]).
Waarvan toegevoegde suikers 9.0g per 100 milliliter en waarvan toegevoegd zout 0.00g per 100 milliliter"|100 Milliliter
415209|albert_heijn|None|AH Ice tea zero met koolzuur|AH|None|1.5|Liter|Home|Producten|Frisdrank, sappen, water|Ice tea|1.05|1.05|||||None|||0.7 per LT|€||https://www.ah.nl/producten/product/wi415209/ice-tea-zero-met-koolzuur|0|None|Koolzuurhoudende frisdrank met 0,1% zwarte thee-extract met zoetstoffen||Ten minste houdbaar tot einde: zie bovenzijde. Vaak goed na deze datum. Kijk, ruik en proef. Koel, donker en droog bewaren. Na openen gekoeld bewaren (max. 7°C), beperkt houdbaar. De verpakking goed sluiten na gebruik.|None|None|C|Non-Organic|None|None|"Ingrediënten: koolzuurhoudend water, voedingszuur (citroenzuur [E330], appelzuur [E296]), zwarte thee-extract°, zuurteregelaar (natriumcitraten [E331]), natuurlijke aroma's, zoetstof (steviolglycosiden uit Stevia [E960a], sucralose [E955]), 0,1% citroensap uit concentraat, conserveermiddel (kaliumsorbaat [E202]), antioxidant (ascorbinezuur [E300]).
Waarvan toegevoegde suikers 0.00g per 100 milliliter en waarvan toegevoegd zout 0.00g per 100 milliliter
°Rainforest Alliance gecertificeerd. Zie voor meer informatie ra.org"|100 Milliliter
415188|albert_heijn|None|AH Ice tea original met koolzuur|AH|None|1.5|Liter|Home|Producten|Frisdrank, sappen, water|Ice tea|1.05|1.05|||||None|||0.7 per LT|€||https://www.ah.nl/producten/product/wi415188/ice-tea-original-met-koolzuur|0|None|Koolzuurhoudende frisdrank met zwarte thee-extract with sugar and sweetener met suiker en zoetstof met suikers en zoetstof||Ten minste houdbaar tot einde: zie bovenzijde. Kijk, ruik en proef na deze datum. Koel, donker en droog bewaren. Na openen gekoeld bewaren (max. 7°C), beperkt houdbaar. De verpakking goed sluiten na gebruik.|None|None|D|Non-Organic|None|None|"Ingrediënten: 
Waarvan toegevoegde suikers 4.5g per 100 milliliter en waarvan toegevoegd zout 0.00g per 100 milliliter
°Rainforest Alliance gecertificeerd. Zie voor meer informatie ra.org"|100 Milliliter
480796|albert_heijn|None|AH Sinas regular 6-pack|AH|None|330.0|Milliliter|Home|Producten|Frisdrank, sappen, water|Sinas, lemon, cassis|2.59|2.59|||||None|||1.31 per LT|€||https://www.ah.nl/producten/product/wi480796/sinas-regular-6-pack|0.01|None|Koolzuurhoudende frisdrank met 6% sinaasappelsap uit concentraat met suiker en zoetstoffen||Ten minste houdbaar tot en met: zie onderzijde. Vaak goed na deze datum. Kijk, ruik en proef. Koel en droog bewaren.|None|None|E|Non-Organic|None|None|"Ingrediënten: koolzuurhoudend water, sap uit concentraat (sinaasappel, wortel), suiker, voedingszuur (citroenzuur [E330]), natuurlijk aroma, zoetstof (cyclamaten [E952], sucralose [E955], acesulfaam-K [E950]), antioxidant (ascorbinezuur [E300]), conserveermiddel (kaliumsorbaat [E202]), zuurteregelaar (natriumcitraten [E331]), kleurstof (carotenen [E160a]).
Waarvan toegevoegde suikers 5.0g per 100 milliliter en waarvan toegevoegd zout 0.00g per 100 milliliter"|100 Milliliter
476719|albert_heijn|None|AH Cola regular 6-pack|AH|None|500.0|Milliliter|Home|Producten|Frisdrank, sappen, water|Cola|2.35|2.35|||||None|||0.78 per LT|€||https://www.ah.nl/producten/product/wi476719/cola-regular-6-pack|0|None|Koolzuurhoudende frisdrank met colasmaak met suiker en zoetstof||Ten minste houdbaar tot en met: zie bovenzijde. Vaak goed na deze datum. Kijk, ruik en proef. Koel, donker en droog bewaren. Na openen gekoeld bewaren (max. 7°C), beperkt houdbaar. De verpakking goed sluiten na gebruik.|None|None|E|Non-Organic|None|None|"Ingrediënten: koolzuurhoudend water, suiker, kleurstof (sulfiet-ammoniakkaramel [E150d]), voedingszuur (fosforzuur [E338]), zuurteregelaar (natriumcitraten [E331]), natuurlijk aroma, cafeïne, zoetstof (sucralose [E955]).
Waarvan toegevoegde suikers 6.0g per 100 milliliter en waarvan toegevoegd zout 0.00g per 100 milliliter"|100 Milliliter
480798|albert_heijn|None|AH Lemon & lime regular 6-pack|AH|None|330.0|Milliliter|Home|Producten|Frisdrank, sappen, water|Sinas, lemon, cassis|2.15|2.15|||||None|||1.09 per LT|€||https://www.ah.nl/producten/product/wi480798/lemon-en-lime-regular-6-pack|0|None|Koolzuurhoudende frisdrank met citroen- en limoensmaak met suiker en zoetstoffen||Ten minste houdbaar tot en met: zie onderzijde. Kijk, ruik en proef na deze datum. Koel, donker en droog bewaren.|None|None|E|Non-Organic|None|None|"Ingrediënten: koolzuurhoudend water, suiker, voedingszuur (citroenzuur [E330]), natuurlijk citroen-limoenaroma, zuurteregelaar (natriumcitraten [E331]), antioxidant (ascorbinezuur [E300]), zoetstof (acesulfaam-K [E950], sucralose [E955]).
Waarvan toegevoegde suikers 5.9g per 100 milliliter en waarvan toegevoegd zout 0.00g per 100 milliliter"|100 Milliliter
67730|albert_heijn|None|Fanta Orange|Fanta|None|500.0|Milliliter|Home|Producten|Frisdrank, sappen, water|Sinas, lemon, cassis|1.25|1.25|||||None|||2.5 per LT|€||https://www.ah.nl/producten/product/wi67730/orange|0|None|Frisdrank met sinaasappelsap, met suiker en zoetstoffen.||Koel, droog, geurvrij en uit het zonlicht bewaren.|None|None|E|Non-Organic|None|None|Ingrediënten: Sprankelend water; sinaasappelsap uit concentraat (6.5%); suiker; voedingszuren: citroenzuur, appelzuur, natriumcitraten; natuurlijke sinaasappelaroma’s met andere natuurlijke aroma’s; zoetstoffen: natriumcyclamaat, acesulfaam-K, sucralose; conserveermiddel: kaliumsorbaat; antioxidant: ascorbinezuur; wortelconcentraat; stabilisator: guarpitmeel; kleurstof: carotenen.|100 Milliliter
67766|albert_heijn|None|Hero Cassis|Hero|None|0.5|Liter|Home|Producten|Frisdrank, sappen, water|Sinas, lemon, cassis|1.45|1.45|||||None|||2.9 per LT|€||https://www.ah.nl/producten/product/wi67766/cassis|0.1|None|Koolzuurhoudende frisdrank met het sap van zwarte bessen gezoet met suiker en zoetstoffen.||Uit de zon en op een koele plaats bewaren. Na openen beperkt houdbaar.|None|None|E|Non-Organic|None|None|Ingrediënten: koolzuurhoudend water, suiker, zwarte bessensap uit concentraat (3%), gefermenteerd zwarte bessensap (2%), voedingszuur (citroenzuur), aroma, kleurend concentraat (zwarte bes, wortel), conserveermiddel (kaliumsorbaat), zoetstof (cyclamaten, acesulfaam-K, sucralose).|100 Milliliter
127147|albert_heijn|None|Lipton Green tea|Lipton|None|500.0|Milliliter|Home|Producten|Frisdrank, sappen, water|Ice tea|2.19|2.19|||||None|||4.38 per LT|€||https://www.ah.nl/producten/product/wi127147/green-tea|0|None|Verfrissende drank met groene thee-extract, gezoet met suiker en zoetstof van natuurlijke oorsprong.|IJskoud serveren. Lipton Ice Tea bevat thee-extract. Een licht bezinksel is mogelijk. Na opening gekoeld bewaren en beperkt houdbaar.||None|None|C|Non-Organic|None|None|Ingrediënten: Water, fructose, suiker, voedingszuren (citroenzuur, appelzuur), groene thee-extract(1) (0,12%), zuurteregelaar (trinatriumcitraat), antioxidant (ascorbinezuur), natuurlijk aroma, zoetstof (steviolglycosiden van Stevia). (1)Rainforest Alliance Certified. More information on ra.org.|100 Milliliter
130880|albert_heijn|None|Coca-Cola Original taste 4-pack|Coca-Cola|None|1.5|Liter|Home|Producten|Frisdrank, sappen, water|Cola|9.65|9.65|||||None|||1.61 per LT|€||https://www.ah.nl/producten/product/wi130880/original-taste-4-pack|0|None|Frisdrank met plantenextracten.| Best served chilled.|Koel, droog, geurvrij en uit het zonlicht bewaren.|None|None|E|Non-Organic|None|None|Ingrediënten: Sprankelend water; suiker; kleurstof: E150d; voedingszuur: E338; natuurlijke aroma's; aroma cafeïne.|100 Milliliter
137740|albert_heijn|None|Coca-Cola Zero sugar 4-pack|Coca-Cola|None|1.5|Liter|Home|Producten|Frisdrank, sappen, water|Cola|9.65|9.65|||||None|||1.61 per LT|€||https://www.ah.nl/producten/product/wi137740/zero-sugar-4-pack|0|None|Frisdrank met plantenextracten, met zoetstoffen. ZERO SUGAR Bevat een bron van fenylalanine.||Koel, droog, geurvrij en uit rechtstreeks zonlicht bewaren.|None|None|C|Non-Organic|None|None|Ingrediënten: Sprankelend water; kleurstof: E150d; voedingszuur: E338; zoetstoffen: aspartaam, acesulfaam-K;  enzymatisch geproduceerde steviolglycosiden; natuurlijke aroma's; aroma cafeïne; zuurteregelaar: E331.|100 Milliliter
137881|albert_heijn|None|AH Sinas regular 6-pack|AH|None|1.5|Liter|Home|Producten|Frisdrank, sappen, water|Sinas, lemon, cassis|6.99|6.99|||||None|||0.78 per LT|€||https://www.ah.nl/producten/product/wi137881/sinas-regular-6-pack|0.01|None|Koolzuurhoudende frisdrank met 6% sinaasappelsap uit concentraat met suiker en zoetstoffen||Ten minste houdbaar tot en met: zie bovenzijde. Vaak goed na deze datum. Kijk, ruik en proef. Koel, donker en droog bewaren. Na openen gekoeld bewaren (max. 7°C), beperkt houdbaar. De verpakking goed sluiten na gebruik.|None|None|E|Non-Organic|None|None|"Ingrediënten: koolzuurhoudend water, sap uit concentraat (sinaasappel, wortel), suiker, voedingszuur (citroenzuur [E330]), natuurlijk sinaasappelaroma, zoetstof (cyclamaten [E952], sucralose [E955], acesulfaam-K [E950]), antioxidant (ascorbinezuur [E300]), conserveermiddel (kaliumsorbaat [E202]), zuurteregelaar (natriumcitraten [E331]), kleurstof (carotenen [E160a]).
Waarvan toegevoegde suikers 5.0g per 100 milliliter en waarvan toegevoegd zout 0.00g per 100 milliliter"|100 Milliliter
141083|albert_heijn|None|Bullit Energy drink|Bullit|None|250.0|Milliliter|Home|Producten|Frisdrank, sappen, water|Energy drink, sportdranken|0.99|0.99|||||None|||3.96 per LT|€||https://www.ah.nl/producten/product/wi141083/energy-drink|0|None|Energy Drink Niet aanbevolen voor kinderen en vrouwen die zwanger zijn of borstvoeding geven (30mg/100ml). Hoog cafeïne gehalte. Gepasteuriseerd|Drink met mate.||None|None|E|Non-Organic|None|None|Ingrediënten: koolzuurhoudend water, sacharose, glucose, voedingszuur (citroenzuur), taurine (0,4%), zuurteregelaar (natriumcitraten), cafeïne (0,03%), vitaminen (niacine, pantotheenzuur, B6, B12), aroma's, kleurstoffen (karamel, riboflavinen).|100 Milliliter
167762|albert_heijn|None|Sourcy Vitaminwater framboos granaatappel|Sourcy|None|0.5|Liter|Home|Producten|Frisdrank, sappen, water|Energy drink, sportdranken|1.79|1.79|||||None|||3.58 per LT|€||https://www.ah.nl/producten/product/wi167762/vitaminwater-framboos-granaatappel|0|None|Koolzuurvrije drank op basis van bronwater met de smaak van framboos en granaatappel, met toegevoegde vitaminen, hibiscus-extract en zink, met zoetstoffen. 0% suiker. Vitamine B3, B8 en B12 ondersteunen het energieniveau. Zink is een antioxidant en draagt bij aan het behoud van cognitieve functies. Sourcy Vitaminwater is een aanvulling op een gezonde levensstijl. Een gevarieerde, evenwichtige voeding en gezonde leefstijl zijn belangrijk.||Ten minste houdbaar tot einde: zie hals fles.  Koel, droog en donker bewaren. Na openen beperkt houdbaar.|None|None|C|Non-Organic|None|None|Ingrediënten: bronwater, druivensap uit concentraat, voedingszuur (citroenzuur), natuurlijk aroma, zoetstoffen (acesulfaam-K, sucralose), conserveermiddel (kaliumsorbaat), concentraten van zoete aardappel en saffloer, hibiscus-extract (0,01%), thee-extract, zinkgluconaat, niacine (vitamine B3), biotine (vitamine B8), vitamine B12.|100 Milliliter
171572|albert_heijn|None|Lipton Tea sparkling|Lipton|None|500.0|Milliliter|Home|Producten|Frisdrank, sappen, water|Ice tea|2.19|2.19|||||None|||4.38 per LT|€||https://www.ah.nl/producten/product/wi171572/tea-sparkling|0|None|Verfrissende drank met thee-extract, gezoet met suiker en zoetstof van natuurlijke oorsprong.|Lipton Ice Tea bevat thee-extract. Een licht bezinksel is mogelijk.|Na opening gekoeld bewaren en beperkt houdbaar|None|None|D|Non-Organic|None|None|Ingrediënten: Koolzuurhoudend water, suiker, fructose, thee-extract¹ (0,3%), voedingszuren (citroenzuur, appelzuur), zuurteregelaar (trinatriumcitraat), citroensap uit geconcentreerd sap (0,1%), aroma, antioxidant (ascorbinezuur), zoetstof (steviolglycosiden).|100 Milliliter
179081|albert_heijn|None|Coca-Cola Zero sugar|Coca-Cola|None|0.5|Liter|Home|Producten|Frisdrank, sappen, water|Cola|1.75|1.75|||||None|||3.5 per LT|€||https://www.ah.nl/producten/product/wi179081/zero-sugar|0|None|Frisdrank met plantenextracten, met zoetstoffen. ZERO SUGAR NO CALORIES Bevat een bron van fenylalanine.||Koel, droog, geurvrij en uit het zonlicht bewaren.|None|None|C|Non-Organic|None|None|Ingrediënten: Sprankelend water; kleurstof: E150d; voedingszuur: E338; zoetstoffen:Е951, Е950,Е960c; aspartaam; natuurlijke aroma's; aroma cafeïne; zuurteregelaar: E331.|100 Milliliter
184049|albert_heijn|None|Hero Cassis the original|Hero|None|250.0|Milliliter|Home|Producten|Frisdrank, sappen, water|Sinas, lemon, cassis|0.79|0.79|||||None|||3.16 per LT|€||https://www.ah.nl/producten/product/wi184049/cassis-the-original|0.1|None|Koolzuurhoudende frisdrank met het sap van zwarte bessen. Gezoet met suiker en zoetstoffen.|||None|None|E|Non-Organic|None|None|Ingrediënten: koolzuurhoudend water, suiker, zwarte bessensap uit concentraat (3%), gefermenteerd zwarte bessensap (2%), voedingszuur (citroenzuur), aroma, kleurend concentraat (zwarte bes, wortel), zoetstof (cyclamaten, acesulfaam-K, sucralose)|100 Milliliter
195850|albert_heijn|None|AH Ice tea original met koolzuur|AH|None|500.0|Milliliter|Home|Producten|Frisdrank, sappen, water|Ice tea|0.59|0.59|||||None|||1.18 per LT|€||https://www.ah.nl/producten/product/wi195850/ice-tea-original-met-koolzuur|0|None|Koolzuurhoudende frisdrank met 0,1% zwarte thee-extract met suiker en zoetstof||Ten minste houdbaar tot einde: zie bovenzijde. Kijk, ruik en proef na deze datum. Koel, donker en droog bewaren. Na openen gekoeld bewaren (max. 7°C), beperkt houdbaar. De verpakking goed sluiten na gebruik.|None|None|D|Non-Organic|None|None|"Ingrediënten: koolzuurhoudend water, suiker, 1% citroensap uit concentraat, natuurlijke aroma's, voedingszuur (citroenzuur [E330]), zwarte thee-extract°, zuurteregelaar (natriumcitraten [E331]), conserveermiddel (kaliumsorbaat [E202]), antioxidant (ascorbinezuur [E300]), zoetstof (steviolglycosiden uit stevia [E960a]).
Waarvan toegevoegde suikers 2.4g per 100 milliliter en waarvan toegevoegd zout 0.00g per 100 milliliter
°Rainforest Alliance gecertificeerd. Zie voor meer informatie ra.org"|100 Milliliter
195851|albert_heijn|None|AH Ice tea peach koolzuurvrij|AH|None|500.0|Milliliter|Home|Producten|Frisdrank, sappen, water|Ice tea|0.59|0.59|||||None|||1.18 per LT|€||https://www.ah.nl/producten/product/wi195851/ice-tea-peach-koolzuurvrij|0|None|Koolzuurvrije frisdrank met 0,1% zwarte thee-extract en perziksmaak met suiker en zoetstof||Ten minste houdbaar tot einde: zie bovenzijde. Kijk, ruik en proef na deze datum. Koel, donker en droog bewaren. Na openen gekoeld bewaren (max. 7°C), beperkt houdbaar.|None|None|D|Non-Organic|None|None|"Ingrediënten: water, suiker, voedingszuur (citroenzuur [E330]), natuurlijke aroma's, zwarte thee-extract°, zuurteregelaar (natriumcitraten [E331]), conserveermiddel (kaliumsorbaat [E202]), 0,1% perziksap uit concentraat, antioxidant (ascorbinezuur [E300]), zoetstof (steviolglycosiden uit Stevia [E960a]).
Waarvan toegevoegde suikers 2.5g per 100 milliliter en waarvan toegevoegd zout 0.00g per 100 milliliter
°Rainforest Alliance gecertificeerd. Zie voor meer informatie ra.org"|100 Milliliter
195852|albert_heijn|None|AH Ice tea lemon koolzuurvrij|AH|None|500.0|Milliliter|Home|Producten|Frisdrank, sappen, water|Ice tea|0.59|0.59|||||None|||1.18 per LT|€||https://www.ah.nl/producten/product/wi195852/ice-tea-lemon-koolzuurvrij|0|None|Koolzuurvrije frisdrank met 0,1% zwarte thee-extract en citroensmaak met suiker en zoetstof||Ten minste houdbaar tot einde: zie bovenzijde. Kijk, ruik en proef na deze datum. Koel, donker en droog bewaren. Na openen gekoeld bewaren (max. 7°C), beperkt houdbaar.|None|None|D|Non-Organic|None|None|"Ingrediënten: water, suiker, natuurlijke aroma's, voedingszuur (citroenzuur [E330]), zwarte thee-extract°, zuurteregelaar (natriumcitraten [E331]), 0,1% citroensap uit concentraat, conserveermiddel (kaliumsorbaat [E202]), antioxidant (ascorbinezuur [E300]), zoetstof (steviolglycosiden uit Stevia [E960a]).
Waarvan toegevoegde suikers 2.5g per 100 milliliter en waarvan toegevoegd zout 0.00g per 100 milliliter
°Rainforest Alliance gecertificeerd. Zie voor meer informatie ra.org"|100 Milliliter
195853|albert_heijn|None|AH Ice tea zero met koolzuur|AH|None|500.0|Milliliter|Home|Producten|Frisdrank, sappen, water|Ice tea|0.59|0.59|||||None|||1.18 per LT|€||https://www.ah.nl/producten/product/wi195853/ice-tea-zero-met-koolzuur|0|None|Koolzuurhoudende frisdrank met 0,1% zwarte thee-extract met zoetstoffen||Ten minste houdbaar tot einde: zie bovenzijde. Vaak goed na deze datum. Kijk, ruik en proef. Koel, donker en droog bewaren. Na openen gekoeld bewaren (max. 7°C), beperkt houdbaar. De verpakking goed sluiten na gebruik.|None|None|C|Non-Organic|None|None|"Ingrediënten: koolzuurhoudend water, voedingszuur (citroenzuur [E330], appelzuur [E296]), zwarte thee-extract°, zuurteregelaar (natriumcitraten [E331]), natuurlijke aroma's, zoetstof (steviolglycosiden uit Stevia [E960a], sucralose [E955]), 0,1% citroensap uit concentraat, conserveermiddel (kaliumsorbaat [E202]), antioxidant (ascorbinezuur [E300]).
Waarvan toegevoegde suikers 0.00g per 100 milliliter en waarvan toegevoegd zout 0.00g per 100 milliliter
°Rainforest Alliance gecertificeerd. Zie voor meer informatie ra.org"|100 Milliliter
195866|albert_heijn|None|Hero Cassis zero|Hero|None|0.5|Liter|Home|Producten|Frisdrank, sappen, water|Sinas, lemon, cassis|1.45|1.45|||||None|||2.9 per LT|€||https://www.ah.nl/producten/product/wi195866/cassis-zero|0.1|None|Koolzuurhoudende frisdrank met het sap van zwarte bessen. Gezoet met zoetstoffen. 0% added sugar*. * Dit product bevat van nature aanwezige suikers. ***Bevat een bron van fenylalanine.||Uit de zon en op een koele plaats bewaren. Na openen beperkt houdbaar.|None|None|C|Non-Organic|None|None|Ingrediënten: koolzuurhoudend water, zwarte bessensap uit concentraat (3%), gefermenteerd zwarte bessensap (2%), voedingszuur (citroenzuur), aroma, kleurend concentraat (zwarte bes, wortel), zoetstoffen (cyclamaten, acesulfaam-K, aspartaam***, sacharinen), conserveermiddel (kaliumsorbaat).|100 Milliliter
197318|albert_heijn|None|Pepsi Cola|Pepsi|None|0.5|Liter|Home|Producten|Frisdrank, sappen, water|Cola|1.59|1.59|||||None|||3.18 per LT|€||https://www.ah.nl/producten/product/wi197318/cola|0|None|Frisdrank met suiker en zoetstoffen Bevat cafeïne.||Koel, droog en donker bewaren. Na openen beperkt houdbaar.|None|None|D|Non-Organic|None|None|ngrediënten: koolzuurhoudend water, suiker, kleurstof (sulfiet-ammoniakkaramel), aroma's (bevat cafeïne), voedingszuur (fosforzuur), zoetstoffen (acesulfaam-K, sucralose).|100 Milliliter
201945|albert_heijn|None|Coca-Cola Original taste|Coca-Cola|None|0.5|Liter|Home|Producten|Frisdrank, sappen, water|Cola|1.75|1.75|||||None|||3.5 per LT|€||https://www.ah.nl/producten/product/wi201945/original-taste|0|None|Frisdrank met plantenextracten.||Koel, droog, geurvrij en uit het zonlicht bewaren.|None|None|E|Non-Organic|None|None|Ingrediënten: Sprankelend water; suiker; kleurstof: E150d; voedingszuur: E338; natuurlijke aroma's; aroma cafeïne.|100 Milliliter
201949|albert_heijn|None|Pepsi Zero cola|Pepsi|None|0.5|Liter|Home|Producten|Frisdrank, sappen, water|Cola|1.59|1.59|||||None|||3.18 per LT|€||https://www.ah.nl/producten/product/wi201949/zero-cola|0|None|Calorie-arme frisdrank, met zoetstoffen. zero sugar. Calorie-arme frisdrank, met zoetstoffen. Bevat aspartaam (een bron van fenylalanine).||Koel, droog en donker bewaren. Na openen beperkt houdbaar.|None|None|C|Non-Organic|None|None|Ingrediënten: koolzuurhoudend water, kleurstof (karamel E150d), zoetstoffen (E950, E951), voedingszuren (E338, E330), zuurteregelaar (E331), aroma’s (o.a. cafeïne)|100 Milliliter
229611|albert_heijn|None|Bullit Energy drink suikervrij|Bullit|None|250.0|Milliliter|Home|Producten|Frisdrank, sappen, water|Energy drink, sportdranken|0.99|0.99|||||None|||3.96 per LT|€||https://www.ah.nl/producten/product/wi229611/energy-drink-suikervrij|0|None|Cafeïne Houdende Taurine Drank Met Zoetstoffen Sugar Free Hoog Cafeïnegehalte. Niet aanbevolen voor kinderen en vrouwen die zwanger zijn of borstvoeding geven (30 mg/100 ml). Gepasteuriseerd.|Drink met mate.||None|None|C|Non-Organic|None|None|ingrediënten: koolzuurhoudend water, voedingszuur (citroenzuur), taurine (0,4%), zuurteregelaar (natriumcitraten), cafeïne (0,03%), Zoetstoffen (Sucralose, Acesulfaam-K), vitaminen (niacine, pantotheenzuur, B6, B12), aroma's, kleurstoffen (karamel, riboflavinen).|100 Milliliter
403743|albert_heijn|None|Schweppes Indian tonic zero|Schweppes|None|33.0|Centiliter|Home|Producten|Frisdrank, sappen, water|Tonic, ginger, bitter, crafts en speciaal fris|1.19|1.19|||||None|||3.61 per LT|€||https://www.ah.nl/producten/product/wi403743/indian-tonic-zero|0|None|Bruisende frisdrank met extract van kina, met zoetstoffen.|Koel schenken.|Ten minste houdbaar tot: zie bodem blik. Op een koele plaats bewaren.|None|None|C|Non-Organic|None|None|"Ingrediënten: Koolzuurhoudend water, voedingszuur: citroenzuur, zoetstoffen: acesulfaam K en sucralose, natuurlijke aroma's, aroma: kinine
"|100 Milliliter
403744|albert_heijn|None|Schweppes Agrumes zero|Schweppes|None|0.33|Liter|Home|Producten|Frisdrank, sappen, water|Tonic, ginger, bitter, crafts en speciaal fris|1.19|1.19|||||None|||3.61 per LT|€||https://www.ah.nl/producten/product/wi403744/agrumes-zero|0|None|Bruisende frisdrank met natuurlijke aroma's van citrusvruchten (sinaasappel, pompelmoes, limoen en mandarijn) met andere natuurlijke aroma's met  zoetstoffen. SCH_FZE005R0100|Uit de zon en op een koele plaats bewaren.  Koel schenken.|Uit de zon en op een koele plaats bewaren.  Koel schenken.|None|None|C|Non-Organic|None|None|Ingrediënten: koolzuurhoudend water, sinaasappelextracten, voedingszuur: citroenzuur, zoetstoffen: acesulfaam K en sucralose, conserveermiddel: kaliumsorbaat, natuurlijke citrusaroma's met andere natuurlijke aroma's, gemodificeerd zetmeel, antioxidant: ascorbinezuur, stabilisator: E445|100 Milliliter
436112|albert_heijn|None|Hero Cassis zero|Hero|None|250.0|Milliliter|Home|Producten|Frisdrank, sappen, water|Sinas, lemon, cassis|0.79|0.79|||||None|||3.16 per LT|€||https://www.ah.nl/producten/product/wi436112/cassis-zero|0.1|None|Koolzuurhoudende frisdrank met het sap van zwarte bessen. Gezoet met zoetstoffen. 0% added sugar*. * Dit product bevat van nature aanwezige suikers. ***Bevat een bron van fenylalanine.|||None|None|C|Non-Organic|None|None|Ingrediënten: koolzuurhoudend water, zwarte bessensap uit concentraat (3%), gefermenteerd zwarte bessensap (2%), voedingszuur (citroenzuur), aroma, kleurend concentraat (zwarte bes, wortel), zoetstoffen (cyclamaten, acesulfaam-K, aspartaam***, sacharinen).|100 Milliliter
436641|albert_heijn|None|Coca-Cola Zero sugar lemon|Coca-Cola|None|250.0|Milliliter|Home|Producten|Frisdrank, sappen, water|Cola|0.79|0.79||0.79|||None|||3.16 per LT|€||https://www.ah.nl/producten/product/wi436641/zero-sugar-lemon|0|None|Frisdrank met plantenextracten en citroensmaak, met zoetstoffen. Bevat een bron van fenylalanine.||Koel, droog en geurvrij bewaren.|None|None|C|Non-Organic|None|None|Ingrediënten: Sprankelend water; kleurstof: E150d; voedingszuur: E338; zoetstoffen: aspartaam, acesulfaam-K; natuurlijke aroma's; aroma cafeïne; zuurteregelaar: E331.|100 Milliliter
437897|albert_heijn|None|Fuze Tea Black ice tea peach hibiscus|Fuze Tea|None|250.0|Milliliter|Home|Producten|Frisdrank, sappen, water|Ice tea|0.79|0.79||0.79|||None|||3.16 per LT|€||https://www.ah.nl/producten/product/wi437897/black-ice-tea-peach-hibiscus|0|None|​Frisdrank op basis van zwarte thee extract, met perzik- en hibiscussmaak, met suiker en zoetstof. Low calories ||Koel en droog bewaren. Ten minste houdbaar tot: zie bodem blik.|None|None|D|Non-Organic|None|None|Ingrediënten: Water; suiker voedingszuren: citroenzuur, appelzuur; zwarte thee extract+ (0.12%); perziksap uit concentraat (0.1%); natuurlijk* perzikaroma met andere natuurlijke aroma's zuurteregelaar: natriumcitraten; antioxidant;ascorbinezuur; zoetstof steviolglycosiden uit Stevia; hibiscusextract. +Rainforest Alliance Certified. Find out more at ra.org.|100 Milliliter
437898|albert_heijn|None|Fuze Tea Green ice tea mango chamomile|Fuze Tea|None|250.0|Milliliter|Home|Producten|Frisdrank, sappen, water|Ice tea|0.79|0.79||0.79|||None|||3.16 per LT|€||https://www.ah.nl/producten/product/wi437898/green-ice-tea-mango-chamomile|0|None|Frisdrank op basis van getrokken groene thee en kamille-extracten, met mangosmaak, met suiker en zoetstof. Low in calories||Koel, droog en geurvrij bewaren.|None|None|D|Non-Organic|None|None|Ingrediënten: Getrokken groene thee 94% (water, geconcentreerde groene thee infusie⁺); suiker; mangosap uit concentraat (1%); voedingszuren: citroenzuur, natriumcitraat; antioxidant: ascorbinezuur; natuurlijke aroma’s; zoetstof: steviolglycosiden uit Stevia; kamille-extracten.|100 Milliliter
448503|albert_heijn|None|E Energy drink sugarfree|E|None|250.0|Milliliter|Home|Producten|Frisdrank, sappen, water|Energy drink, sportdranken|0.75|0.75|||||None|||3 per LT|€||https://www.ah.nl/producten/product/wi448503/energy-drink-sugarfree|0|None|Suikervrije, koolzuurhoudende drank met 0,4% taurine en 0,032% cafeïne met toegevoegde vitaminen met zoetstoffen Hoog cafeïnegehalte (bevat 32mg cafeïne per 100ml). Niet aanbevolen voor kinderen en vrouwen die zwanger zijn of borstvoeding geven.||Ten minste houdbaar tot einde: zie onderzijde. Vaak goed na deze datum. Kijk, ruik en proef. Koel en droog bewaren.|None|None||Non-Organic|None|None|"Ingrediënten: koolzuurhoudend water, voedingszuur (citroenzuur [E330]), taurine, zuurteregelaar (natriumcitraten [E331]), aroma, kleurstof (alkali-sulfietkaramel [E150b]), zoetstof (acesulfaam-K [E950], sucralose [E955]), vitaminen (niacine, pantotheenzuur, B6, riboflavine, B12), cafeïne.
Waarvan toegevoegde suikers 0.00g per 100 milliliter en waarvan toegevoegd zout 0.00g per 100 milliliter"|100 Milliliter
458307|albert_heijn|None|Fentimans Gently sparkling elderflower|Fentimans|None|750.0|Milliliter|Home|Producten|Frisdrank, sappen, water|Tonic, ginger, bitter, crafts en speciaal fris|3.99|3.99|||||None|||5.32 per LT|€||https://www.ah.nl/producten/product/wi458307/gently-sparkling-elderflower|0|None|Gently Sparkling Elderflower|Best served chilled.|"Best before end, see neck.

Once opened keep refrigerated & consume within 3 days."|None|None||Non-Organic|None|None|Ingrediënten: Ingredients: Carbonated water, sugar, elderflower extracts (2%), acid: citric acid, stabiliser: pectin, fermented ginger root extract (water, glucose syrup, ginger root, pear juice concentrate, yeast), natural flavourings, sweetener: steviol glycosides from stevia.|100 Milliliter
476671|albert_heijn|None|Fanta Exotic zero sugar|Fanta|None|250.0|Milliliter|Home|Producten|Frisdrank, sappen, water|Sinas, lemon, cassis|0.79|0.79||0.79|||None|||3.16 per LT|€||https://www.ah.nl/producten/product/wi476671/exotic-zero-sugar|0|None|Frisdrank met vruchtensap, met zoetstoffen. No sugar. Bevat een bron van fenylalanine.||"Ten minste houdbaar tot: zie bodem blik.
Koel, droog en geurvrij bewaren."|None|None|C|Non-Organic|None|None|"Ingrediënten: Sprankelend water, vruchtensap uit concentraat 4.4% (sinaasappel 3.4%, perzik 0.5%, appel 0.4%, passievrucht 0.1%), voedingszuren: citroenzuur, appelzuur, conserveermiddel: kaliumsorbaat, wortel- en saffloerconcentraat, zoetstoffen: acesulfame-K, aspartaam, natuurlijke aroma's, stabilisatoren: guarpitmeel, glycerolesters van houthars
"|100 Milliliter
476672|albert_heijn|None|Fanta Lemon zero sugar|Fanta|None|250.0|Milliliter|Home|Producten|Frisdrank, sappen, water|Sinas, lemon, cassis|0.79|0.79||0.79|||None|||3.16 per LT|€||https://www.ah.nl/producten/product/wi476672/lemon-zero-sugar|0|None|Frisdrank met citroensap, met zoetstoffen. No sugar. Bevat een bron van fenylalanine.||"Ten minste houdbaar tot: zie bodem blik.
Koel, droog, geurvrij bewaren."|None|None|C|Non-Organic|None|None|Ingrediënten: Sprankelend water; citroensap uit sapconcentraat (6%); voedingszuren: citroenzuur, natriumcitraat; zoetstoffen: aspartaam, acesulfaam-K, natrium-sacharine; conserveermiddel: kaliumsorbaat; stabilisatoren: arabische gom, glycerolesters van houthars; antioxidant: ascorbinezuur; natuurlijke citroenaroma's met ander natuurlijk aroma.|100 Milliliter
476673|albert_heijn|None|Fanta Cassis|Fanta|None|250.0|Milliliter|Home|Producten|Frisdrank, sappen, water|Sinas, lemon, cassis|0.79|0.79||0.79|||None|||3.16 per LT|€||https://www.ah.nl/producten/product/wi476673/cassis|0|None|Frisdrank met zwarte bessensap.||"Ten minste houdbaar tot: zie bodem blik.
Koel, droog en geurvrij bewaren.
"|None|None|E|Non-Organic|None|None|Ingrediënten: Sprankelend water; suiker; zwarte bessensap uit sapconcentraat (5%); voedingszuur: citroenzuur; kleurstof: anthocyanen; natuurlijke zwarte bessenaroma's; conserveermiddel: kaliumsorbaat.|100 Milliliter
476696|albert_heijn|None|Fernandes Cream ginger|Fernandes|None|0.25|Liter|Home|Producten|Frisdrank, sappen, water|Tonic, ginger, bitter, crafts en speciaal fris|0.99|0.99|||||None|||3.96 per LT|€||https://www.ah.nl/producten/product/wi476696/cream-ginger|0|None|Frisdrank met gembersmaak, suiker en zoetstoffen|Koel serveren|Uit de zon bij gematigde temperatuur in een droge en schone omgeving bewaren|None|None|E|Non-Organic|None|None|Ingrediënten: Koolzuurhoudend water, suiker, voedingszuur: citroenzuur, aroma’s, conserveermiddel: kaliumsorbaat, antioxidant: ascorbinezuur, kleurstoffen: E160a, E160e, zoetstoffen: acesulfaam K, sucralose.|100 Milliliter
476706|albert_heijn|None|Coca-Cola Zero sugar|Coca-Cola|None|250.0|Milliliter|Home|Producten|Frisdrank, sappen, water|Cola|0.79|0.79||0.79|||None|||3.16 per LT|€||https://www.ah.nl/producten/product/wi476706/zero-sugar|0|None|Frisdrank met plantenextracten, met zoetstoffen. ZERO SUGAR  No calories Bevat een bron van fenylalanine.||Koel en droog bewaren.|None|None|C|Non-Organic|None|None|Ingrediënten: Sprankelend water; kleurstof: E150d; voedingszuur: E338; zoetstoffen: aspartaam, acesulfaam-K, enzymatisch geproduceerde steviolglycosiden; natuurlijke aroma's; aroma cafeïne; zuurteregelaar: E331.|100 Milliliter
476708|albert_heijn|None|Coca-Cola Light|Coca-Cola|None|250.0|Milliliter|Home|Producten|Frisdrank, sappen, water|Cola|0.79|0.79||0.79|||None|||3.16 per LT|€||https://www.ah.nl/producten/product/wi476708/light|0|None|Frisdrank met plantenextracten, met zoetstoffen. Zonder calorieën Bevat een bron van fenylalanine.||Koel, droog en geurvrij bewaren.|None|None|C|Non-Organic|None|None|Ingrediënten: Sprankelend water; kleurstof: E150d; voedingszuren: E338, E330; natuurlijke aroma's; aroma cafeïne; zoetstoffen: aspartaam, acesulfaam-K.|100 Milliliter
476711|albert_heijn|None|AH Cola no sugar|AH|None|500.0|Milliliter|Home|Producten|Frisdrank, sappen, water|Cola|0.55|0.55|||||None|||1.1 per LT|€||https://www.ah.nl/producten/product/wi476711/cola-no-sugar|0|None|Suikervrije, koolzuurhoudende frisdrank met colasmaak met zoetstoffen||Ten minste houdbaar tot en met: zie bovenzijde. Vaak goed na deze datum. Kijk, ruik en proef. Koel, donker en droog bewaren. Na openen gekoeld bewaren (max. 7°C), beperkt houdbaar. De verpakking goed sluiten na gebruik.|None|None|C|Non-Organic|None|None|"Ingrediënten: koolzuurhoudend water, kleurstof (sulfiet-ammoniakkaramel [E150d]), voedingszuur (fosforzuur [E338]), zoetstof (acesulfaam-K [E950], sucralose [E955], sacharinen [E954]), natuurlijke aroma's, zuurteregelaar (natriumcitraten [E331]), cafeïne.
Waarvan toegevoegde suikers 0.00g per 100 milliliter en waarvan toegevoegd zout 0.00g per 100 milliliter"|100 Milliliter
476712|albert_heijn|None|AH Cola regular|AH|None|500.0|Milliliter|Home|Producten|Frisdrank, sappen, water|Cola|0.55|0.55|||||None|||1.1 per LT|€||https://www.ah.nl/producten/product/wi476712/cola-regular|0|None|Koolzuurhoudende frisdrank met colasmaak met suiker en zoetstof||Ten minste houdbaar tot en met: zie bovenzijde. Vaak goed na deze datum. Kijk, ruik en proef. Koel, donker en droog bewaren. Na openen gekoeld bewaren (max. 7°C), beperkt houdbaar. De verpakking goed sluiten na gebruik.|None|None|E|Non-Organic|None|None|"Ingrediënten: koolzuurhoudend water, suiker, kleurstof (sulfiet-ammoniakkaramel [E150d]), voedingszuur (fosforzuur [E338]), zuurteregelaar (natriumcitraten [E331]), natuurlijk aroma, cafeïne, zoetstof (sucralose [E955]).
Waarvan toegevoegde suikers 6.0g per 100 milliliter en waarvan toegevoegd zout 0.00g per 100 milliliter"|100 Milliliter
476730|albert_heijn|None|Coca-Cola Cherry|Coca-Cola|None|250.0|Milliliter|Home|Producten|Frisdrank, sappen, water|Cola|0.79|0.79||0.79|||None|||3.16 per LT|€||https://www.ah.nl/producten/product/wi476730/cherry|0|None|Frisdrank met plantenextracten en kersenaroma.||Koel, droog en geurvrij bewaren.|None|None|E|Non-Organic|None|None|Ingrediënten: Sprankelend water; suiker; kleurstof: E150d; voedingszuur: E338; natuurlijke aroma's; aroma cafeïne.|100 Milliliter
476731|albert_heijn|None|Coca-Cola Vanilla|Coca-Cola|None|250.0|Milliliter|Home|Producten|Frisdrank, sappen, water|Cola|0.79|0.79||0.79|||None|||3.16 per LT|€||https://www.ah.nl/producten/product/wi476731/vanilla|0|None|Frisdrank met plantenextracten en vanille-aroma's.||Koel, droog en geurvrij bewaren.|None|None|E|Non-Organic|None|None|Ingrediënten: Sprankelend water; suiker; kleurstof: E150d; voedingszuur: E338; natuurlijke aroma's; aroma cafeïne.|100 Milliliter
476733|albert_heijn|None|Fanta orange 250ml|Fanta|None|250.0|Milliliter|Home|Producten|Frisdrank, sappen, water|Sinas, lemon, cassis|0.79|0.79||0.79|||None|||3.16 per LT|€||https://www.ah.nl/producten/product/wi476733/fanta-orange-250ml|0|None|Frisdrank met sinaasappelsap, met suiker en zoetstoffen. Low in calorie Bevat een bron van fenylalanine.||Koel, droog en geurvrij bewaren.|None|None|D|Non-Organic|None|None|Ingrediënten: Sprankelend water; sinaasappelsap uit concentraat (5%); suiker; voedingszuren: citroenzuur, appelzuur, natriumcitraten; zoetstoffen: natriumcyclamaat, acesulfaam-k; natuurlijke sinaasappelaroma’s met andere natuurlijke aroma’s; conserveermiddel: kaliumsorbaat; antioxidant: ascorbinezuur; wortelconcentraat; stabilisator: guarpitmeel; kleurstof: carotenen.|100 Milliliter
476868|albert_heijn|None|AH Lemon & lime regular|AH|None|500.0|Milliliter|Home|Producten|Frisdrank, sappen, water|Sinas, lemon, cassis|0.55|0.55|||||None|||1.1 per LT|€||https://www.ah.nl/producten/product/wi476868/lemon-en-lime-regular|0|None|Koolzuurhoudende frisdrank met citroen- en limoensmaak met suiker en zoetstoffen||Ten minste houdbaar tot en met: zie bovenzijde. Vaak goed na deze datum. Kijk, ruik en proef. Koel, donker en droog bewaren. Na openen gekoeld bewaren (max. 7°C), beperkt houdbaar. De verpakking goed sluiten na gebruik.|None|None|E|Non-Organic|None|None|"Ingrediënten: koolzuurhoudend water, suiker, voedingszuur (citroenzuur [E330]), natuurlijk citroen- en limoenaroma, zuurteregelaar (natriumcitraten [E331]), antioxidant (ascorbinezuur [E300]), zoetstof (acesulfaam-K [E950], sucralose [E955]).
Waarvan toegevoegde suikers 5.9g per 100 milliliter en waarvan toegevoegd zout 0.00g per 100 milliliter"|100 Milliliter
476869|albert_heijn|None|AH Sinas zero|AH|None|500.0|Milliliter|Home|Producten|Frisdrank, sappen, water|Sinas, lemon, cassis|0.55|0.55|||||None|||1.1 per LT|€||https://www.ah.nl/producten/product/wi476869/sinas-zero|0|None|Suikervrije, koolzuurhoudende frisdrank met 4% sinaasappelsap uit concentraat met zoetstoffen||Ten minste houdbaar tot en met: zie bovenzijde. Vaak goed na deze datum. Kijk, ruik en proef. Koel, donker en droog bewaren. Na openen gekoeld bewaren (max. 7°C), beperkt houdbaar. De verpakking goed sluiten na gebruik.|None|None|C|Non-Organic|None|None|"Ingrediënten: koolzuurhoudend water, sap uit concentraat (sinaasappel, wortel), voedingszuur (citroenzuur [E330]), natuurlijke aroma's, zuurteregelaar (natriumcitraten [E331]), zoetstof (acesulfaam-K [E950], sucralose [E955], sacharinen [E954]), antioxidant (ascorbinezuur [E300]), conserveermiddel (kaliumsorbaat [E202]), kleurstof (carotenen [E160a]).
Waarvan toegevoegde suikers 0.00g per 100 milliliter en waarvan toegevoegd zout 0.00g per 100 milliliter"|100 Milliliter
476870|albert_heijn|None|AH Sinas regular|AH|None|500.0|Milliliter|Home|Producten|Frisdrank, sappen, water|Sinas, lemon, cassis|0.55|0.55|||||None|||1.1 per LT|€||https://www.ah.nl/producten/product/wi476870/sinas-regular|0.01|None|Koolzuurhoudende frisdrank met 6% sinaasappelsap uit concentraat met suiker en zoetstoffen||Ten minste houdbaar tot en met: zie bovenzijde. Vaak goed na deze datum. Kijk, ruik en proef. Koel, donker en droog bewaren. Na openen gekoeld bewaren (max. 7°C), beperkt houdbaar. De verpakking goed sluiten na gebruik.|None|None|E|Non-Organic|None|None|"Ingrediënten: koolzuurhoudend water, sap uit concentraat (sinaasappel, wortel), suiker, voedingszuur (citroenzuur [E330]), natuurlijk aroma, zoetstof (cyclamaten [E952], sucralose [E955], acesulfaam-K [E950]), antioxidant (ascorbinezuur [E300]), conserveermiddel (kaliumsorbaat [E202]), zuurteregelaar (natriumcitraten [E331]), kleurstof (carotenen [E160a]).
Waarvan toegevoegde suikers 5.0g per 100 milliliter en waarvan toegevoegd zout 0.00g per 100 milliliter"|100 Milliliter
477044|albert_heijn|None|AH Cassis regular|AH|None|500.0|Milliliter|Home|Producten|Frisdrank, sappen, water|Sinas, lemon, cassis|0.69|0.69|||||None|||1.38 per LT|€||https://www.ah.nl/producten/product/wi477044/cassis-regular|0|None|Koolzuurhoudende frisdrank met 5% zwartebessensap uit concentraat met suiker en zoetstoffen||Ten minste houdbaar tot en met: zie bovenzijde. Vaak goed na deze datum. Kijk, ruik en proef. Koel, donker en droog bewaren. Na openen gekoeld bewaren (max. 7°C), beperkt houdbaar. De verpakking goed sluiten na gebruik.|None|None|D|Non-Organic|None|None|"Ingrediënten: koolzuurhoudend water, zwartebessensap uit concentraat, suiker, voedingszuur (citroenzuur [E330]), natuurlijk aroma, conserveermiddel (kaliumsorbaat [E202], natriumbenzoaat [E211]), kleurend concentraat (zwarte wortel, hibiscus), zoetstof (sucralose [E955], acesulfaam-K [E950]).
Waarvan toegevoegde suikers 2.4g per 100 milliliter en waarvan toegevoegd zout 0.00g per 100 milliliter"|100 Milliliter
477045|albert_heijn|None|Coca-Cola Original|Coca-Cola|None|250.0|Milliliter|Home|Producten|Frisdrank, sappen, water|Cola|0.79|0.79||0.79|||None|||3.16 per LT|€||https://www.ah.nl/producten/product/wi477045/original|0|None|Frisdrank met plantenextracten.||Koel, droog en geurvrij bewaren.|None|None|E|Non-Organic|None|None|Ingrediënten: Sprankelend water; suiker; kleurstof: E150d; voedingszuur: E338; natuurlijke aroma's; aroma cafeïne.|100 Milliliter
477046|albert_heijn|None|Coca-Cola Vanilla zero sugar|Coca-Cola|None|250.0|Milliliter|Home|Producten|Frisdrank, sappen, water|Cola|0.79|0.79||0.79|||None|||3.16 per LT|€||https://www.ah.nl/producten/product/wi477046/vanilla-zero-sugar|0|None|Frisdrank met plantenextracten en vanillesmaak, met zoetstoffen; Zero sugar. No Calories Bevat een bron van fenylalanine.||Koel, droog en uit het zonlicht bewaren.|None|None|C|Non-Organic|None|None|Ingrediënten: Sprankelend water; kleurstof: E150d; voedingszuur: E338; zoetstoffen: aspartaam, acesulfaam-K; natuurlijke aroma's; aroma cafeïne; zuurteregelaar: E331.|100 Milliliter
480614|albert_heijn|None|AH Cassis regular|AH|None|330.0|Milliliter|Home|Producten|Frisdrank, sappen, water|Sinas, lemon, cassis|0.55|0.55|||||None|||1.67 per LT|€||https://www.ah.nl/producten/product/wi480614/cassis-regular|0|None|Koolzuurhoudende frisdrank met 5% zwartebessensap uit concentraat met suiker en zoetstoffen||Ten minste houdbaar tot en met: zie onderzijde. Kijk, ruik en proef na deze datum. Koel, donker en droog bewaren.|None|None|D|Non-Organic|None|None|"Ingrediënten: koolzuurhoudend water, zwartebessensap uit concentraat, suiker, voedingszuur (citroenzuur [E330]), natuurlijk aroma, conserveermiddel (kaliumsorbaat [E202], natriumbenzoaat [E211]), kleurend concentraat (zwarte wortel, hibiscus), zoetstof (sucralose [E955], acesulfaam-K [E950]).
Waarvan toegevoegde suikers 2.4g per 100 milliliter en waarvan toegevoegd zout 0.00g per 100 milliliter"|100 Milliliter
480783|albert_heijn|None|AH Cola regular|AH|None|330.0|Milliliter|Home|Producten|Frisdrank, sappen, water|Cola|0.39|0.39|||||None|||1.18 per LT|€||https://www.ah.nl/producten/product/wi480783/cola-regular|0|None|Koolzuurhoudende frisdrank met colasmaak met suiker en zoetstof||Ten minste houdbaar tot en met: zie onderzijde. Vaak goed na deze datum. Kijk, ruik en proef. Koel en droog bewaren.|None|None|E|Non-Organic|None|None|"Ingrediënten: koolzuurhoudend water, suiker, kleurstof (sulfiet-ammoniakkaramel [E150d]), voedingszuur (fosforzuur [E338], citroenzuur [E330]), zuurteregelaar (natriumcitraten [E331]), cafeïne, natuurlijk aroma, zoetstof (sucralose [E955]).
Waarvan toegevoegde suikers 6.0g per 100 milliliter en waarvan toegevoegd zout 0.00g per 100 milliliter"|100 Milliliter
480785|albert_heijn|None|AH Lemon & lime regular|AH|None|330.0|Milliliter|Home|Producten|Frisdrank, sappen, water|Sinas, lemon, cassis|0.39|0.39|||||None|||1.18 per LT|€||https://www.ah.nl/producten/product/wi480785/lemon-en-lime-regular|0|None|Koolzuurhoudende frisdrank met citroen- en limoensmaak met suiker en zoetstoffen||Ten minste houdbaar tot en met: zie onderzijde. Kijk, ruik en proef na deze datum. Koel, donker en droog bewaren.|None|None|E|Non-Organic|None|None|"Ingrediënten: koolzuurhoudend water, suiker, voedingszuur (citroenzuur [E330]), natuurlijk citroen-limoenaroma, zuurteregelaar (natriumcitraten [E331]), antioxidant (ascorbinezuur [E300]), zoetstof (acesulfaam-K [E950], sucralose [E955]).
Waarvan toegevoegde suikers 5.9g per 100 milliliter en waarvan toegevoegd zout 0.00g per 100 milliliter"|100 Milliliter
480787|albert_heijn|None|AH Sinas regular|AH|None|330.0|Milliliter|Home|Producten|Frisdrank, sappen, water|Sinas, lemon, cassis|0.49|0.49|||||None|||1.48 per LT|€||https://www.ah.nl/producten/product/wi480787/sinas-regular|0.01|None|Koolzuurhoudende frisdrank met 6% sinaasappelsap uit concentraat met suiker en zoetstoffen||Ten minste houdbaar tot en met: zie onderzijde. Vaak goed na deze datum. Kijk, ruik en proef. Koel en droog bewaren.|None|None|E|Non-Organic|None|None|"Ingrediënten: koolzuurhoudend water, sap uit concentraat (sinaasappel, wortel), suiker, voedingszuur (citroenzuur [E330]), natuurlijk aroma, zoetstof (cyclamaten [E952], sucralose [E955], acesulfaam-K [E950]), antioxidant (ascorbinezuur [E300]), conserveermiddel (kaliumsorbaat [E202]), zuurteregelaar (natriumcitraten [E331]), kleurstof (carotenen [E160a]).
Waarvan toegevoegde suikers 5.0g per 100 milliliter en waarvan toegevoegd zout 0.00g per 100 milliliter"|100 Milliliter
480789|albert_heijn|None|AH Cola zero sugar|AH|None|330.0|Milliliter|Home|Producten|Frisdrank, sappen, water|Cola|0.39|0.39|||||None|||1.18 per LT|€||https://www.ah.nl/producten/product/wi480789/cola-zero-sugar|0|None|Suikervrije, koolzuurhoudende frisdrank met colasmaak met zoetstoffen||Ten minste houdbaar tot en met: zie onderzijde. Vaak goed na deze datum. Kijk, ruik en proef. Koel en droog bewaren.|None|None|C|Non-Organic|None|None|"Ingrediënten: koolzuurhoudend water, kleurstof (sulfiet-ammoniakkaramel [E150d]), voedingszuur (fosforzuur [E338]), zoetstof (acesulfaam-K [E950], sucralose [E955], sacharinen [E954]), natuurlijke aroma's, zuurteregelaar (natriumcitraten [E331]), cafeïne.
Waarvan toegevoegde suikers 0.00g per 100 milliliter en waarvan toegevoegd zout 0.00g per 100 milliliter"|100 Milliliter
482197|albert_heijn|None|AH Sportdrank blue|AH|None|500.0|Milliliter|Home|Producten|Energie voeding, sportvoeding|Sportvoeding|0.69|0.69|||||None|||1.38 per LT|€||https://www.ah.nl/producten/product/wi482197/sportdrank-blue|0|None|Frisdrank met ananas-aardbeiensmaak met toegevoegde vitaminen met suiker en zoetstof||Ten minste houdbaar tot en met: zie bovenzijde. Vaak goed na deze datum. Kijk, ruik en proef. Na openen gekoeld bewaren (max. 7°C), beperkt houdbaar.|None|None|D|Non-Organic|None|None|"Ingrediënten: water, suiker, voedingszuur (citroenzuur [E330]), mineralen (calcium, magnesium), aroma, conserveermiddel (kaliumsorbaat [E202], natriumbenzoaat [E211], dimethyldicarbonaat [E242]), stabilisator (arabische gom [E414], glycerolesters van houthars [E445]), L-carnitine, zoetstof (steviolglycosiden uit Stevia [E960a]), vitaminen (B3, B5, B6), kleurstof (briljantblauw FCF [E133]).
Waarvan toegevoegde suikers 4.6g per 100 milliliter en waarvan toegevoegd zout 0.00g per 100 milliliter"|100 Milliliter
482199|albert_heijn|None|AH Sportdrank orange|AH|None|500.0|Milliliter|Home|Producten|Energie voeding, sportvoeding|Sportvoeding|0.69|0.69|||||None|||1.38 per LT|€||https://www.ah.nl/producten/product/wi482199/sportdrank-orange|0|None|Drank met tropische fruitsmaak||Ten minste houdbaar tot en met: zie bovenzijde. Vaak goed na deze datum. Kijk, ruik en proef. Na openen gekoeld bewaren (max. 7°C), beperkt houdbaar.|None|None|E|Non-Organic|None|None|"Ingrediënten: water, suiker, dextrose, fructose, maltodextrine, voedingszuur (citroenzuur [E330]), conserveermiddel (kaliumsorbaat [E202], natriumbenzoaat [E211], dimethyldicarbonaat [E242]), aroma, antioxidant (ascorbinezuur [E300]), zout, stabilisator (arabische gom [E414], glycerolesters van houthars [E445]), kleurstof (carotenen [E160a], bèta-apo-8'-carotenal (C30) [E160e]).
Waarvan toegevoegde suikers 14g per 100 milliliter en waarvan toegevoegd zout 0.01g per 100 milliliter"|100 Milliliter
494293|albert_heijn|None|Royal Club Ginger ale|Royal Club|None|0.25|Liter|Home|Producten|Frisdrank, sappen, water|Tonic, ginger, bitter, crafts en speciaal fris|0.89|0.89|||||None|||3.56 per LT|€||https://www.ah.nl/producten/product/wi494293/ginger-ale|0|None|Frisdrank met plantenextracten, metzoetstoffen. 0% suiker||Koel en droog bewaren.|None|None|C|Non-Organic|None|None|Ingrediënten: koolzuurhoudend water, natuurlijk gember aroma, voedingszuur (citroenzuur), natuurlijk aroma, zuurteregelaar (natriumcitraat), conserveermiddel (kaliumsorbaat), zoetstoffen (sucralose, acesulfaam-K), kleurstof (sulfiet-ammoniakkaramel).|100 Milliliter
496791|albert_heijn|None|Pepsi Zero|Pepsi|None|0.33|Liter|Home|Producten|Frisdrank, sappen, water|Cola|0.75|0.75|||||None|||2.27 per LT|€||https://www.ah.nl/producten/product/wi496791/zero|0|None|Calorie-arme frisdrank met zoetstoffen Zero sugar. Calorie-arme frisdrank met zoetstoffen Bevat aspartaam (een bron van fenylalanine).||Koel en droog bewaren.|None|None|C|Non-Organic|None|None|Ingrediënten: koolzuurhoudend water, kleurstof (karamel E150d), zoetstoffen (E950, E951), voedingszuren (E338, E330), zuurteregelaar (E331), aroma's (o.a. cafeïne)|100 Milliliter
496792|albert_heijn|None|Pepsi Regular blik|Pepsi|None|0.33|Liter|Home|Producten|Frisdrank, sappen, water|Cola|0.75|0.75|||||None|||2.27 per LT|€||https://www.ah.nl/producten/product/wi496792/regular-blik|0|None|Frisdrank met suiker en zoetstoffen. bevat cafeïne||Koel en droog bewaren.|None|None|D|Non-Organic|None|None|ngrediënten: koolzuurhoudend water, suiker, kleurstof (sulfiet-ammoniak-karamel), aroma's (bevat cafeïne), voedingszuur (fosforzuur), zoetstoffen (acesulfaam-K, sucralose).|100 Milliliter
496793|albert_heijn|None|Rivella Original|Rivella|None|0.25|Liter|Home|Producten|Frisdrank, sappen, water|Tonic, ginger, bitter, crafts en speciaal fris|0.85|0.85|||||None|||3.4 per LT|€||https://www.ah.nl/producten/product/wi496793/original|0|None|Frisdrank met melkserum en zoetstoffen.||Koel en droog bewaren.|None|None|C|Non-Organic|None|None|Ingrediënten: koolzuurhoudend water, MELKserum (26%), voedingszuur (L(+) melkzuur), karamelsuikersiroop, zoetstoffen (cyclaamzuur, acesulfaam-K, sacharine), natuurlijke aroma's.|100 Milliliter
496794|albert_heijn|None|7up Regular blik|7up|None|0.33|Liter|Home|Producten|Frisdrank, sappen, water|Sinas, lemon, cassis|0.79|0.79|||||None|||2.39 per LT|€||https://www.ah.nl/producten/product/wi496794/regular-blik|0|None|Frisdrank met natuurlijk citroen- en limoenaroma, suiker en zoetstof.||Koel en droog bewaren.|None|None|D|Non-Organic|None|None|Ingrediënten: koolzuurhoudend water, suiker, voedingszuren (citroenzuur, appelzuur), natuurlijk citroen- en limoenaroma met andere natuurlijke aroma's, zuurteregelaar (natriumcitraat), zoetstof (steviolglycosiden uit Stevia).|100 Milliliter
496795|albert_heijn|None|7up Zero lemon lime|7up|None|0.33|Liter|Home|Producten|Frisdrank, sappen, water|Sinas, lemon, cassis|0.79|0.79|||||None|||2.39 per LT|€||https://www.ah.nl/producten/product/wi496795/zero-lemon-lime|0|None|Calorie-arme frisdrank met natuurlijk citroen- en limoenaroma, met zoetstof. lorie-arme frisdrank met natuurlijk citroenen limoenaroma, met zoetstof. free of sugar Bevat een bron van fenylalanine.||Koel en droog bewaren.|None|None|C|Non-Organic|None|None|Ingrediënten: koolzuurhoudend water, voedingszuur (citroenzuur), natuurlijk citroen- en limoenaroma, zuurteregelaar (natriumcitraat), zoetstof (aspartaam).|100 Milliliter
496796|albert_heijn|None|Royal Club Tonic 0% suiker|Royal Club|None|0.25|Liter|Home|Producten|Frisdrank, sappen, water|Tonic, ginger, bitter, crafts en speciaal fris|0.89|0.89|||||None|||3.56 per LT|€||https://www.ah.nl/producten/product/wi496796/tonic-0-suiker|0|None|Frisdrank met vruchtenextracten, met zoetstoffen, bevat kinine. 0% suiker||Koel en droog bewaren.|None|None|C|Non-Organic|None|None|Ingrediënten: koolzuurhoudend water, voedingszuur (citroenzuur), natuurlijk aroma (waarvan natuurlijke kinine), zoetstoffen (cyclaamzuur, sacharine, acesulfaam-K), conserveermiddel (kaliumsorbaat).|100 Milliliter
496890|albert_heijn|None|Lipton Ice tea sparkling|Lipton|None|250.0|Milliliter|Home|Producten|Frisdrank, sappen, water|Ice tea|0.95|0.95|||||None|||3.8 per LT|€||https://www.ah.nl/producten/product/wi496890/ice-tea-sparkling|0|None|Verfrissende drank met thee-extract, gezoet met suiker en zoetstof van natuurlijke oorsprong. Low in calories|IJskoud serveren. Lipton Ice Tea bevat thee-extract. Een licht bezinksel is mogelijk.||None|None|D|Non-Organic|None|None|Ingrediënten: koolzuurhoudend water, suiker, fructose, thee-extract⁽¹⁾ (0,3%), voedingszuren (citroenzuur, appelzuur), zuurteregelaar (trinatriumcitraat), citroensap van geconcentreerd sap (0,1%), aroma's, antioxidant (ascorbinezuur), zoetstof (steviolglycosiden van Stevia). ⁽¹⁾Rainforest Alliance Certified. More information on ra.org.|100 Milliliter
496891|albert_heijn|None|Lipton Ice tea peach|Lipton|None|250.0|Milliliter|Home|Producten|Frisdrank, sappen, water|Ice tea|0.95|0.95|||||None|||3.8 per LT|€||https://www.ah.nl/producten/product/wi496891/ice-tea-peach|0|None|Verfrissende drank met thee-extract en perziksap, gezoet met suiker en zoetstof van natuurlijke oorsprong.|Rainforest Alliance logo Black Tea||None|None|C|Non-Organic|None|None|Ingrediënten: water, suiker, fructose, voedingszuren (appelzuur, citroenzuur), thee-extract(1) (0,12%), perziksap van geconcentreerd sap (0,1%), zuurteregelaar (trinatriumcitraat), aroma's, antioxidant (ascorbinezuur), zoetstof (steviolglycosiden van Stevia). (1)Rainforest Alliance Certified. More information on ra.org.|100 Milliliter
496892|albert_heijn|None|Fernandes Green punch blik|Fernandes|None|0.25|Liter|Home|Producten|Frisdrank, sappen, water|Tonic, ginger, bitter, crafts en speciaal fris|0.99|0.99|||||None|||3.96 per LT|€||https://www.ah.nl/producten/product/wi496892/green-punch-blik|0|None|Frisdrank met vruchtensmaak, suiker en zoetstoffen|Koel serveren|Uit de zon bij gematigde temperatuur in een droge en schone omgeving bewaren.|None|None|E|Non-Organic|None|None|Ingrediënten: Koolzuurhoudend water, suiker, voedingszuur: citroenzuur, aroma’s, conserveermiddel: kaliumsorbaat, antioxidant: ascorbinezuur, zoetstoffen: acesulfaam K, sucralose, kleurstoffen: E142, E160a.|100 Milliliter
496896|albert_heijn|None|Royal Club Bitter lemon 0%|Royal Club|None|0.25|Liter|Home|Producten|Frisdrank, sappen, water|Tonic, ginger, bitter, crafts en speciaal fris|0.89|0.89|||||None|||3.56 per LT|€||https://www.ah.nl/producten/product/wi496896/bitter-lemon-0|0|None|Bittere citroenfrisdrank, met zoetstoffen, bevatkinine. 0% suiker||Koel en droog bewaren.|None|None|C|Non-Organic|None|None|Ingrediënten: koolzuurhoudend water, citroensap uit concentraat (8%), voedingszuur (citroenzuur), zoetstoffen (cyclaamzuur, sacharine, acesulfaam-K), natuurlijk aroma (waarvan natuurlijke kinine), antioxidant (ascorbinezuur).|100 Milliliter
496983|albert_heijn|None|Lipton Ice tea green|Lipton|None|250.0|Milliliter|Home|Producten|Frisdrank, sappen, water|Ice tea|0.95|0.95|||||None|||3.8 per LT|€||https://www.ah.nl/producten/product/wi496983/ice-tea-green|0|None|Verfrissende drank met groene thee-extract, gezoet met suiker en zoetstof van natuurlijke oorsprong.|IJskoud serveren. Lipton Ice Tea bevat thee-extract. Een licht bezinksel is mogelijk.||None|None|C|Non-Organic|None|None|Ingrediënten: water, fructose, suiker, voedingszuren (citroenzuur, appelzuur), groene thee-extract(1) (0,12%), zuurteregelaar (trinatriumcitraat), antioxidant (ascorbinezuur), natuurlijk aroma, zoetstof (steviolglycosiden van Stevia). (1)Rainforest Alliance gecertificeerd. More information on ra.org.|100 Milliliter
503125|albert_heijn|None|Pepsi Regular cola|Pepsi|None|0.25|Liter|Home|Producten|Frisdrank, sappen, water|Cola|0.69|0.69|||||None|||2.76 per LT|€||https://www.ah.nl/producten/product/wi503125/regular-cola|0|None|Frisdrank met suiker en zoetstoffen. Bevat cafeïne||Koel en droog bewaren.|None|None|D|Non-Organic|None|None|ngrediënten: koolzuurhoudend water, suiker, kleurstof (sulfiet-ammoniakkaramel), aroma's (bevat cafeïne), voedingszuur (fosforzuur), zoetstoffen (acesulfaam-K, sucralose).|100 Milliliter
503255|albert_heijn|None|Pepsi Zero cola|Pepsi|None|0.25|Liter|Home|Producten|Frisdrank, sappen, water|Cola|0.69|0.69|||||None|||2.76 per LT|€||https://www.ah.nl/producten/product/wi503255/zero-cola|0|None|Calorie-arme frisdrank, met zoetstoffen zero sugar. Calorie-arme frisdrank, met zoetstoffen Bevat aspartaam (een bron van fenylalanine).||Koel en droog bewaren.|None|None|C|Non-Organic|None|None|Ingrediënten: koolzuurhoudend water, kleurstof (karamel E150d), zoetstoffen (E950, E951), voedingszuren (E338, E330), zuurteregelaar (E331), aroma’s (o.a. cafeïne).|100 Milliliter
515131|albert_heijn|None|AH Vitamin drink mango guave 0%|AH|None|500.0|Milliliter|Home|Producten|Frisdrank, sappen, water|Energy drink, sportdranken|0.69|0.69|||||None|||1.38 per LT|€||https://www.ah.nl/producten/product/wi515131/vitamin-drink-mango-guave-0|0|None|Koolzuurvrije drank met mango- en guavesmaak met toegevoegde vitaminen DIT PRODUCT BEVAT VAN NATURE AANWEZIGE SUIKERS met zoetstoffen||Ten minste houdbaar tot einde: zie bovenzijde. Vaak goed na deze datum. Kijk, ruik en proef. Koel, donker en droog bewaren. Na openen gekoeld bewaren (max. 7°C), beperkt houdbaar.|None|None|C|Non-Organic|None|None|"Ingrediënten: water, maltodextrine, voedingszuur (citroenzuur [E330]), antioxidant (ascorbinezuur [E300]), natuurlijk aroma, stabilisator (arabische gom [E414], xanthaangom [E415]), conserveermiddel (kaliumsorbaat [E202]), zoetstof (sucralose [E955], acesulfaam-K [E950]), vitaminen (B3, B5, B6, B8), kleurstof (bèta-apo-8'-carotenal (C30) [E160e]).
Waarvan toegevoegde suikers 0.00g per 100 milliliter en waarvan toegevoegd zout 0.00g per 100 milliliter"|100 Milliliter
515137|albert_heijn|None|AH Vitamin drink granaatappel 0%|AH|None|500.0|Milliliter|Home|Producten|Frisdrank, sappen, water|Energy drink, sportdranken|0.69|0.69|||||None|||1.38 per LT|€||https://www.ah.nl/producten/product/wi515137/vitamin-drink-granaatappel-0|0|None|Koolzuurvrije drank met granaatappel- en framboossmaak met toegevoegde vitaminen DIT PRODUCT BEVAT VAN NATURE AANWEZIGE SUIKERS met zoetstoffen||Ten minste houdbaar tot einde: zie bovenzijde. Vaak goed na deze datum. Kijk, ruik en proef. Koel, donker en droog bewaren. Na openen gekoeld bewaren (max. 7°C), beperkt houdbaar.|None|None|C|Non-Organic|None|None|"Ingrediënten: water, druivensap uit concentraat, voedingszuur (citroenzuur [E330]), kleurend concentraat (saffloer, wortel), conserveermiddel (kaliumsorbaat [E202]), zoetstof (steviolglycosiden uit Stevia [E960a], sucralose [E955]), groene thee-extract, vitaminen (B3, B5, B8), natuurlijk aroma.
Waarvan toegevoegde suikers 0.00g per 100 milliliter en waarvan toegevoegd zout 0.00g per 100 milliliter"|100 Milliliter
518830|albert_heijn|None|Coca-Cola Zero sugar zero caffeïne|Coca-Cola|None|250.0|Milliliter|Home|Producten|Frisdrank, sappen, water|Cola|0.79|0.79||0.79|||None|||3.16 per LT|€||https://www.ah.nl/producten/product/wi518830/zero-sugar-zero-caffeine|0|None|Frisdrank met plantenextracten, met zoetstoffen. Zero sugar, Zero caffeine, No calories, No sugar Bevat een bron van fenylalanine.||Koel, droog en geurvrij bewaren.|None|None|C|Non-Organic|None|None|Ingrediënten: Sprankelend water; kleurstof: E150d; voedingszuur: E338; zoetstoffen: aspartaam, acesulfaam-K; zuurteregelaar: E331 ; natuurlijke aroma's.|100 Milliliter
518833|albert_heijn|None|S. Pellegrino Aranciata rossa|S. Pellegrino|None|33.0|Centiliter|Home|Producten|Frisdrank, sappen, water|Tonic, ginger, bitter, crafts en speciaal fris|1.35|1.35|||||None|||4.09 per LT|€||https://www.ah.nl/producten/product/wi518833/aranciata-rossa|0|None|Bruisende drank met 5 %  sinaasappelsap op basis van concentraat en 10 % bloedsinaasappelsap van concentraat||Bewaren op een plaats beschut tegen vorst en zon, op een droge plaats, schoon en geurloos|None|None|E|Non-Organic|None|None|Water, sinaasappelsap uit concentraat (10 %), suiker, bloedsinaasappelsap uit concentraat (5 %), koolzuurgas, citroensapconcentraat, sinaasappelextract, zwarte wortelconcentraat, natuurlijk aroma.|100 Milliliter
518836|albert_heijn|None|S. Pellegrino Clementina|S. Pellegrino|None|33.0|Centiliter|Home|Producten|Frisdrank, sappen, water|Tonic, ginger, bitter, crafts en speciaal fris|1.35|1.35|||||None|||4.09 per LT|€||https://www.ah.nl/producten/product/wi518836/clementina|0|None|KOOLZUURHOUDENDE FRISDRANK MET CLEMENTINESAP- (9%) EN SINAASAPPELSAP (5%) UIT CONCENTRAAT||Ten minste houdbaar tot einde: zie onderkant blik. Bewaar op een koele, droge en reukloze plaats, beschermd tegen de zon en vorst.|None|None|E|Non-Organic|None|None|Ingrediënten: water. clementinesap uit concentraat (9%). suiker. sinaasappelsap uit concentraat (5%). geconcentreerd citroensap. kooldioxide. natuurlijk citrusaroma met andere natuurlijke aroma's. sinaasappel-extract (0.05%). mandarijn-extract (0.03%).|100 Milliliter
518845|albert_heijn|None|Royal Club Rose lemonade 0% suiker|Royal Club|None|0.25|Liter|Home|Producten|Frisdrank, sappen, water|Tonic, ginger, bitter, crafts en speciaal fris|0.89|0.89|||||None|||3.56 per LT|€||https://www.ah.nl/producten/product/wi518845/rose-lemonade-0-suiker|0|None|Frisdrank met roos-extract, met zoetstoffen. 0% suiker||Koel en droog bewaren.|None|None|C|Non-Organic|None|None|Ingrediënten: koolzuurhoudend water, voedingszuur (citroenzuur), natuurlijke aroma's, roos-extract, zoetstoffen (cyclaamzuur, acesulfaam-K, sucralose), zuurteregelaar (natriumcitraat), conserveermiddel (kalium-sorbaat), concentraat van zwarte wortel.|100 Milliliter
518889|albert_heijn|None|Coca-Cola Cherry zero sugar|Coca-Cola|None|500.0|Milliliter|Home|Producten|Frisdrank, sappen, water|Cola|1.75|1.75|||||None|||3.5 per LT|€||https://www.ah.nl/producten/product/wi518889/cherry-zero-sugar|0|None|Frisdrank met plantenextracten en kersensmaak en zoetstoffen Zero Sugar Bevat een bron van fenylalanine.||Koel, droog, geurvrij en uit het zonlicht bewaren.|None|None|C|Non-Organic|None|None|Ingrediënten: Sprankelend water; kleurstof: E150d; voedingszuur: E338; zoetstoffen: aspartaam, acesulfaam-K; natuurlijke aroma's; aroma cafeïne; zuurteregelaar: E331.|100 Milliliter
518901|albert_heijn|None|S. Pellegrino Limonata|S. Pellegrino|None|33.0|Centiliter|Home|Producten|Frisdrank, sappen, water|Tonic, ginger, bitter, crafts en speciaal fris|1.35|1.35|||||None|||4.09 per LT|€||https://www.ah.nl/producten/product/wi518901/limonata|0|None|BRUISENDE DRANK MET CITROENSAP UIT CONCENTRAAT (11 %)||Ten minste houdbaar tot einde : zie onderkant blik. Bewaar op een nette, koele, droge en reukloze plaats, beschermd tegen hitte en vorst.|None|None|E|Non-Organic|None|None|Ingrediënten: water. citroensap uit concentraat (11 %). suiker. citroensap (5 %). koolzuurgas. natuurlijk citroenaroma.|100 Milliliter
544488|albert_heijn|None|Sisi Orange no bubbles zero sugar|Sisi|None|0.15|Liter|Home|Producten|Frisdrank, sappen, water|Sinas, lemon, cassis|0.59|0.59|||||None|||3.93 per LT|€||https://www.ah.nl/producten/product/wi544488/orange-no-bubbles-zero-sugar|0|None|Koolzuurvrije drank met vruchtensap en zoetstoffen.|Schudden voor gebruik.|Koel en droog bewaren.|None|None|C|Non-Organic|None|None|Ingrediënten: water, 5,4% vruchtensap uit concentraat (sinaasappelsap 5,1%, mandarijnsap), voedingszuur (appelzuur, citroenzuur), natuurlijk sinaasappel aroma met andere natuurlijke aroma's, sinaasappel extract, antioxidant (ascorbinezuur), zoetstoffen (sucralose, acesulfaam-K), stabilisator (guar gom), kleurstof (bèta-caroteen).|100 Milliliter
544489|albert_heijn|None|Sisi Orange no bubbles zero sugar|Sisi|None|0.33|Liter|Home|Producten|Frisdrank, sappen, water|Sinas, lemon, cassis|1.25|1.25|||||None|||3.79 per LT|€||https://www.ah.nl/producten/product/wi544489/orange-no-bubbles-zero-sugar|0|None|Koolzuurvrije drank met vruchtensap en zoetstoffen.|Schudden voor gebruik|Koel, droog en donker bewaren. Na openen beperkt houdbaar.|None|None|C|Non-Organic|None|None|Ingrediënten: water, 5,4% vruchtensap uit concentraat (sinaasappelsap 5,1%, mandarijnsap), voedingszuur (appelzuur, citroenzuur), natuurlijk sinaasappel aroma met andere natuurlijke aroma's, sinaasappel extract, antioxidant (ascorbinezuur), conserveermiddel (kaliumsorbaat), zoetstoffen (sucralose, acesulfaam-K), stabilisator (guar gom), kleurstof (bèta-caroteen).|100 Milliliter
544490|albert_heijn|None|Sisi Mango no bubbles zero sugar|Sisi|None|0.33|Liter|Home|Producten|Frisdrank, sappen, water|Sinas, lemon, cassis|1.25|1.25|||||None|||3.79 per LT|€||https://www.ah.nl/producten/product/wi544490/mango-no-bubbles-zero-sugar|0|None|Koolzuurvrije drank met vruchtensap en zoetstoffen.|Schudden voor gebruik.|Koel, droog en donker bewaren. Na openen beperkt houdbaar.|None|None|C|Non-Organic|None|None|Ingrediënten: water, 5% vruchtensap uit concentraat (sinaasappelsap, passievruchtensap, mangosap 0,2%), voedingszuur (citroenzuur), zoetstoffen (cyclaamzuur, sacharine, sucralose), conserveermiddel (kaliumsorbaat), antioxidant (ascorbinezuur), stabilisator (arabische gom), aroma, kleurstoffen (apo-carotenal, bèta-caroteen).|100 Milliliter
550511|albert_heijn|None|Starbucks Tripleshot espresso no added sugar|Starbucks|None|300.0|Milliliter|Home|Producten|Frisdrank, sappen, water|Energy drink, sportdranken|2.59|2.59|||||None|||8.63 per LT|€||https://www.ah.nl/producten/product/wi550511/tripleshot-espresso-no-added-sugar|2.6|None|Melkdrank met Starbucks® Arabica koffie met zoetstof, gesteriliseerd. Zonder toegevoegde suikers Dit product bevat van nature aanwezige suikers Hoog cafeïnegehalte (44,4mg/100ml).|"Enjoy cold
Shake gently"|"Ten minste houdbaar tot: zie onderzijde.
Na openen gekoeld bewaren (max 7°C)."|None|None|C|Non-Organic|None|None|INGREDIËNTEN: MELK (3,3% vet) (75%), Starbucks® Arabica koffie (water, koffie-extract) (24,9%), zuurteregelaar (kaliumcarbonaat), zoetstof (acesulfaam-K).|100 Milliliter
553874|albert_heijn|None|Fanta Orange zero sugar|Fanta|None|250.0|Milliliter|Home|Producten|Frisdrank, sappen, water|Sinas, lemon, cassis|0.79|0.79||0.79|||None|||3.16 per LT|€||https://www.ah.nl/producten/product/wi553874/orange-zero-sugar|0|None|Frisdrank met sinaasappelsap, met zoetstoffen. No sugar Bevat een bron van fenylalanine.||Koel, droog en geurvrij bewaren.|None|None|C|Non-Organic|None|None|Ingrediënten: Sprankelend water; sinaasappelsap uit concentraat (4%); voedingszuren: citroenzuur, appelzuur, natriumcitraat; zoetstoffen: aspartaam, acesulfaam-K; conserveermiddel: kaliumsorbaat; antioxidant: ascorbinezuur; natuurlijke sinaasappelaroma’s met andere natuurlijke aroma’s; wortelconcentraat; stabilisator: guarpitmeel; kleurstof: carotenen.|100 Milliliter
553875|albert_heijn|None|Sprite Zero sugar lemon-lime|Sprite|None|250.0|Milliliter|Home|Producten|Frisdrank, sappen, water|Sinas, lemon, cassis|0.79|0.79||0.79|||None|||3.16 per LT|€||https://www.ah.nl/producten/product/wi553875/zero-sugar-lemon-lime|0|None|Frisdrank met natuurlijke citroen-limoen aroma’s met zoetstoffen Zero sugar Bevat een bron van fenylalanine.||Koel, droog, en geurvrij  bewaren.|None|None|C|Non-Organic|None|None|Ingrediënten: Sprankelend water; voedingszuren: citroenzuur, wijnsteenzuur; zuurteregelaar: natriumcitraten; zoetstoffen: aspartaam, acesulfaam-K, sucralose; natuurlijke citroen-limoen aroma's; conserveermiddel: natriumbenzoaat|100 Milliliter
553878|albert_heijn|None|S. Pellegrino Aranciata|S. Pellegrino|None|33.0|Centiliter|Home|Producten|Frisdrank, sappen, water|Tonic, ginger, bitter, crafts en speciaal fris|1.35|1.35|||||None|||4.09 per LT|€||https://www.ah.nl/producten/product/wi553878/aranciata|0|None|KOOLZUURHOUDENDE FRISDRANK MET SINAASAPPELSAP UIT CONCENTRAAT (16%)||Ten minste houdbaar tot einde: zie onderkant blik. Bewaar op een koele, droge en reukloze plaats, beschermd tegen de zon en vorst.|None|None|D|Non-Organic|None|None|Ingrediënten: water. sinaasappelsap uit concentraat (16%). suiker. kooldioxide. citroensap uit concentraat. sinaasappelextract (0.1%). natuurlijk sinaasappelaroma.|100 Milliliter
568194|albert_heijn|None|Extran Performance blasting blueberry|Extran|None|500.0|Milliliter|Home|Producten|Energie voeding, sportvoeding|Sportvoeding|1.29|1.29|||||None|||2.58 per LT|€||https://www.ah.nl/producten/product/wi568194/performance-blasting-blueberry|0|None|SPORTDRANK MET BLAUWE BESSENSMAAK, GEZOET MET SUIKER EN ZOETSTOF. KORT VERHIT.|Koel serveren.|"Ten minste houdbaar tot: zie flesje.
Na openen koel bewaren (max. 7°C) en beperkt houdbaar."|None|None|C|Non-Organic|None|None|"Ingrediënten: Water, fructose-siroop, maltodextrine, glucose, voedingszuur (citroenzuur), zout, aroma, antioxidant (L-ascorbinezuur), kleurstof (E133), zoetstof (sucralose), stabilisator (E445), conserveermiddelen (E202, E211, E242)
"|100 Milliliter
568305|albert_heijn|None|Schweppes Lemon zero|Schweppes|None|0.33|Liter|Home|Producten|Frisdrank, sappen, water|Sinas, lemon, cassis|1.19|1.19|||||None|||3.61 per LT|€||https://www.ah.nl/producten/product/wi568305/lemon-zero|0|None|Niet bruisende vruchtenfrisdrank met bronwater. SCH_FZE048R0100|Uit de zon en op een koele plaats bewaren.  Koel schenken.|Uit de zon en op een koele plaats bewaren.  Koel schenken.|None|None|C|Non-Organic|None|None|Ingrediënten: koolzuurhoudend water, natuurlijke extracten van citroen, voedingszuur: citroenzuur, natuurlijke aroma's van citroen met andere natuurlijke aroma's, zoetstoffen: acesulfaam K en sucralose, bewaarmiddel E202,  gemodificeerd zetmeel, stabilisatoren (E445, E444).|100 Milliliter
568466|albert_heijn|None|Cucumis Original|Cucumis|None|330.0|Milliliter|Home|Producten|Frisdrank, sappen, water|Tonic, ginger, bitter, crafts en speciaal fris|1.79|1.79|||||None|||5.42 per LT|€||https://www.ah.nl/producten/product/wi568466/original|0|None|Koolzuurhoudende komkommer-frisdrank met(5%) fruitsap|||None|None|C|Non-Organic|None|None|Ingrediënten: natuurlijk mineraalwater, suiker, kooldioxide, komkommersap-concentraat (5%), natuurlijk aroma, zuurteregelaar citroenzuur, antioxydant ascorbinezuur, stabilisator Pectine, kleurstof koperchlorofylline, basilicum-extract.|100 Milliliter
568480|albert_heijn|None|Why Not Pomegranate & cucumber|Why Not|None|330.0|Milliliter|Home|Producten|Frisdrank, sappen, water|Tonic, ginger, bitter, crafts en speciaal fris|1.79|1.79|||||None|||5.42 per LT|€||https://www.ah.nl/producten/product/wi568480/pomegranate-en-cucumber|0|None|Biologische frisdranken met granaatappel- en komkommersmaak||Bewaar op een koele en droge plaats. Uit direct zonlicht houden. Eenmaal geopend, gekoeld bewaren en binnen enkele dagen consumeren.|None|None|C|Organic|None|None|Ingrediënten: water, rietsuiker* granaatappelsap (7%) uit concentraat*, appelsap uit concentraat*, koolstofdioxide, natuurlijk granaatappel aroma, vlierbessensap uit concentraat*, natuurlijk komkommer aroma, citroensap uit concentraat*. *gecertificeerd biologisch|100 Milliliter
568481|albert_heijn|None|Why Not Peach & ginger|Why Not|None|330.0|Milliliter|Home|Producten|Frisdrank, sappen, water|Tonic, ginger, bitter, crafts en speciaal fris|1.79|1.79|||||None|||5.42 per LT|€||https://www.ah.nl/producten/product/wi568481/peach-en-ginger|0.3|None|Biologische frisdranken met perzik- en gembersmaak||Bewaar op een koele en droge plaats. Uit direct zonlicht houden. Eenmaal geopend, gekoeld bewaren en binnen enkele dagen comsumeren.|None|None|C|Organic|None|None|Ingrediënten: water, rietsuiker*, perziksap (6,3%) uit concentraat*, koolstofdioxide, natuurlijk perzikaroma, citroensap uit concentraat*, geroosterde GERST moutextract*, natuurlijk gemberaroma. *gecertificeerd biologisch|100 Milliliter
568482|albert_heijn|None|Why Not Raspberry & thyme|Why Not|None|330.0|Milliliter|Home|Producten|Frisdrank, sappen, water|Tonic, ginger, bitter, crafts en speciaal fris|1.79|1.79|||||None|||5.42 per LT|€||https://www.ah.nl/producten/product/wi568482/raspberry-en-thyme|0.3|None|Biologische frisdranken met frambozen- en tijmsmaak||Bewaar op een koele en droge plaats. Uit direct zonlicht houden. Eenmaal geopend, gekoeld bewaren en binnen enkele dagen consumeren.|None|None|C|Organic|None|None|Ingrediënten: water, rietsuiker*, appelsap (9%) uit concentraat*, koolstofdioxide, frambozensap (4,5%) uit concentraat*, natuurlijk frambozenaroma, vlierbessensap uit concentraat*, tijmextract. *gecertificeerd biologisch.|100 Milliliter
569109|albert_heijn|None|Lipton Ice tea sparkling zero sugar|Lipton|None|250.0|Milliliter|Home|Producten|Frisdrank, sappen, water|Ice tea|0.95|0.95|||||None|||3.8 per LT|€||https://www.ah.nl/producten/product/wi569109/ice-tea-sparkling-zero-sugar|0|None|Verfrissende drank met thee-extract en zoetstoffen.|IJskoud serveren. Lipton Ice Tea bevat thee-extract. Een licht bezinksel is mogelijk.||None|None|C|Non-Organic|None|None|Ingrediënten: koolzuurhoudend water, voedingszuren (citroenzuur, appelzuur), thee-extract(1) (0,24%), zuurteregelaar (trinatriumcitraat), citroensap van geconcentreerd sap (0,1%), aroma's, antioxidant (ascorbinezuur), zoetstoffen (sucralose, acesulfaam-k). (1)Rainforest Alliance Certified. More information on ra.org.|100 Gram
570950|albert_heijn|None|NXT Level Pre-workout shot orange flavour|NXT Level|None|60.0|Milliliter|Home|Producten|Energie voeding, sportvoeding|Sportvoeding|1.99|1.99|||||None|||33.17 per LT|€||https://www.ah.nl/producten/product/wi570950/pre-workout-shot-orange-flavour||None|Voedingssupplement op basis van aminozuren, cafeïne en vitamine B6. Met zoetstof. Bevat cafeïne (75 mg per dosering). Niet geschikt voor kinderen of zwangere vrouwen. Een voedingssupplement mag niet als vervanging van een gevarieerde en evenwichtige voeding en van een gezonde levenswijze worden gebruikt. Verpakt onder beschermende atmosfeer. Buiten bereik van kinderen houden.|Schudden voor gebruik.|Donker en droog bewaren.|None|None||Non-Organic|None|None|water, voedingszuur: citroenzuur; L-arginine alfa-ketoglutaraat (1250 mg), L-citrulline DL-malaat (1250 mg), L-carnitine L-tartraat (1000 mg), beta-alanine (1000 mg), taurine (250 mg), conserveermiddelen: kaliumsorbaat, natriumbenzoaat; aroma, cafeïne (75 mg), zoetstoffen: acesulfaam K, sucralose, steviolglycosiden; pyridoxine hydrochloride (vitamine B6); kleurstof: carotenen.|
583265|albert_heijn|None|Red Bull Zero|Red Bull|None|250.0|Milliliter|Home|Producten|Frisdrank, sappen, water|Energy drink, sportdranken|1.69|1.69||1.69|||None|||6.76 per LT|€||https://www.ah.nl/producten/product/wi583265/zero|0|None|Energie Drink met zoetstoffen Zero calories, Zero sugar Niacine en vitamine B6 dragen bij tot de vermindering van vermoeidheid en moeheid en een normaal energieleverend metabolisme. Een gevarieerde en evenwichtige voeding en een gezonde levensstijl zijn aanbevolen. Hoog cafeïnegehalte. Niet aan bevolen voor kinderen en vrouwen die zwanger zijn of borstvoeding geven (32 mg/100 ml). Gepasteuriseerd.|Drink met mate.||None|None|C|Non-Organic|None|None|Ingrediënten: koolzuurhoudend water, voedingszuur (citroenzuur), taurine (0,4%), zuurteregelaars (natriumcarbonaten, magnesiumcarbonaten), zoetstoffen (acesulfaam-K, sucralose, steviolglycosiden uit stevia), cafeïne (0,03%), vitaminen, (niacine, pantotheenzuur, riboflavine, vitamine B6, vitamine B12), aroma's, verdikkingsmiddel (xanthaangom), smaakversterker (thaumatine), kleurstof (karamel).|100 Milliliter
588996|albert_heijn|None|Royal Club Ginger beer 0% suiker|Royal Club|None|0.25|Liter|Home|Producten|Frisdrank, sappen, water|Tonic, ginger, bitter, crafts en speciaal fris|0.89|0.89|||||None|||3.56 per LT|€||https://www.ah.nl/producten/product/wi588996/ginger-beer-0-suiker|0|None|Frisdrank met plantenextracten enzoetstoffen. 0% suiker||Koel en droog bewaren.|None|None|C|Non-Organic|None|None|Ingrediënten: koolzuurhoudend water, voedingszuur (citroenzuur), zoetstoffen (cyclaamzuur, sucralose, sacharine), natuurlijk gember aroma, conserveermiddel (kaliumsorbaat), stabilisator (arabische gom, glycerol esters van houthars), antioxidant (ascorbinezuur), kleurstof (sulfiet-ammoniakkaramel).|100 Milliliter
588998|albert_heijn|None|Lipton Ice tea green citrus sparkling no sugar|Lipton|None|250.0|Milliliter|Home|Producten|Frisdrank, sappen, water|Ice tea|0.95|0.95|||||None|||3.8 per LT|€||https://www.ah.nl/producten/product/wi588998/ice-tea-green-citrus-sparkling-no-sugar|0|None|Verfrissende drank met groene thee-extract en sinaasappelsap, met zoetstoffen.|IJskoud serveren. Lipton Ice Tea bevat thee-extract. Een licht bezinksel is mogelijk.||None|None|C|Non-Organic|None|None|Ingrediënten: koolzuurhoudend water, voedingszuren (citroenzuur, appelzuur), groene thee-extract(1) (0,12%), sinaasappelsap van geconcentreerd sap (0,1%), zuurteregelaar (trinatriumcitraat), aroma's, antioxidant (ascorbinezuur), zoetstoffen (acesulfaam-k, sucralose, steviolglycosiden van Stevia). (1)Rainforest Alliance Certified. More information on ra.org.|100 Gram
593830|albert_heijn|None|AH Cassis zero sugar|AH|None|1.5|Liter|Home|Producten|Frisdrank, sappen, water|Sinas, lemon, cassis|1.89|1.89|||||None|||1.26 per LT|€||https://www.ah.nl/producten/product/wi593830/cassis-zero-sugar|0|None|Suikervrije, koolzuurhoudende frisdrank	 met 3% zwartebessensap uit concentraat met zoetstoffen||Ten minste houdbaar tot en met: zie bovenzijde. Vaak goed na deze datum. Kijk, ruik en proef. Koel, donker en droog bewaren. Na openen gekoeld bewaren (max. 7°C), beperkt houdbaar. De verpakking goed sluiten na gebruik.|None|None||Non-Organic|None|None|"Ingrediënten: koolzuurhoudend water, zwartebessensap uit concentraat, voedingszuur (citroenzuur [E330]), natuurlijke aroma's, conserveermiddel (kaliumsorbaat [E202], natriumbenzoaat [E211]), zoetstof (cyclamaten [E952], sacharinen [E954], sucralose [E955], acesulfaam-K [E950]), kleurend concentraat (zwarte wortel, hibiscus).
Waarvan toegevoegde suikers 0.00g per 100 milliliter en waarvan toegevoegd zout 0.00g per 100 milliliter"|100 Milliliter
593832|albert_heijn|None|Punchy Everyday hydration mango|Punchy|None|330.0|Milliliter|Home|Producten|Frisdrank, sappen, water|Tonic, ginger, bitter, crafts en speciaal fris|1.99|1.99|||||None|||6.03 per LT|€||https://www.ah.nl/producten/product/wi593832/everyday-hydration-mango|0|None|Punchy - Mango Hydr. 330ml|||None|None||Non-Organic|None|None|Koolzuurhoudend water, agavesiroop, bietsuiker, vruchtensap uit concentraat (citroen, mango), citroenzuur, natuurlijke Valenciaanse sinaasappelaroma, natuurlijke aroma’s, mineralenmix (magnesium, kalium, Himalayazout, zink), vitamines (C & D).|100 Gram
593833|albert_heijn|None|Punchy Everyday hydration blueberry|Punchy|None|330.0|Milliliter|Home|Producten|Frisdrank, sappen, water|Tonic, ginger, bitter, crafts en speciaal fris|1.99|1.99|||||None|||6.03 per LT|€||https://www.ah.nl/producten/product/wi593833/everyday-hydration-blueberry|0|None|Punchy - Blueberry Hydr. 330ml|||None|None||Non-Organic|None|None|Koolzuurhoudend water, agavesiroop, bietensuiker, vruchtensap uit concentraat (bosbes, citroen), citroenzuur, natuurlijke smaakstoffen, mineralenmengsel (magnesium, kalium, Himalayazout, calcium, zink), vitaminen (C en D)|100 Gram
594058|albert_heijn|None|Schweppes Pink grapefruit 6-pack|Schweppes|None|0.33|Liter|Home|Producten|Frisdrank, sappen, water|Tonic, ginger, bitter, crafts en speciaal fris|6.89|6.89|||||None|||3.48 per LT|€||https://www.ah.nl/producten/product/wi594058/pink-grapefruit-6-pack|0|None|Verfrissende frisdrank met grapefruitsmaak, met suiker en zoetstof SCH_FRU005R0101|Uit de zon en op een koele plaats bewaren.  Koel schenken.|Uit de zon en op een koele plaats bewaren.  Koel schenken.|None|None|D|Non-Organic|None|None|water, suiker, grapefruitsap uit concentraat 3%, voedingszuur: citroenzuur, conserveermiddel: kaliumsorbaat, gemodificeerd zetmeel, kleurstoffen: karmijnzuur en anthocyanen, natuurlijk sinaasappelaroma, natuurlijk grapefruitaroma, aroma, stabilisatoren: E445 en E444, zoetstof: sucralose , wortel- en saffloerconcentraten|100 Milliliter
594059|albert_heijn|None|Schweppes Orange passion 6-pack|Schweppes|None|0.33|Liter|Home|Producten|Frisdrank, sappen, water|Tonic, ginger, bitter, crafts en speciaal fris|6.89|6.89|||||None|||3.48 per LT|€||https://www.ah.nl/producten/product/wi594059/orange-passion-6-pack|0|None|Verfrissende koolzuurhoudende drank met passie-sinaasappelsmaak, met suiker en zoetstoffen SCH_FRU005R0101|Uit de zon en op een koele plaats bewaren.  Koel schenken.|Uit de zon en op een koele plaats bewaren.  Koel schenken.|None|None|D|Non-Organic|None|None|koolzuurhoudend water, suiker, sinaasappelextracten 0,9%, zuurteregelaar: citroenzuur, natuurlijk limoenaroma, natuurlijk aroma, natuurlijk sinaasappelaroma, conserveermiddel: kaliumsorbaat, antioxidant: ascorbinezuur, stabilisatoren: E445 en E444, gemodificeerd zetmeel, zoetstoffen: acesulfaam K en sucralose, kleuren: carotenen en karmijnzuur|100 Milliliter
594063|albert_heijn|None|AH Sinas zero sugar 6-pack|AH|None|330.0|Milliliter|Home|Producten|Frisdrank, sappen, water|Sinas, lemon, cassis|2.59|2.59|||||None|||1.31 per LT|€||https://www.ah.nl/producten/product/wi594063/sinas-zero-sugar-6-pack|0|None|Suikervrije, koolzuurhoudende frisdrank met 4% sinaasappelsap uit concentraat met zoetstoffen||Ten minste houdbaar tot en met: zie onderzijde. Vaak goed na deze datum. Kijk, ruik en proef. Koel en droog bewaren.|None|None||Non-Organic|None|None|"Ingrediënten: koolzuurhoudend water, sap uit concentraat (sinaasappel, wortel), voedingszuur (citroenzuur [E330]), natuurlijke aroma's, zuurteregelaar (natriumcitraten [E331]), zoetstof (acesulfaam-K [E950], sucralose [E955], sacharinen [E954]), antioxidant (ascorbinezuur [E300]), conserveermiddel (kaliumsorbaat [E202]), kleurstof (carotenen [E160a]).
Waarvan toegevoegde suikers 0.00g per 100 milliliter en waarvan toegevoegd zout 0.00g per 100 milliliter"|100 Milliliter
594165|albert_heijn|None|Upfront Soda sinaasappel smaak|Upfront|None|330.0|Milliliter|Home|Producten|Frisdrank, sappen, water|Tonic, ginger, bitter, crafts en speciaal fris|1.29|1.29|||||None|||3.91 per LT|€||https://www.ah.nl/producten/product/wi594165/soda-sinaasappel-smaak|0.1|None|Frisdrank met sinaasappelsmaak, vezel, vitamine C en zoetstof “Gebruik als onderdeel van een gevarieerd en gebalanceerd dieet en een gezonde levensstijl|Gekoeld het lekkerst|Koel, droog en uit de buurt van direct zonlicht bewaren.|None|None||Non-Organic|None|None|bruisend water, fruitsap uit concentraat (appel, citroen, sinaasappel), acacia vezel, natuurlijk sinaasappel aroma, zoetstof: stevioglycosiden van stevia; wortelsap concentraat, kleurstof: betacarotenen|100 Milliliter
594166|albert_heijn|None|Upfront Soda limoen smaak|Upfront|None|330.0|Milliliter|Home|Producten|Frisdrank, sappen, water|Tonic, ginger, bitter, crafts en speciaal fris|1.29|1.29|||||None|||3.91 per LT|€||https://www.ah.nl/producten/product/wi594166/soda-limoen-smaak|0.1|None|Frisdrank met limoen- en citroensmaak, vezel en zoetstof “Gebruik als onderdeel van een gevarieerd en gebalanceerd dieet en een gezonde levensstijl|Gekoeld het lekkerst|Koel, droog en uit de buurt van direct zonlicht bewaren.|None|None||Non-Organic|None|None|Bruisend water, fruitsap uit concentraat (appel, citroen, limoen), acacia vezel, natuurlijk citroen-limoen aroma, zoetstof: stevioglycosiden van stevia|100 Milliliter
594353|albert_heijn|None|Vitwater Impulse zwarte bessen druif|Vitwater|None|500.0|Milliliter|Home|Producten|Frisdrank, sappen, water|Energy drink, sportdranken|1.19|1.19|||||None|||2.38 per LT|€||https://www.ah.nl/producten/product/wi594353/impulse-zwarte-bessen-druif|0|None|Koolzuurvrije drank met blauwe bes-acai smaak, met toegevoegde vitaminen, met zoetstof. No sugar - 0 kcal. Vitamine B3, B5 en B6 dragen bij tot de vermindering van vermoeidheid en moeheid. Een gevarieerd, uitgebalanceerd dieet en een gezonde levensstijl zijn belangrijk.||Op een droge, koele, reukloze plaats, uit het zonlicht bewaren.|None|None||Non-Organic|None|None|Ingrediënten: water, voedingszuur: citroenzuur, natuurlijk aroma's, zuurteregelaar: natriumcitraat, conserveermiddel: kaliumsorbaat, zoetstof: sucralose, stabilisators: E444, E445, vitamines: niacine (B3), pantotheenzuur (B5), Vitamine B6, kleurstof: Briljantblauw FCF.|100 Milliliter
594777|albert_heijn|None|Fuze Tea Black tea peach hibiscus 24-pack|Fuze Tea|None|330.0|Milliliter|Home|Producten|Frisdrank, sappen, water|Ice tea|24.09|24.09|||||None|||3.04 per LT|€||https://www.ah.nl/producten/product/wi594777/black-tea-peach-hibiscus-24-pack|0|None|Frisdrank op basis van getrokken zwarte thee, met perziksap, met thee- en hibiscussmaak, met suiker en zoetstof. Low in calories||Koel en droog bewaren.|None|None|D|Non-Organic|None|None|Ingrediënten: Getrokken zwarte thee 91% (water, geconcentreerde zwarte thee infusie+); perziksap uit concentraat (5%); suiker; voedingszuren: citroenzuur, natriumcitraten, appelzuur; natuurlijk perzikaroma; natuurlijke aroma’s; antioxidant: ascorbinezuur; hibiscusextract; zoetstof: steviolglycosiden uit Stevia. *Rainforest Alliance Certified. Find out more at ra.org.|100 Milliliter
594778|albert_heijn|None|Fuze Tea Green tea mango chamomile 24-pack|Fuze Tea|None|330.0|Milliliter|Home|Producten|Frisdrank, sappen, water|Ice tea|24.09|24.09|||||None|||3.04 per LT|€||https://www.ah.nl/producten/product/wi594778/green-tea-mango-chamomile-24-pack|0|None|Frisdrank op basis van getrokken groene thee en kamille-extracten, met mangosmaak, met suiker en zoetstof. Low in calories||Koel, droog, en geurvrij  bewaren.|None|None|D|Non-Organic|None|None|Ingrediënten: Getrokken groene thee 94% (water, geconcentreerde groene thee infusie⁺); suiker; mangosap uit concentraat (1%); voedingszuren: citroenzuur, natriumcitraat; antioxidant: ascorbinezuur; natuurlijke aroma’s; zoetstof: steviolglycosiden uit Stevia; kamille-extracten.|100 Milliliter
